date,gdp_growth,inflation,output_gap
2000-01-01,0.5,0.5,0.0
2000-04-01,0.6523585398772157,0.21300476812785135,0.15235853987721568
2000-07-01,0.9496326830536083,0.6138906796007209,0.49711242980500114
2000-10-01,-0.3520168573709078,0.2365512578144896,-0.5778276504829173
2001-01-01,0.33466001859092137,0.20311225989852266,-0.39834191880269115
2001-04-01,0.47168620083527973,0.0529984045864379,-0.32707411379429735
2001-07-01,0.9759050072233544,0.444020773880955,0.1780396963959764
2001-10-01,0.6813847735595189,0.847782154168246,0.17544710589738913
2002-01-01,0.7533918877770538,0.5197290077307766,0.3741123558439341
2002-04-01,0.7584200576012878,0.26381511955169656,0.4836652767163967
2002-07-01,1.040369655978853,0.35761381327037617,0.8261573720267537
2002-10-01,0.5839183336939878,0.24806928876702358,0.5684947158487726
2003-01-01,1.1616392405685092,0.3064855742009753,1.0660664420160333
2003-04-01,0.5036793036689017,0.3169817988226393,0.638689242531273
2003-07-01,0.7855602039950809,0.5067044436685161,0.7771059868016927
2003-10-01,0.7913639226296668,0.6732174216700801,0.8280510952393484
2004-01-01,1.6409112350571227,0.5388958863851548,1.7332646766267095
2004-04-01,0.5822624173428526,0.3651408637481013,1.130490376765599
2004-07-01,0.8461543501157935,0.7734034133070811,1.212382012700227
2004-10-01,0.5195322348765924,0.481643163731988,0.912931881332744
2005-01-01,0.09545474624415906,0.7083046627036316,0.31810489722057556
2005-04-01,0.7294330432046057,0.8135322816963084,0.6261110033781816
2005-07-01,0.20472183114740367,0.825592646267662,0.16813394905819817
2005-10-01,0.43720018928781895,0.8037575229634375,0.19285006381692266
2006-01-01,0.8864986934640968,0.8015689401712018,0.5899944400276331
2006-04-01,0.9252494955580564,0.7756969136397136,0.8114523335580539
2006-07-01,0.7445648566484375,0.9286367820772644,0.7937215661914352
2006-10-01,-0.1980721311410284,0.7413726253793166,-0.093600656974685
2007-01-01,0.0312547709733621,0.4673938767354676,-0.31006685272614576
2007-04-01,0.22506591800511996,0.9272208456338142,-0.38562460779425844
2007-07-01,-0.058117867008467106,1.1007913942213703,-0.7414152440820284
2007-10-01,-0.5689493853325795,0.8171825736088033,-1.4345670810735252
2008-01-01,0.2289734595918486,0.8694470316673167,-1.0662771323063174
2008-04-01,0.7373606246072504,1.0080657657066916,-0.4974084159486265
2008-07-01,0.3460390746872871,0.7538085294256766,-0.57228926888312
2008-10-01,0.8574188100921953,0.6375766268678535,-0.02884347447791913
2009-01-01,-0.04437518132808771,0.29918841511106314,-0.6609179412512962
2009-04-01,-0.10295753891033832,0.506361354727469,-0.9884604960018426
2009-07-01,0.3896894708894342,0.7064506775840419,-0.7195555287661916
2009-10-01,0.23263545034015892,0.7115618551763152,-0.7892707461812204
2010-01-01,0.7114296465680845,0.5669211092243571,-0.31862139996130795
2010-04-01,0.7851244018266953,0.3838384764654589,-0.026509501190340623
2010-07-01,0.4156265496189268,0.3434217854176573,-0.2027345242348084
2010-10-01,-0.10757403645060759,0.557268321508981,-0.7601074421823666
2011-01-01,0.07729978681255767,0.5384573588520625,-0.8427871238472553
2011-04-01,0.6097175296115155,0.6647444933460548,-0.4338563696248498
2011-07-01,0.8491333640352422,0.616261376469987,-0.014392541213486765
2011-10-01,0.38146471554149697,0.5999241684588332,-0.22316318899286627
2012-01-01,-0.38922021916244914,0.15488641197133196,-1.0221977681733079
2012-04-01,-0.39360451312306916,-0.06021457085863463,-1.4791080207158476
2012-07-01,0.48782721651066097,-0.1834741418652159,-0.9833993032109599
2012-10-01,0.37561430212002495,0.43572795085570154,-0.9758007195884628
2013-01-01,0.29097951001972433,0.6950449512451183,-0.9587725612014832
2013-04-01,-0.049019482123533076,0.58944917401228,-1.2338268889661252
2013-07-01,-0.14866178949357856,0.45845352493225056,-1.4620725386281908
2013-10-01,0.7297101793873991,-0.05471174897980807,-0.7495039621738548
2014-01-01,0.8415960504871292,0.2195079653831877,-0.38239134796615526
2014-04-01,0.3334530407594227,-0.08808197802394846,-0.6029880562213215
2014-07-01,0.5449088638871564,-0.05383254529793349,-0.44632569112012244
2014-10-01,0.6851940193732922,0.14611830514283727,-0.24072244721874597
2015-01-01,1.3918358209581618,0.21473582632674343,0.608311487885461
2015-04-01,0.2843284173438416,0.4236895599635233,-0.025099556002563694
2015-07-01,0.5529279111926827,0.8685553854137893,0.08991869718383162
2015-10-01,0.896578457773715,0.8926964830941394,0.4894905807043546
2016-01-01,1.3113553346324816,0.4630875447577281,1.1232439101732645
2016-04-01,0.4272220795390977,0.26175626564037635,0.5787193617637378
2016-07-01,0.3070860957198076,-0.058415354341674275,0.26807058783310633
2016-10-01,0.8155428375573118,0.05779674761718641,0.5320319436736872
2017-01-01,-0.09651997074585406,-0.07343885915236636,-0.3097775923123791
2017-04-01,0.5351448184165781,0.3452047704243652,-0.09106515012480565
2017-07-01,1.5243884143284303,1.2925593200200833,0.9255133257460487
2017-10-01,0.935265308934519,0.8341495087209205,0.9476153772348372
2018-01-01,-0.4688584985573909,0.8609813602545211,-0.3079308385777848
2018-04-01,-0.2332262332478324,0.6046368491963896,-0.6528152185173909
2018-07-01,-0.036479954423892735,0.5193472168501655,-0.8283005743438168
2018-10-01,0.8701114073816374,0.5588336243075246,-0.12965034408123166
2019-01-01,0.5258326412643946,0.2739929815366056,-0.1830376937843295
2019-04-01,-0.30699097812652065,0.2221943464168444,-0.9837716273796421
2019-07-01,0.2587919965111991,0.82056546765943,-0.8139085773128739
2019-10-01,0.4607183129238597,1.032157280494078,-0.5859896011138563
2020-01-01,0.1853519665581741,0.5400628820669402,-0.7184394801606611
2020-04-01,-0.08095907935542773,0.3197437964140408,-1.0573099652447149
2020-07-01,1.4079727627695497,0.1233566997547414,0.21838689402181033
2020-10-01,1.229300760723563,0.03587017454068864,0.5939541170856207
2021-01-01,1.230989717200122,0.35205945004641914,0.9409498001056187
2021-04-01,0.6557720213263495,0.4457623430518693,0.6744408912554498
2021-07-01,0.22476152437802271,0.6286439016472501,0.2121588652896647
2021-10-01,0.17707232697829176,0.23360707824180188,-0.05776464793865824
2022-01-01,-0.20920779689050228,0.37415494643481173,-0.6851805055107363
2022-04-01,1.0893677944945857,0.4494455567318746,0.24140122379662843
2022-07-01,0.6225466196202469,0.6048281213178044,0.13380181598236146
2022-10-01,1.179282044607706,0.6703217663126323,0.7600423236393016
2023-01-01,0.48128882133418,1.0100759516671944,0.40257024349457277
2023-04-01,0.6577572704643413,1.3418444048325426,0.536434414026465
2023-07-01,0.5547599592670012,0.7548382373898468,0.5207647498321251
2023-10-01,-0.1931354355817168,1.2014031438056176,-0.2674677997571324
2024-01-01,1.0837519153365718,0.9274696649000662,0.6478586205859426
2024-04-01,0.44078494754297093,1.2918496488695355,0.32669323590076016
2024-07-01,-0.15047232164580626,0.8079158958990753,-0.29216825230113586
2024-10-01,0.5957301112608728,0.5896359741891855,0.08792879550361352
