date,eurusd,log_return
2020-01-02,1.1,0.0
2020-01-03,1.0981692038277084,-0.0016657467427269729
2020-01-06,1.0993092102985509,0.0010375588363323723
2020-01-07,1.1029237734015451,0.003282637555187984
2020-01-08,1.1060278714964693,0.0028104735975587603
2020-01-09,1.104088383472921,-0.0017551009066159168
2020-01-10,1.0953654064735294,-0.007931990000537806
2020-01-13,1.0912074700118068,-0.0038031583745874314
2020-01-14,1.0923285929594002,0.0010268875931329358
2020-01-15,1.087216939659903,-0.004690576631686955
2020-01-16,1.090030930199224,0.002584907437633302
2020-01-17,1.0951964567527857,0.004727687567562103
2020-01-20,1.1031893478357693,0.007271632018395341
2020-01-21,1.10203221549186,-0.001049447791869787
2020-01-22,1.1110283171086046,0.00813005431711672
2020-01-23,1.1108506682055619,-0.0001599087120365411
2020-01-24,1.1006926130217978,-0.009186459706482533
2020-01-27,1.0814697407262166,-0.017618642827535586
2020-01-28,1.0831940516860417,0.0015931447004166044
2020-01-29,1.099169440752048,0.01464070901223341
2020-01-30,1.0963795620073213,-0.002541396473320981
2020-01-31,1.0838394107872447,-0.01150369725981544
2020-02-03,1.082420407512774,-0.00131009536847089
2020-02-04,1.0763830291555945,-0.0055932781970338685
2020-02-05,1.0730836751793482,-0.0030699303793023797
2020-02-06,1.0652465196653977,-0.007330196828201185
2020-02-07,1.0662451327959461,0.0009370087867426324
2020-02-10,1.067510052593606,0.0011856279994043734
2020-02-11,1.0623428853651182,-0.004852144741148624
2020-02-12,1.0500190832523246,-0.01166839975436789
2020-02-13,1.0595949554959005,0.00907837911149862
2020-02-14,1.055869497796073,-0.003522121627075374
2020-02-17,1.0532107049614938,-0.0025212832016242373
2020-02-18,1.0630361445653587,0.009285788381961861
2020-02-19,1.058947712345786,-0.0038534103501985384
2020-02-20,1.0567431571602595,-0.002084005763962185
2020-02-21,1.0600075917313998,0.0030843850281822988
2020-02-24,1.0718420057505673,0.011102598982264109
2020-02-25,1.0702754163360628,-0.00146265529391007
2020-02-26,1.0716514249581857,0.0012848326888546951
2020-02-27,1.0664410038370755,-0.004873906633203889
2020-02-28,1.0729983627329753,0.006129997916373933
2020-03-02,1.0716213623704094,-0.0012841442570667577
2020-03-03,1.0699946835379575,-0.00151911370703868
2020-03-04,1.0687172234061204,-0.0011946071648170492
2020-03-05,1.0687602181255011,4.02294017714383e-05
2020-03-06,1.0705650220950267,0.0016872650906590292
2020-03-09,1.0699390904910495,-0.0005848450541516143
2020-03-10,1.0595110919199526,-0.009794154393760343
2020-03-11,1.0503976931786745,-0.008638719817087748
2020-03-12,1.0589819906421318,0.008139212603042824
2020-03-13,1.0736710397331737,0.013775594222296704
2020-03-16,1.063177754248593,-0.009821349888279728
2020-03-17,1.0666250401322435,0.0032371906950291254
2020-03-18,1.0838891994168216,0.016056187733003463
2020-03-19,1.0980171700098287,0.012950297263731592
2020-03-20,1.0829121729570363,-0.01385211183562314
2020-03-23,1.0606221302136776,-0.020798217408693434
2020-03-24,1.0698281291015623,0.00864235731155201
2020-03-25,1.066064113777043,-0.0035245403728320496
2020-03-26,1.0722394178912282,0.005775907106388006
2020-03-27,1.0710801602492805,-0.0010817404616784987
2020-03-30,1.0734707669389485,0.00222947158734077
2020-03-31,1.076157954633324,0.0025001425289354062
2020-04-01,1.0783765828918785,0.0020594973105428904
2020-04-02,1.0762777356434798,-0.0019481992022457179
2020-04-03,1.0876480363276264,0.010509053014742614
2020-04-06,1.100168342573071,0.011445606722665966
2020-04-07,1.1006779799966198,0.0004631285950606884
2020-04-08,1.109667564205545,0.008134143367979352
2020-04-09,1.1078229030703668,-0.0016637379848129241
2020-04-10,1.1103306184626305,0.002261084669128305
2020-04-13,1.1052169337080417,-0.004616189646021507
2020-04-14,1.1129077318111589,0.006934532618543224
2020-04-15,1.1250123516822135,0.010817846451424182
2020-04-16,1.1232395010743585,-0.0015770928627389658
2020-04-17,1.118266964604961,-0.004436788117812757
2020-04-20,1.1212896546335056,0.0026993663281390246
2020-04-21,1.1185464534828,-0.0024494671840858545
2020-04-22,1.1206187279847477,0.0018509354385523868
2020-04-23,1.1205613240437546,-5.122653215974826e-05
2020-04-24,1.1190297384997783,-0.001367737001949823
2020-04-27,1.11808865223552,-0.0008413379673313237
2020-04-28,1.1222029333902002,0.0036729913253362168
2020-04-29,1.1246410433309164,0.002170253852012083
2020-04-30,1.1251016599485484,0.0004094838253251992
2020-05-01,1.1208772803922915,-0.003761731209359423
2020-05-04,1.1183679773593587,-0.0022412052226962187
2020-05-05,1.1247327092816821,0.005674956136955317
2020-05-06,1.1326781466037323,0.00703945417107843
2020-05-07,1.1437788952085408,0.009752731010329502
2020-05-08,1.143234287876314,-0.00047626078113505166
2020-05-11,1.1381695097341622,-0.004440061393867628
2020-05-12,1.1336550614562342,-0.003974298259941028
2020-05-13,1.1312487370292472,-0.0021248808306996297
2020-05-14,1.1383580112401968,0.006264783507656066
2020-05-15,1.1413809532297925,0.002652008680329082
2020-05-18,1.1351829025704658,-0.0054451061914693455
2020-05-19,1.1353620441004233,0.00015779606617516428
2020-05-20,1.1282778983773936,-0.006259095112798707
2020-05-21,1.1176807886838833,-0.009436672539458554
2020-05-22,1.1129163495051104,-0.004271902211995721
2020-05-25,1.1170566971733584,0.0037133654436290464
2020-05-26,1.1274494483800275,0.009260679014698278
2020-05-27,1.129865916488147,0.0021410114588373136
2020-05-28,1.13527430043213,0.004775328415613164
2020-05-29,1.1377127732462313,0.002145611629585348
2020-06-01,1.1418923355869315,0.0036669219662772146
2020-06-02,1.1420571719417223,0.0001443432567433678
2020-06-03,1.1437959462424483,0.0015213354018718817
2020-06-04,1.1313171497743395,-0.010969935191963293
2020-06-05,1.1274873086813866,-0.0033910370139414725
2020-06-08,1.1384929284206875,0.009713859016909715
2020-06-09,1.133112041450743,-0.004737528844531505
2020-06-10,1.1226883447009082,-0.009241749406838737
2020-06-11,1.1307094615455815,0.007119160851136355
2020-06-12,1.1074729144393618,-0.020764511639677727
2020-06-15,1.1023969106578506,-0.004593947255179989
2020-06-16,1.1037371537205227,0.0012150152152505672
2020-06-17,1.09449702685916,-0.008406912570404074
2020-06-18,1.078895082553463,-0.014357475808299935
2020-06-19,1.087614401855431,0.008049229825022167
2020-06-22,1.0948540924553647,0.006634429934513783
2020-06-23,1.0958370803480855,0.0008974226681483372
2020-06-24,1.096471315937575,0.0005786007190029391
2020-06-25,1.1025669671652538,0.00554393880918462
2020-06-26,1.0851322804697137,-0.015939170642468747
2020-06-29,1.0906158627571467,0.005040651341145286
2020-06-30,1.0869879167320333,-0.0033320564704382716
2020-07-01,1.073190351397625,-0.012774642884414072
2020-07-02,1.0633689359889953,-0.00919373934154867
2020-07-03,1.0607380844916665,-0.002477137749887663
2020-07-06,1.061664911037901,0.0008733747616271534
2020-07-07,1.0671957424536722,0.005196060015128193
2020-07-08,1.0596335718119512,-0.007111245325705125
2020-07-09,1.0566065290734556,-0.0028607763378855414
2020-07-10,1.06028579018885,0.0034761001178070725
2020-07-13,1.0616387498745505,0.0012752195881641434
2020-07-14,1.0657064804880594,0.003824236436027695
2020-07-15,1.0514762353921348,-0.013442825962695193
2020-07-16,1.048981660811055,-0.002375268514959429
2020-07-17,1.0549840871018599,0.005705836781439738
2020-07-20,1.0452190595988893,-0.009299193639854167
2020-07-21,1.0422562789470822,-0.0028386276825000667
2020-07-22,1.044943432294698,0.002574890000039541
2020-07-23,1.049271698827489,0.004133551163187858
2020-07-24,1.0543571753627157,0.00483496542997993
2020-07-27,1.0557329906553965,0.001304034784676826
2020-07-28,1.0603652185965122,0.00437809107341957
2020-07-29,1.0595360528003095,-0.0007822683534123506
2020-07-30,1.0554768588705414,-0.0038384625373319367
2020-07-31,1.0559499061592639,0.00044808307299312733
2020-08-03,1.0586388631587278,0.002543244802817868
2020-08-04,1.064858245505081,0.005857695877773392
2020-08-05,1.0677580264170696,0.002719460352308925
2020-08-06,1.0738920045015214,0.005728288720274963
2020-08-07,1.0757295832813252,0.0017096769383506544
2020-08-10,1.0802395058621588,0.004183667735931956
2020-08-11,1.078523692890739,-0.0015896262579612047
2020-08-12,1.0699411782838686,-0.007989481582962796
2020-08-13,1.073766580106587,0.0035689621108534325
2020-08-14,1.0746757297788927,0.0008463338507065238
2020-08-17,1.0768383075534946,0.002010285283172611
2020-08-18,1.0699077835547528,-0.006456793474860972
2020-08-19,1.070959203254017,0.0009822373741813079
2020-08-20,1.0786146372196326,0.00712277586124653
2020-08-21,1.070196487001073,-0.007835210074859003
2020-08-24,1.074380274576508,0.003901742253372073
2020-08-25,1.0735966972370228,-0.0007295956935539777
2020-08-26,1.080090382869497,0.006030314590129537
2020-08-27,1.0720361679248127,-0.007484924661318448
2020-08-28,1.068209448802578,-0.003575966393935731
2020-08-31,1.0598092453838814,-0.007894899676647818
2020-09-01,1.0563325552443146,-0.003285879298529859
2020-09-02,1.0636360989419837,0.006890264701153663
2020-09-03,1.0664647665357192,0.002655901701483103
2020-09-04,1.075309153315152,0.008258982865519515
2020-09-07,1.0905765318031018,0.01409827995318498
2020-09-08,1.094044590312288,0.003174977470817436
2020-09-09,1.0884651503707836,-0.005112877154295134
2020-09-10,1.0872483830063489,-0.0011184997221561632
2020-09-11,1.0876321115365788,0.0003528732131945489
2020-09-14,1.078745809396976,-0.008203879751285295
2020-09-15,1.0815928632856389,0.002635749267382692
2020-09-16,1.084951551920516,0.0031005053964555246
2020-09-17,1.0827210155625062,-0.002058001912956922
2020-09-18,1.0842359237904293,0.0013981897352985245
2020-09-21,1.0911727806152964,0.006377542135163616
2020-09-22,1.0909875878623287,-0.00016973340372918033
2020-09-23,1.0855044280704618,-0.005038540322458082
2020-09-24,1.0812184671431966,-0.003956174116042405
2020-09-25,1.0858927124811693,0.004313809674821326
2020-09-28,1.0855346663475682,-0.00032977951769123937
2020-09-29,1.0871532958508563,0.0014899790774388078
2020-09-30,1.0852658233432022,-0.0017376692792950427
2020-10-01,1.0887637717931498,0.003217942824932929
2020-10-02,1.088777541916489,1.2647404899049364e-05
2020-10-05,1.0918197849755022,0.002790285941678891
2020-10-06,1.0980968648442644,0.005732726914680811
2020-10-07,1.100402175514483,0.002097168543463132
2020-10-08,1.1035540060087192,0.002860159080557867
2020-10-09,1.0998113152252393,-0.003397252690731753
2020-10-12,1.098239361651681,-0.0014303162871425051
2020-10-13,1.0991460007996054,0.0008251981785854373
2020-10-14,1.0924759722689104,-0.00608686096990349
2020-10-15,1.091520646707228,-0.0008748416680789683
2020-10-16,1.0900142717104624,-0.0013810232634503955
2020-10-19,1.0924850488237419,0.002264173139084405
2020-10-20,1.0926064399250512,0.00011110848406974128
2020-10-21,1.0967201412792535,0.003757964874461131
2020-10-22,1.092099663961536,-0.004221895443157167
2020-10-23,1.0902383819163362,-0.0017057691864207497
2020-10-26,1.0887439595296937,-0.0013716702448915014
2020-10-27,1.0917158409099013,0.0027259234220791684
2020-10-28,1.0940658916164416,0.0021503076698719675
2020-10-29,1.0914934784617976,-0.002354010033085066
2020-10-30,1.0910768956869925,-0.0003817359429029582
2020-11-02,1.090018556439553,-0.0009704658541834221
2020-11-03,1.08691450489547,-0.002851767656871451
2020-11-04,1.0827293891962195,-0.0038578873715992695
2020-11-05,1.0818418818994864,-0.0008200306068163604
2020-11-06,1.0826932858128302,0.000786685261531736
2020-11-09,1.07477050660618,-0.007344563416614144
2020-11-10,1.075258701724536,0.00045412883216155997
2020-11-11,1.077441772830568,0.002028217004831287
2020-11-12,1.0820448882329778,0.004263163516624757
2020-11-13,1.075304430158972,-0.006248853581637334
2020-11-16,1.0744739779741714,-0.0007725933267977714
2020-11-17,1.0762193985628534,0.0016231239570650147
2020-11-18,1.0762291034777909,9.017558309384888e-06
2020-11-19,1.0900053103595957,0.012719207595922544
2020-11-20,1.0772657607944585,-0.01175644012993847
2020-11-23,1.079586419619621,0.002151895008614277
2020-11-24,1.0747455456759545,-0.0044940911328261585
2020-11-25,1.0818248323443442,0.006565342980837649
2020-11-26,1.0791793966373833,-0.002448340445575403
2020-11-27,1.0663634554548074,-0.011946714183058108
2020-11-30,1.0629855596164575,-0.003172705505719825
2020-12-01,1.06592703676916,0.00276336288253351
2020-12-02,1.0664907101508274,0.0005286707031115778
2020-12-03,1.0638399531584861,-0.002488588655294527
2020-12-04,1.0636899482744278,-0.0001410131854841859
2020-12-07,1.0578437176911162,-0.005511338778443647
2020-12-08,1.0530819098533228,-0.0045115904157431025
2020-12-09,1.062027521971306,0.008458820449436237
2020-12-10,1.0567779400673587,-0.004955237976948718
2020-12-11,1.049928042398729,-0.006502968961980368
2020-12-14,1.047438790631146,-0.002373693430421632
2020-12-15,1.0451291957267077,-0.0022074272925252103
2020-12-16,1.0388638224085358,-0.006012872538915234
2020-12-17,1.0341740882709425,-0.004524511697356862
2020-12-18,1.0367305256594224,0.0024689101273431616
2020-12-21,1.0432403633532092,0.006259567366029728
2020-12-22,1.0504149392778714,0.006853663064519386
2020-12-23,1.0548134250370735,0.004178636611516705
2020-12-24,1.0604248400985639,0.005305717391479538
2020-12-25,1.0478570697515912,-0.011922427600998993
2020-12-28,1.049222229633332,0.0013019632352313307
2020-12-29,1.0526001245959866,0.003214256299128304
2020-12-30,1.0469709493895696,-0.005362227327626354
2020-12-31,1.053293393405421,0.006020635579090695
2021-01-01,1.0517644766210437,-0.0014526128473640668
2021-01-04,1.0498586589989998,-0.0018136630798877562
2021-01-05,1.0565842615788124,0.00638576566097733
2021-01-06,1.0502253612687957,-0.006036539372901446
2021-01-07,1.0489249859271106,-0.0012389541413863198
2021-01-08,1.0504877612930126,0.0014887740932526122
2021-01-11,1.0463827280229228,-0.003915395381159245
2021-01-12,1.0467113552565037,0.00031401095527109485
2021-01-13,1.045992393901463,-0.0006871124339664011
2021-01-14,1.0493094021071157,0.0031661414913146876
2021-01-15,1.054854796571033,0.005270888370812368
2021-01-18,1.0562997767905848,0.0013689006607367632
2021-01-19,1.055987455601689,-0.0002957184859921219
2021-01-20,1.063698856760353,0.007276015450068847
2021-01-21,1.0587703038200376,-0.0046441775364831
2021-01-22,1.0553595487008545,-0.003226630638861812
2021-01-25,1.057482758517473,0.002009814479826018
2021-01-26,1.0599047882817836,0.0022877539110340364
2021-01-27,1.0586600814344225,-0.0011750473241308734
2021-01-28,1.0548407858002733,-0.003614192783911785
2021-01-29,1.0611263243553573,0.0059410725364766395
2021-02-01,1.0674468423477503,0.005938754342748084
2021-02-02,1.072880626321318,0.005077536710908312
2021-02-03,1.0768556178477782,0.0036981244256799467
2021-02-04,1.0788076316366673,0.0018110568270758576
2021-02-05,1.075582128925811,-0.002994356155914174
2021-02-08,1.0721041223674062,-0.0032388432870006645
2021-02-09,1.0733853096685053,0.0011943078667795426
2021-02-10,1.0623170670219328,-0.01036506009429354
2021-02-11,1.073729240659978,0.010685425856205688
2021-02-12,1.0699632587832881,-0.003513550336097543
2021-02-15,1.0805843238017812,0.009877625085107061
2021-02-16,1.083133077115064,0.0023559033088710046
2021-02-17,1.0934440579970774,0.009474562465993569
2021-02-18,1.0669908902239444,-0.024489966622362497
2021-02-19,1.0789841273828054,0.011177541143038344
2021-02-22,1.0750160982771961,-0.003684339070124207
2021-02-23,1.059538706056565,-0.014502006170194287
2021-02-24,1.0594893938335,-4.654230217774474e-05
2021-02-25,1.056237148928643,-0.0030743552162496787
2021-02-26,1.0645397187833838,0.007829783884586702
2021-03-01,1.0845192143594988,0.01859425157452871
2021-03-02,1.0802793291740667,-0.003917122560380862
2021-03-03,1.070730706352131,-0.008878327284782939
2021-03-04,1.0767540457475195,0.005609683780033403
2021-03-05,1.0729590932328883,-0.003530663127101069
2021-03-08,1.0706761133167477,-0.00213000866221065
2021-03-09,1.0683204480074244,-0.002202590040838323
2021-03-10,1.077375584962617,0.008440329452715042
2021-03-11,1.0824757594564707,0.0047227175949672295
2021-03-12,1.0829515520808697,0.00043944456553278444
2021-03-15,1.087428385645198,0.0041253974345619865
2021-03-16,1.0598291131944448,-0.025707948371965522
2021-03-17,1.0492134954166183,-0.01006684965445201
2021-03-18,1.0563953562028399,0.006821674055440624
2021-03-19,1.07123869233231,0.013953129730609942
2021-03-22,1.0765421038558798,0.00493851356868702
2021-03-23,1.0754813843979143,-0.0009857880730891333
2021-03-24,1.0722325466351494,-0.0030253938328321933
2021-03-25,1.0738152188410575,0.0014749648337718246
2021-03-26,1.088964323888237,0.014009151192742611
2021-03-29,1.0764722351822724,-0.011537837240247428
2021-03-30,1.0571684539040391,-0.018095181726587
2021-03-31,1.0632520419407876,0.005738111606612251
2021-04-01,1.0576754837435878,-0.005258615375011294
2021-04-02,1.057643995860484,-2.9771278910455112e-05
2021-04-05,1.0612389224563414,0.0033932314184215856
2021-04-06,1.0503411796568844,-0.010321975988566663
2021-04-07,1.048945972405162,-0.0013292202124668834
2021-04-08,1.058447467314522,0.009017356809499492
2021-04-09,1.0529799460197293,-0.005178992638878846
2021-04-12,1.0612368334960096,0.007810863611856303
2021-04-13,1.055591424155559,-0.005333850494809306
2021-04-14,1.0548864670855624,-0.000668054471587215
2021-04-15,1.0596611012423698,0.004515994194589541
2021-04-16,1.0567471158586859,-0.002753709989891426
2021-04-19,1.0539622571651168,-0.002638790868251188
2021-04-20,1.0579624877384324,0.003788236646994604
2021-04-21,1.057592332390057,-0.00034993690414542034
2021-04-22,1.057467332548178,-0.00011819982584544697
2021-04-23,1.0492266101779777,-0.007823409214452806
2021-04-26,1.0504932835173162,0.0012065166375743869
2021-04-27,1.0559589428241687,0.005189456949993544
2021-04-28,1.052274719088359,-0.0034950845845887965
2021-04-29,1.0501553744157648,-0.0020160911861029918
2021-04-30,1.0520743749916814,0.0018256816216000796
2021-05-03,1.0552831007774337,0.003045262422114975
2021-05-04,1.064443924490069,0.008643453271652883
2021-05-05,1.0648171089339573,0.0003505295422696203
2021-05-06,1.061352028959143,-0.0032594613296132863
2021-05-07,1.0549891474672142,-0.0060131142700175985
2021-05-10,1.0545504878461818,-0.00041588185404226735
2021-05-11,1.0531678459088365,-0.0013119799866325652
2021-05-12,1.0537762944722422,0.000577564984906978
2021-05-13,1.0587228089613168,0.004683101187005399
2021-05-14,1.0416938496457677,-0.016215194605717534
2021-05-17,1.0382558777553745,-0.003305825113063758
2021-05-18,1.056719768483579,0.017627287317148806
2021-05-19,1.05865076400992,0.0018256811589569336
2021-05-20,1.0610141953245849,0.002230005533362514
2021-05-21,1.0637092008706939,0.00253680737569819
2021-05-24,1.0585885976023501,-0.004825536933103461
2021-05-25,1.050171027663707,-0.007983474784103883
2021-05-26,1.046942957699574,-0.0030785856526794747
2021-05-27,1.0527982719024398,0.005577191415592993
2021-05-28,1.0511258060538395,-0.0015898541381843892
2021-05-31,1.0618689628753641,0.010168742064589849
2021-06-01,1.0631671458803864,0.0012217986896000677
2021-06-02,1.0653009222660563,0.0020049885947685184
2021-06-03,1.0741077316939893,0.008232984527629536
2021-06-04,1.0673886081595305,-0.006275187548250294
2021-06-07,1.0683523416232648,0.0009024816696458909
2021-06-08,1.0622919969529099,-0.005688758939583996
2021-06-09,1.0727766940224197,0.009821493233162101
2021-06-10,1.0681820536839441,-0.0042921400490439215
2021-06-11,1.0808605528795625,0.011799343812957094
2021-06-14,1.0799369017478049,-0.0008549169530316231
2021-06-15,1.0876886384836477,0.007152314490983441
2021-06-16,1.0904425739783847,0.0025287153927744666
2021-06-17,1.0788254941503364,-0.010710701048843377
2021-06-18,1.0693382897801609,-0.008832907550074223
2021-06-21,1.052810759207534,-0.015576535257898982
2021-06-22,1.0542790718717248,0.0013936879958319354
2021-06-23,1.0556918920910918,0.0013391847135767604
2021-06-24,1.0708470750341748,0.01425362032950507
2021-06-25,1.07166083074085,0.000759629165066153
2021-06-28,1.0730322175244946,0.001278865497010881
2021-06-29,1.0739205002470755,0.0008274823808778337
2021-06-30,1.075824098035073,0.0017709994825077652
2021-07-01,1.0753753577413243,-0.00041720008719108026
2021-07-02,1.0803352638468426,0.004601651824780922
2021-07-05,1.077791144868789,-0.002357711898896317
2021-07-06,1.0736552944985385,-0.003844720825215281
2021-07-07,1.0674916422785055,-0.005757352883877756
2021-07-08,1.0612270315649384,-0.005885821246260102
2021-07-09,1.0672654027369743,0.00567386312867816
2021-07-12,1.0680676520571157,0.0007514044294744532
2021-07-13,1.066976780313721,-0.0010218727271259775
2021-07-14,1.0680623161042089,0.0010168768205225526
2021-07-15,1.065273819306565,-0.002614213802910312
2021-07-16,1.0751982344967028,0.009273175317173157
2021-07-19,1.083502308362837,0.007693623698463617
2021-07-20,1.0831042311753944,-0.00036746606701063
2021-07-21,1.0871514078382765,0.003729681685102876
2021-07-22,1.0852899560581961,-0.001713696182155014
2021-07-23,1.071308602675949,-0.012966297514676428
2021-07-26,1.0747158888128143,0.0031754427905875265
2021-07-27,1.0794890680361875,0.004431506871807517
2021-07-28,1.0826018614443051,0.002879430755095655
2021-07-29,1.0783015629912518,-0.003980098398884413
2021-07-30,1.0816615198948822,0.0031111268894990912
2021-08-02,1.0863769970718131,0.004350000773276616
2021-08-03,1.0931604991449178,0.006224737118243909
2021-08-04,1.0892951935639563,-0.003542165493074831
2021-08-05,1.0915014784262564,0.0020233758088107623
2021-08-06,1.0811054397230428,-0.009570178537639681
2021-08-09,1.0876854522585089,0.006067927294707273
2021-08-10,1.0866695552270746,-0.0009344353629997804
2021-08-11,1.0880970544695165,0.0013127840395287527
2021-08-12,1.0896878545797566,0.0014609343526724716
2021-08-13,1.092125135677498,0.002234180585086773
2021-08-16,1.0963820538438873,0.0038902531876324337
2021-08-17,1.090694828766249,-0.005200766321334205
2021-08-18,1.0962954929515931,0.005121811809791377
2021-08-19,1.0996061463081848,0.003015304334027885
2021-08-20,1.0947179476277988,-0.004455318865369623
2021-08-23,1.095227545478904,0.0004653977570741319
2021-08-24,1.0913166752006649,-0.003577219625109637
2021-08-25,1.085323959573933,-0.005506403466715562
2021-08-26,1.0854227002043215,9.097388680694152e-05
2021-08-27,1.0766366020824143,-0.008127572151373413
2021-08-30,1.0781201185329656,0.0013769690756815917
2021-08-31,1.0747097821465212,-0.003168238454917746
2021-09-01,1.072660176209635,-0.0019089459190021751
2021-09-02,1.0725487102797657,-0.00010392081691606991
2021-09-03,1.0849044726500001,0.01145415117683915
2021-09-06,1.0782415823552196,-0.006160389725847509
2021-09-07,1.0754229732363927,-0.0026175020810684374
2021-09-08,1.075987401244658,0.0005247051217286136
2021-09-09,1.0715928964435948,-0.004092523049618935
2021-09-10,1.063568778202842,-0.007516204615100462
2021-09-13,1.0677175625294932,0.0038932258774354925
2021-09-14,1.0570299915159125,-0.010060170330529236
2021-09-15,1.0684918069364977,0.010785047256895414
2021-09-16,1.0791277461529265,0.009904944436562799
2021-09-17,1.0863085470838114,0.006632222129776419
2021-09-20,1.0856234324258418,-0.0006308804208940144
2021-09-21,1.1061324405602284,0.018715229197839744
2021-09-22,1.1051498666812245,-0.0008886915437741477
2021-09-23,1.1089868310338349,0.003465881937170859
2021-09-24,1.1152191227668384,0.005604074598497391
2021-09-27,1.1387427300419102,0.02087387715038634
2021-09-28,1.1414672062677202,0.002389672528782527
2021-09-29,1.1285469219746818,-0.011383562468127481
2021-09-30,1.1412952865417165,0.011232938189981792
2021-10-01,1.1444708640834549,0.0027785690884804815
2021-10-04,1.1428257395618093,-0.0014384883907970214
2021-10-05,1.1168826842307573,-0.02296242733862007
2021-10-06,1.0926052443160958,-0.021976510207013716
2021-10-07,1.0917120500891062,-0.0008178246622511376
2021-10-08,1.0923676621355016,0.0006003554379608728
2021-10-11,1.091367927330321,-0.0009156189786417718
2021-10-12,1.0814400168930975,-0.00913838662418004
2021-10-13,1.0815382471091064,9.0828666853629e-05
2021-10-14,1.07742467226951,-0.003810699832395445
2021-10-15,1.07188096227005,-0.005158617000911789
2021-10-18,1.0754040723801854,0.0032814584134647495
2021-10-19,1.068185019785111,-0.006735507204905483
2021-10-20,1.0780179041400735,0.009163115980202557
2021-10-21,1.0741399768378053,-0.003603761167765826
2021-10-22,1.083295141054955,0.0084871327958959
2021-10-25,1.0854594128408772,0.0019958667065202162
2021-10-26,1.0884968161213966,0.0027943573255986703
2021-10-27,1.087030988493934,-0.0013475606665855622
2021-10-28,1.093069753996114,0.0055399099949122455
2021-10-29,1.0781297236617842,-0.013762223406278418
2021-11-01,1.064822526630132,-0.012419658982165308
2021-11-02,1.062909961363943,-0.0017977502266692882
2021-11-03,1.0691937868857488,0.0058945008856352635
2021-11-04,1.0838336908325246,0.01359957523367955
2021-11-05,1.089436212695444,0.00515585686319063
2021-11-08,1.0933007506270414,0.003541005659009319
2021-11-09,1.0986589528953257,0.004888970296606399
2021-11-10,1.1015359053744174,0.002615181203558109
2021-11-11,1.1061335948802569,0.004165203308181389
2021-11-12,1.1122892260940613,0.005549570581304994
2021-11-15,1.1115548926589662,-0.0006604181071801218
2021-11-16,1.1061513432294943,-0.004873107208949401
2021-11-17,1.1044623961392672,-0.0015280348518369319
2021-11-18,1.101718083619215,-0.002487841734338192
2021-11-19,1.1042753306751476,0.002318454973478448
2021-11-22,1.1014565975055024,-0.0025558270867119953
2021-11-23,1.115815682510649,0.012952207875991661
2021-11-24,1.0982371336962118,-0.015879402750847718
2021-11-25,1.0947912178355688,-0.003142612081807064
2021-11-26,1.1024525740794218,0.006973634260040204
2021-11-29,1.1037401683339803,0.0011672546790664484
2021-11-30,1.0965168053782224,-0.006565950243992147
2021-12-01,1.0987217478634876,0.0020088415662186387
2021-12-02,1.0999848347791235,0.0011489364379517336
2021-12-03,1.0900705162821467,-0.009054005159527923
2021-12-06,1.094907748189756,0.0044277235055213
2021-12-07,1.0878073756132987,-0.0065060232043924054
2021-12-08,1.0883015135265808,0.00045414815797248376
2021-12-09,1.1020408242717297,0.0125455192187508
2021-12-10,1.1110208522057627,0.008115523680252451
2021-12-13,1.1084115421651242,-0.0023513320337616855
2021-12-14,1.1206481120113665,0.010979242070298614
2021-12-15,1.1137850438910657,-0.006143025298970303
2021-12-16,1.126893964693362,0.011700980208948664
2021-12-17,1.1250152912050246,-0.0016685165436934463
2021-12-20,1.1329358889286316,0.007015767463509667
2021-12-21,1.1355442594358334,0.0022996645208498145
2021-12-22,1.1332545394493583,-0.0020184432087866355
2021-12-23,1.1265082213920845,-0.005970837485119396
2021-12-24,1.123485311719333,-0.002687040159979115
2021-12-27,1.118901905338231,-0.004087976179332306
2021-12-28,1.131178287880341,0.010912059396268603
2021-12-29,1.1356133535775603,0.003913082504211587
2021-12-30,1.141285278564065,0.00498216006524943
2021-12-31,1.1448622762370464,0.0031292823461202546
2022-01-03,1.1460747524168418,0.0010584981410111938
2022-01-04,1.143027528328316,-0.002662376350863832
2022-01-05,1.1341445383154753,-0.007801812784031553
2022-01-06,1.1357449970328892,0.0014101646425593028
2022-01-07,1.1424944567920856,0.005925171293411219
2022-01-10,1.138325465568823,-0.003655699273146018
2022-01-11,1.13225694875848,-0.005345352118982058
2022-01-12,1.1323479895487216,8.040324274725952e-05
2022-01-13,1.139924207556999,0.006668431795129465
2022-01-14,1.136799562746187,-0.0027448624320568216
2022-01-17,1.1432104689295284,0.005623591992633098
2022-01-18,1.1405009934786654,-0.00237287132527525
2022-01-19,1.1439088173308956,0.0029835508182648462
2022-01-20,1.1480290034150986,0.0035953772264566974
2022-01-21,1.1546052340017094,0.005711934930458962
2022-01-24,1.1619754152145365,0.00636300409587337
2022-01-25,1.1527695200105648,-0.007954175512880135
2022-01-26,1.160455293191783,0.006645096852891913
2022-01-27,1.1560992616016958,-0.0037607892421207267
2022-01-28,1.1616889920977556,0.0048233408069481565
2022-01-31,1.1592316843958574,-0.002117529172785182
2022-02-01,1.1666586562330121,0.006386369082206689
2022-02-02,1.170305329630778,0.003120866542786982
2022-02-03,1.1665720243446238,-0.003195125714114927
2022-02-04,1.1684701056597753,0.0016257366056204037
2022-02-07,1.169149086098902,0.000580916225033451
2022-02-08,1.1682778721876068,-0.0007454469955096854
2022-02-09,1.1655536097351202,-0.002334584746947005
2022-02-10,1.167412336698011,0.0015934457671951952
2022-02-11,1.1672945506112713,-0.00010090010654437154
2022-02-14,1.1575159900467737,-0.00841240011711275
2022-02-15,1.155104199899007,-0.002085764910822213
2022-02-16,1.1508694882915598,-0.003672822798909875
2022-02-17,1.1525049964955878,0.0014200977649857227
2022-02-18,1.150013330995273,-0.0021642967555854653
2022-02-21,1.142005795944304,-0.006987347999123872
2022-02-22,1.1412512910496562,-0.0006609022929649766
2022-02-23,1.146530387703214,0.004615043535294794
2022-02-24,1.1431983097623821,-0.002910458602912336
2022-02-25,1.142453125467841,-0.0006520542104170579
2022-02-28,1.1367145683978832,-0.005035670882766796
2022-03-01,1.1351137266579057,-0.001409298412575477
2022-03-02,1.1320794534465264,-0.0026766797374151025
2022-03-03,1.126618534439046,-0.00483546687272754
2022-03-04,1.127578016079354,0.0008512848607021006
2022-03-07,1.1291295232642857,0.001375018607712608
2022-03-08,1.1294184886835257,0.00025588601109038933
2022-03-09,1.1306655752804096,0.0011035755203400305
2022-03-10,1.1416584035150557,0.00967548122084505
2022-03-11,1.1459835521379838,0.0037813205565603303
2022-03-14,1.1396439971094308,-0.0055473353809158965
2022-03-15,1.1453869345867018,0.0050265836576818546
2022-03-16,1.1464767472444486,0.0009510275401864166
2022-03-17,1.1471346323630174,0.000573667485660595
2022-03-18,1.1465653293017448,-0.0004964058791281367
2022-03-21,1.1431626448246806,-0.0029721320788620442
2022-03-22,1.1420094145260198,-0.0010093160310124805
2022-03-23,1.1413024760684338,-0.0006192220021161154
2022-03-24,1.1439112646413656,0.0022831909853772148
2022-03-25,1.1373417509188366,-0.005759581982764939
2022-03-28,1.132657872749637,-0.004126771447588787
2022-03-29,1.1372907144368007,0.00408189696098786
2022-03-30,1.1454373288028652,0.007137643028986673
2022-03-31,1.134498002774451,-0.00959624584531113
2022-04-01,1.1286190901342668,-0.005195423500129012
2022-04-04,1.1249185614855555,-0.0032841980449680452
2022-04-05,1.1254748814971596,0.0004944202309793561
2022-04-06,1.1240009257174504,-0.0013104884132801448
2022-04-07,1.1227337146393765,-0.0011280470685658822
2022-04-08,1.1264110213147012,0.003269962926993053
2022-04-11,1.1267661187458937,0.0003151970857673686
2022-04-12,1.120134437376557,-0.0059029765318922706
2022-04-13,1.123836448595855,0.0032995210419526633
2022-04-14,1.125803928066734,0.0017491506579622729
2022-04-15,1.125877185815458,6.506938153713615e-05
2022-04-18,1.1246701769861134,-0.0010726358974010725
2022-04-19,1.117351054324721,-0.006529062757769696
2022-04-20,1.1090924305062184,-0.007418703193980164
2022-04-21,1.105967352856673,-0.0028216662561025008
2022-04-22,1.1039311472994693,-0.0018428051182387412
2022-04-25,1.1016878671243129,-0.0020341508973227007
2022-04-26,1.091387896818885,-0.009393242320004963
2022-04-27,1.0899133844301487,-0.0013519568580488
2022-04-28,1.0947791186862939,0.00445439556784033
2022-04-29,1.089565297087628,-0.004773818142084663
2022-05-02,1.0876269789745827,-0.001780567243842776
2022-05-03,1.088495005055892,0.0007977734095024197
2022-05-04,1.0919712882668988,0.003188571331672496
2022-05-05,1.0840784305648883,-0.007254330861424699
2022-05-06,1.0965303906082136,0.011420751184940126
2022-05-09,1.0886924512179414,-0.007173614381474569
2022-05-10,1.0959486352281635,0.0066429316366477115
2022-05-11,1.0959805057924645,2.9079922071240105e-05
2022-05-12,1.1002276901562273,0.0038677477538173882
2022-05-13,1.0949869551647902,-0.004774699329761711
2022-05-16,1.0938779815775814,-0.0010132865335635843
2022-05-17,1.0969941095929516,0.0028446481465012607
2022-05-18,1.0954393877374284,-0.0014182615965519507
2022-05-19,1.103398632338864,0.007239532235920096
2022-05-20,1.1056524067297382,0.002040491716126344
2022-05-23,1.1007311281957712,-0.0044609530638948375
2022-05-24,1.092438074178272,-0.007562657303790271
2022-05-25,1.0967763423039327,0.003963315581829996
2022-05-26,1.0948238334517342,-0.0017818116555885916
2022-05-27,1.1005769484851233,0.005241073292863552
2022-05-30,1.1016785426750084,0.0010004236894258778
2022-05-31,1.104906580713882,0.002925824440167854
2022-06-01,1.1080792065038065,0.00286728272892188
2022-06-02,1.1070594720034521,-0.0009206959205603771
2022-06-03,1.0966776707426078,-0.009422065693164366
2022-06-06,1.095441108971582,-0.001128188776655506
2022-06-07,1.0965307635338248,0.0009942232066652568
2022-06-08,1.0897819184981767,-0.00617374314952944
2022-06-09,1.0948084125992723,0.00460178084631184
2022-06-10,1.0863084414783906,-0.0077941850163318754
2022-06-13,1.0818291194665928,-0.004131959581782682
2022-06-14,1.0878070215778517,0.005510525129249183
2022-06-15,1.0757625798604329,-0.011133976123238437
2022-06-16,1.0932497596543453,0.016124904760451336
2022-06-17,1.0848288670372388,-0.00773244314639665
2022-06-20,1.091739110883602,0.006349691012681416
2022-06-21,1.0989917015261084,0.006621185129264101
2022-06-22,1.1117789322915637,0.011568249707280001
2022-06-23,1.1210466781809338,0.008301408823410614
2022-06-24,1.129745105450463,0.007729253889591142
2022-06-27,1.1405878203179072,0.009551724490191274
2022-06-28,1.1383733031640224,-0.0019434450443951978
2022-06-29,1.1296781169163626,-0.00766757646767037
2022-06-30,1.125868959486924,-0.0033775939243935044
2022-07-01,1.1226534280607128,-0.002860130400330313
2022-07-04,1.1217310572457038,-0.0008219365915025645
2022-07-05,1.116098642006472,-0.005033829995760172
2022-07-06,1.1180688246941355,0.0017636844397115048
2022-07-07,1.1117777744559578,-0.005642600645502163
2022-07-08,1.1228123229082612,0.009876207862180048
2022-07-11,1.1072702884957837,-0.013938753631086709
2022-07-12,1.1060761014602452,-0.001079078409809267
2022-07-13,1.105456427392196,-0.000560402414327768
2022-07-14,1.1040649479090676,-0.0012595303966175114
2022-07-15,1.0960490130649723,-0.007286868276578609
2022-07-18,1.0959533740369893,-8.726179187235061e-05
2022-07-19,1.1068453135977416,0.00988926349812809
2022-07-20,1.1109008704367713,0.0036573719652353565
2022-07-21,1.1089292423914732,-0.0017763778879864855
2022-07-22,1.1079676615008658,-0.0008675017311114974
2022-07-25,1.104495073392071,-0.0031391181470489804
2022-07-26,1.099971271494726,-0.004104220740754491
2022-07-27,1.1007702722836599,0.0007261196357188499
2022-07-28,1.0949298442747246,-0.005319890215571846
2022-07-29,1.0941160024206862,-0.0007435585625247959
2022-08-01,1.0934300622771855,-0.0006271320883720483
2022-08-02,1.0895911249575025,-0.0035170902595089287
2022-08-03,1.0948945345276704,0.004855531979944483
2022-08-04,1.0821783325412342,-0.011682058780845564
2022-08-05,1.082655704159186,0.0004410237621881863
2022-08-08,1.085476966414583,0.0026024826672602502
2022-08-09,1.0844892328710518,-0.0009103677394358967
2022-08-10,1.0932320670810647,0.008029384826951966
2022-08-11,1.096635814486159,0.0031086351599431405
2022-08-12,1.100820287186383,0.0038084744945186683
2022-08-15,1.0947850377432269,-0.005497586087197401
2022-08-16,1.1089570195248697,0.012861920119687564
2022-08-17,1.1086872114986421,-0.00024332850489194868
2022-08-18,1.106486306929093,-0.0019871177363348508
2022-08-19,1.1046553362510056,-0.0016561318920744195
2022-08-22,1.1016958435639514,-0.0026827048106044665
2022-08-23,1.0954082899482862,-0.005723507305827047
2022-08-24,1.0906686929606102,-0.004336173383687053
2022-08-25,1.1017887283363026,0.010143987857887851
2022-08-26,1.1038175451692929,0.0018396913624756789
2022-08-29,1.1083060106812272,0.004058065978905151
2022-08-30,1.1172270442410528,0.008017028838693457
2022-08-31,1.116096911184643,-0.00101206378960636
2022-09-01,1.117772889246075,0.001500515719914025
2022-09-02,1.1189570584031718,0.0010588397307207398
2022-09-05,1.1219378168920597,0.0026603302812105573
2022-09-06,1.1201095561433234,-0.0016308853915902172
2022-09-07,1.12291563733366,0.0025020518382026236
2022-09-08,1.1290030397186115,0.0054064272165761235
2022-09-09,1.125313928277321,-0.003272933475495343
2022-09-12,1.125243681241399,-6.242633883048188e-05
2022-09-13,1.1213364645877013,-0.0034783718715090672
2022-09-14,1.1221633569451,0.0007371450506976629
2022-09-15,1.1142751340099957,-0.007054301451968531
2022-09-16,1.112805279716807,-0.0013199833266428346
2022-09-19,1.116808164327371,0.003590657315026169
2022-09-20,1.1129461977598096,-0.003464032177748294
2022-09-21,1.1097302731274168,-0.002893742673417854
2022-09-22,1.1049019703810448,-0.004360372166081705
2022-09-23,1.104576463849176,-0.0002946455861989883
2022-09-26,1.1122297986532075,0.006904857082763546
2022-09-27,1.1178126237559451,0.005006933240189651
2022-09-28,1.1111035294856535,-0.006020069012174431
2022-09-29,1.1072672005793773,-0.0034586939672825723
2022-09-30,1.1140966274038635,0.006148878680827322
2022-10-03,1.1174924803479271,0.0030434416026244443
2022-10-04,1.129985729475486,0.01111768537394614
2022-10-05,1.1369555248872283,0.006149093947420525
2022-10-06,1.1195255056695173,-0.015449157921794188
2022-10-07,1.1158241439588907,-0.003311665442600392
2022-10-10,1.1147522254195417,-0.0009611135817439997
2022-10-11,1.112214536474001,-0.0022790551591336944
2022-10-12,1.1094686026170946,-0.002471941391499227
2022-10-13,1.123473482476103,0.012544045449812607
2022-10-14,1.1313977527207422,0.007028607880908366
2022-10-17,1.1390181607278267,0.00671281114417889
2022-10-18,1.1323196591096758,-0.0058983044967649695
2022-10-19,1.1365284123049817,0.0037100395358411614
2022-10-20,1.1148072691162838,-0.01929682666556931
2022-10-21,1.0995335570324232,-0.013795486347900468
2022-10-24,1.085875660757222,-0.012499328713038924
2022-10-25,1.0938014332955306,0.007272460211535353
2022-10-26,1.0839269442356947,-0.00906867618158412
2022-10-27,1.0676400565020157,-0.01513984814493144
2022-10-28,1.063492831735356,-0.0038920426076922074
2022-10-31,1.0491830752732552,-0.013546777574440338
2022-11-01,1.057907468962522,0.008281033361119489
2022-11-02,1.0614076578971583,0.0033031351239227666
2022-11-03,1.0732551979557035,0.01110026501490606
2022-11-04,1.0732515984264293,-3.3538484762452025e-06
2022-11-07,1.0655198638287495,-0.0072301023415257265
2022-11-08,1.0613488790765946,-0.0039221885347813165
2022-11-09,1.0682864231520186,0.006515264476448658
2022-11-10,1.0745772511654377,0.0058714384505142575
2022-11-11,1.0743952491437234,-0.00016938515697469125
2022-11-14,1.068747425187357,-0.005270612263396146
2022-11-15,1.0767998813145088,0.0075062376032569295
2022-11-16,1.0812205660737502,0.004096987077332123
2022-11-17,1.0800416972106293,-0.0010909078459008653
2022-11-18,1.0815417476241564,0.001387918340982272
2022-11-21,1.0818157668860848,0.00025332776626703357
2022-11-22,1.0845827722496868,0.002554476305495615
2022-11-23,1.0829412744952227,-0.00151462962613301
2022-11-24,1.0797778260714095,-0.0029254383327912414
2022-11-25,1.082000155397833,0.0020560206721777774
2022-11-28,1.087338284194899,0.0049214446893424
2022-11-29,1.089689435970818,0.00215996578108682
2022-11-30,1.0804249240677206,-0.008538322549096741
2022-12-01,1.0764387416894765,-0.0036962808358829147
2022-12-02,1.0786251740582056,0.0020291120861284373
2022-12-05,1.0658856365089822,-0.011881206052930735
2022-12-06,1.0671987346299059,0.00123117332305743
2022-12-07,1.0671214781835554,-7.239442884006408e-05
2022-12-08,1.06962063411037,0.0023392219885049748
2022-12-09,1.0663764488057186,-0.003037633173907109
2022-12-12,1.0679388046537588,0.0014640350103578559
2022-12-13,1.0626253143045992,-0.004987882146379727
2022-12-14,1.057374726040017,-0.0049533951890693845
2022-12-15,1.064373629446227,0.006597322225797647
2022-12-16,1.0724502052505138,0.007559457297975303
2022-12-19,1.071779434967496,-0.0006256515555210784
2022-12-20,1.0601446901358946,-0.010914891578936707
2022-12-21,1.0623665448892226,0.0020936101804629875
2022-12-22,1.075506263498433,0.012292484392768192
2022-12-23,1.0774349145985047,0.0017916435763364463
2022-12-26,1.0834390781699734,0.005557176441915876
2022-12-27,1.0851502383768656,0.0015781324282776316
2022-12-28,1.067675209506959,-0.016234862618293572
2022-12-29,1.0696436734799477,0.0018419942342075835
2022-12-30,1.0770046788729501,0.006858164949684345
2023-01-02,1.073465116394643,-0.0032918999211236227
2023-01-03,1.0605055112176203,-0.012146150781442488
2023-01-04,1.0624749973144278,0.0018553977805155566
2023-01-05,1.0683631848437374,0.005526653845380626
2023-01-06,1.0671056973870683,-0.0011777156880897338
2023-01-09,1.069243607917001,0.0020014622499270607
2023-01-10,1.0736121915796935,0.004077352956699504
2023-01-11,1.0819397285277408,0.0077266321450270015
2023-01-12,1.080563869711371,-0.001272468636016752
2023-01-13,1.0838121306319883,0.0030015702991053606
2023-01-16,1.0811640133843439,-0.002446325864239693
2023-01-17,1.0808045836836215,-0.00033250224311438814
2023-01-18,1.0829890203039108,0.002019081079054269
2023-01-19,1.0815251835900492,-0.00135257780651038
2023-01-20,1.0765903799989003,-0.004573260371443344
2023-01-23,1.0780488866537368,0.0013538292930782708
2023-01-24,1.0780895247030402,3.769521390119268e-05
2023-01-25,1.0766244741149082,-0.0013598564029390359
2023-01-26,1.0732443210418021,-0.00314452292714186
2023-01-27,1.0824617280320257,0.008551688359908743
2023-01-30,1.091278786113396,0.008112381748142022
2023-01-31,1.097490292311769,0.005675813803133797
2023-02-01,1.0982846180007975,0.000723503779870599
2023-02-02,1.0968541357807218,-0.0013033184531965336
2023-02-03,1.1017477536306777,0.00445157984694293
2023-02-06,1.1073688577327936,0.0050890172157692926
2023-02-07,1.1268334068934873,0.017424601117462912
2023-02-08,1.1275580721171095,0.0006428921110893104
2023-02-09,1.1330806143996246,0.004885834522200164
2023-02-10,1.1250859299161733,-0.007080715907068408
2023-02-13,1.123546762598075,-0.00136898085988231
2023-02-14,1.14036059133055,0.014854086548966458
2023-02-15,1.140917415965572,0.0004881690388451043
2023-02-16,1.1438775203560014,0.0025911349850666066
2023-02-17,1.1541782971944698,0.008964835186051817
2023-02-20,1.169456474699987,0.013150429547523407
2023-02-21,1.1747658157704004,0.004529732671081144
2023-02-22,1.1807261513721476,0.0050608097213877545
2023-02-23,1.1706379126461843,-0.008580807013447128
2023-02-24,1.1534638523480991,-0.014779363938263096
2023-02-27,1.1424193308638058,-0.009621227040095631
2023-02-28,1.1394605092891241,-0.0025933208058258606
2023-03-01,1.1415521724732225,0.0018339782037107288
2023-03-02,1.1282833392228429,-0.011691582344320467
2023-03-03,1.1290626222223665,0.000690441823089083
2023-03-06,1.1459795780362492,0.014872047310055841
2023-03-07,1.1583774956019863,0.010760517400367375
2023-03-08,1.1609706755790348,0.002236129176137247
2023-03-09,1.1633327901096422,0.002032536094081272
2023-03-10,1.1729081231051361,0.008197259588425349
2023-03-13,1.162014049727982,-0.009331490835519735
2023-03-14,1.157960482221343,-0.0034944966643630504
2023-03-15,1.1548581575547014,-0.0026827235598226584
2023-03-16,1.1591370631598767,0.003698288089683227
2023-03-17,1.1707641767844126,0.009980860945621395
2023-03-20,1.162510864066357,-0.007074474286547755
2023-03-21,1.1701757713822034,0.00657176560744499
2023-03-22,1.175352246885536,0.004413917776560972
2023-03-23,1.1689620780167433,-0.005451644967105512
2023-03-24,1.1773862273455882,0.007180677742362501
2023-03-27,1.1800711777237087,0.0022778367348325335
2023-03-28,1.1660414415513474,-0.011960127827280953
2023-03-29,1.1674646189111528,0.0012197761646095817
2023-03-30,1.1682100266144346,0.0006382804471645742
2023-03-31,1.1679604712847664,-0.00021364479248575652
2023-04-03,1.164602057929379,-0.0028795932662076806
2023-04-04,1.1618323633550331,-0.0023810650818819057
2023-04-05,1.1474057407627152,-0.01249486595468724
2023-04-06,1.1464242964036655,-0.000855725492331455
2023-04-07,1.1526987204781791,0.005458115642554773
2023-04-10,1.153054032457721,0.0003081960820837948
2023-04-11,1.1493911337450586,-0.0031817494345151576
2023-04-12,1.1463659280623961,-0.002635476970986206
2023-04-13,1.1416855969439454,-0.0040911121058823385
2023-04-14,1.1343841176522862,-0.006415888134792325
2023-04-17,1.1355097977890012,0.0009918350997272785
2023-04-18,1.1376669900564165,0.001897954375135652
2023-04-19,1.1361266758616602,-0.001354840989716971
2023-04-20,1.1351010694435564,-0.0009031295870124967
2023-04-21,1.1300550193194978,-0.004455373734503804
2023-04-24,1.1304091512576375,0.0003133267455831118
2023-04-25,1.1257692395990162,-0.0041130774221538186
2023-04-26,1.1264528055398313,0.0006070147153383887
2023-04-27,1.121437941457124,-0.004461847097415053
2023-04-28,1.1206921326686554,-0.0006652681078427869
2023-05-01,1.1196640224875523,-0.0009178096535302771
2023-05-02,1.1109087528695054,-0.007850283728118135
2023-05-03,1.1084039150172311,-0.0022573105197167403
2023-05-04,1.1048267930723599,-0.0032324918017592047
2023-05-05,1.101909460351272,-0.002644026368008992
2023-05-08,1.1016047813042114,-0.0002765392147167228
2023-05-09,1.097427617407954,-0.0037990972055118727
2023-05-10,1.087044693038934,-0.009506188299350349
2023-05-11,1.09190427421328,0.0044604892583995776
2023-05-12,1.082944792698437,-0.008239222054960804
2023-05-15,1.0825441460004968,-0.00037002886078232877
2023-05-16,1.0754317147038757,-0.006591785552391857
2023-05-17,1.084629818749817,0.008516571865960942
2023-05-18,1.0830849375218694,-0.0014253549596699028
2023-05-19,1.0852104248547378,0.001960515205212468
2023-05-22,1.0865067828258743,0.0011938553698664228
2023-05-23,1.0816409164251772,-0.004488508390494486
2023-05-24,1.0754348837772996,-0.005754132303356349
2023-05-25,1.0797508405456262,0.0040051884987578334
2023-05-26,1.0844020630157074,0.0042984297680172395
2023-05-29,1.0961134990087278,0.01074199956425767
2023-05-30,1.0970993407725043,0.0008989933054287108
2023-05-31,1.1076504950091783,0.009571366887541552
2023-06-01,1.10802478635349,0.00033785758321225323
2023-06-02,1.1098441566783868,0.0016406476484703003
2023-06-05,1.109260629114321,-0.0005259125943499754
2023-06-06,1.1157173043542208,0.0058038268756493705
2023-06-07,1.1311134446103706,0.013704976439307168
2023-06-08,1.1292078347786174,-0.0016861410814575511
2023-06-09,1.1204004143738393,-0.00783022146933135
2023-06-12,1.1171259544709518,-0.0029268591298290125
2023-06-13,1.1194931013057599,0.0021167196197563326
2023-06-14,1.1125183225395745,-0.006249790117102028
2023-06-15,1.104540626318488,-0.007196678876785739
2023-06-16,1.1016385512735112,-0.002630862214937149
2023-06-19,1.1053477381075048,0.003361317054101323
2023-06-20,1.109474201288281,0.003726229979905696
2023-06-21,1.11398588241874,0.004058257987716099
2023-06-22,1.0979356462429641,-0.014512737160506828
2023-06-23,1.084447005390191,-0.012361546776788301
2023-06-26,1.0754888713435329,-0.008294862367538472
2023-06-27,1.0685659045026565,-0.0064578489116599025
2023-06-28,1.0590538223473145,-0.008941584260564552
2023-06-29,1.0493297235854109,-0.009224287232256267
2023-06-30,1.0513948108957332,0.001966072125718303
2023-07-03,1.0607522940119798,0.00886069376250722
2023-07-04,1.052994254244908,-0.007340591150630495
2023-07-05,1.0591539633802873,0.00583266510061628
2023-07-06,1.060731265540851,0.0014881017425998622
2023-07-07,1.0642255797714293,0.0032888360890314036
2023-07-10,1.0588672051480863,-0.005047717215911338
2023-07-11,1.0523986411105493,-0.006127683341626861
2023-07-12,1.060738534088522,0.007893416838191732
2023-07-13,1.0609545667716362,0.0002036417837934304
2023-07-14,1.0714999597899049,0.00989046082846997
2023-07-17,1.0674551524562252,-0.003782044917058025
2023-07-18,1.063793298283379,-0.0034363499712969092
2023-07-19,1.0516029245589817,-0.011525508590028655
2023-07-20,1.0433369021244752,-0.007891458481498255
2023-07-21,1.0448472118383538,0.0014465295154133043
2023-07-24,1.0433589720723953,-0.0014253765067800891
2023-07-25,1.0454634839834083,0.0020150229781318654
2023-07-26,1.0470132558090257,0.0014812801304026
2023-07-27,1.0449754276435828,-0.0019482216382156886
2023-07-28,1.040531196201423,-0.004262022588409672
2023-07-31,1.0410939556541856,0.0005406924161836871
2023-08-01,1.0402356988821637,-0.0008247197350956734
2023-08-02,1.042428826197286,0.0021060791110232707
2023-08-03,1.0430229837459604,0.0005698118382957834
2023-08-04,1.0425313655904869,-0.00047145083007366084
2023-08-07,1.0429177735788995,0.00037057532171556884
2023-08-08,1.0462943093649089,0.0032323561149654664
2023-08-09,1.0481516479007644,0.0017735850536350212
2023-08-10,1.05479709757263,0.006320146229697253
2023-08-11,1.0530247065374316,-0.0016817279804835494
2023-08-14,1.059491123100004,0.006122024429993184
2023-08-15,1.0556544869163635,-0.0036277789795949797
2023-08-16,1.0658810069297104,0.009640752418035164
2023-08-17,1.070695045969348,0.004506319519613222
2023-08-18,1.074155084928879,0.0032263717740630277
2023-08-21,1.0705965069567729,-0.003318408762216396
2023-08-22,1.0607453694842266,-0.009244136506656661
2023-08-23,1.0603014711521381,-0.0004185653329900549
2023-08-24,1.0593272456289975,-0.000919241737036211
2023-08-25,1.0598072353090242,0.00045300540626634633
2023-08-28,1.0657437260000717,0.005585851607264068
2023-08-29,1.0706110131221296,0.004556636081562884
2023-08-30,1.074611341159024,0.003729527305873989
2023-08-31,1.0745553014950826,-5.215013376962119e-05
2023-09-01,1.0646699965236617,-0.009242014240492563
2023-09-04,1.0603453272164,-0.004070253263116136
2023-09-05,1.0720862463860534,0.01101187766882035
2023-09-06,1.071318348947407,-0.0007165212514441688
2023-09-07,1.0822722939122882,0.01017281484406532
2023-09-08,1.0905794723669262,0.007646374279366153
2023-09-11,1.0939771314255686,0.00311061914566603
2023-09-12,1.0926488604484323,-0.0012149047394928308
2023-09-13,1.0911803117863252,-0.0013449301823988818
2023-09-14,1.0951909651414868,0.0036687802260144814
2023-09-15,1.0919758815848564,-0.0029399548344432175
2023-09-18,1.0904507308816076,-0.0013976652803029121
2023-09-19,1.096089266044658,0.005157506992478592
2023-09-20,1.102468916439881,0.005803501905865385
2023-09-21,1.0906961871122616,-0.010735938106766194
2023-09-22,1.0913689365983934,0.0006166172587038915
2023-09-25,1.0867483461718657,-0.00424274431344962
2023-09-26,1.0816711982374023,-0.004682818161756863
2023-09-27,1.0870694558520517,0.004978252012949588
2023-09-28,1.08321022704197,-0.0035564382860033134
2023-09-29,1.0915117751488053,0.007634620352784421
2023-10-02,1.0881882247435835,-0.003049550838253548
2023-10-03,1.0885921183491107,0.0003710926657748831
2023-10-04,1.090281050903473,0.0015502810502756592
2023-10-05,1.08595351429753,-0.003977091788990111
2023-10-06,1.0856641323862863,-0.00026651276609258867
2023-10-09,1.0820580696083781,-0.003327055561798159
2023-10-10,1.0845431878704272,0.002294025578827283
2023-10-11,1.0873113697927468,0.0025491425395428036
2023-10-12,1.081726796454687,-0.005149365986258994
2023-10-13,1.0805684068873929,-0.0010714445246166326
2023-10-16,1.0905089684860911,0.009157325461088772
2023-10-17,1.0926115273059753,0.0019261964458844594
2023-10-18,1.0969913359195003,0.004000556017213039
2023-10-19,1.0942041647630893,-0.0025439744273952902
2023-10-20,1.1020005160616753,0.007099870168390046
2023-10-23,1.1073783698887956,0.004868213851733763
2023-10-24,1.1030935404041071,-0.003876850758857367
2023-10-25,1.0995169203997455,-0.0032476220480868595
2023-10-26,1.0989392477766082,-0.0005255257255471352
2023-10-27,1.0953086702303563,-0.0033091801792887593
2023-10-30,1.097350447912008,0.0018623763766170698
2023-10-31,1.0933902537993787,-0.00361539676804927
2023-11-01,1.0877885635310454,-0.005136399216253695
