date,returns,close
2020-01-02,0.4999315305172086,6594.433549888114
2020-01-03,-0.03648795188124604,6358.153085108054
2020-01-06,-0.4180157862750818,4185.901753459803
2020-01-07,-0.2516261807476043,3254.6865490647892
2020-01-08,0.4137407491152168,4922.599387839949
2020-01-09,0.001982825638868763,4932.369727354796
2020-01-10,0.17416468250828887,5870.7607787289335
2020-01-13,0.3478250964403015,8312.906661219744
2020-01-14,-0.1904421764092427,6871.395052476972
2020-01-15,0.3866703607353557,10115.182477684786
2020-01-16,0.18279386166187805,12143.9532671916
2020-01-17,-0.6394884538826521,6406.6910355405225
2020-01-20,0.7962376605433515,14204.809139754143
2020-01-21,-0.2781967217830854,10755.140833148847
2020-01-22,-1.0040215341354293,3940.715568404928
2020-01-23,-0.656459037964609,2043.9889887154013
2020-01-24,-0.6006869482313263,1120.9946112315004
2020-01-27,0.031898794454273106,1157.3294253659403
2020-01-28,-0.15405535932843062,992.0912124359891
2020-01-29,-0.2029309115244043,809.8784215537951
2020-01-30,0.3728644687819655,1175.852397599143
2020-01-31,0.2018727941070391,1438.8815687778451
2020-02-03,0.17852885716299016,1720.1215907503883
2020-02-04,0.25416148426784513,2217.890380195296
2020-02-05,0.3773185715212865,3234.5021991720528
2020-02-06,-1.2484673367860928,928.1218041162382
2020-02-07,-0.2101174408891507,752.232564709068
2020-02-10,-1.311707716540223,202.62111796983265
2020-02-11,0.022608409441658147,207.25423552978472
2020-02-12,-0.0026545360575053636,206.70480125767867
2020-02-13,0.6879167943662904,411.25295560275754
2020-02-14,0.9152451081197719,1027.0579112059502
2020-02-17,0.1507434266126722,1194.1584897912524
2020-02-18,-0.3547849207056257,837.4923279131795
2020-02-19,0.3226907257909754,1156.4414213770679
2020-02-20,-0.3660845479418617,801.927560968874
2020-02-21,-0.0007476852927407176,801.3281956219437
2020-02-24,0.7311155690206663,1664.6766253350831
2020-02-25,-0.38548989326551353,1132.1754877566825
2020-02-26,0.5220832889165129,1908.321922355251
2020-02-27,0.46003893332525936,3023.0408069374826
2020-02-28,-0.6825398646669717,1527.638913801319
2020-03-02,0.722183095066263,3145.291098237267
2020-03-03,0.4899352461677708,5133.777233620923
2020-03-04,0.0726814244926654,5520.8018674838695
2020-03-05,-0.5432354981861162,3206.845095027147
2020-03-06,-0.6194292682659046,1726.0893339862766
2020-03-09,-0.41155202061502677,1143.7431271271967
2020-03-10,0.42000907936011345,1740.7488738047725
2020-03-11,-0.771856992739993,804.4941494480729
2020-03-12,0.3525674204503572,1144.5663545174243
2020-03-13,-1.0127822408594613,415.7145611680555
2020-03-16,-0.17271527649645954,349.7727287776076
2020-03-17,0.0828052853192761,379.9687006191505
2020-03-18,1.7849899234717148,2264.4310312006037
2020-03-19,-0.9647748901658157,862.9044062617062
2020-03-20,0.9792258845781053,2297.3918964161608
2020-03-23,0.09764439718920512,2533.0368493589112
2020-03-24,0.2984935867584435,3414.0951871075818
2020-03-25,0.08030274155447968,3699.565006545953
2020-03-26,0.32252830342798194,5107.671117695893
2020-03-27,-0.09732724511109253,4633.980904470371
2020-03-30,0.8998144698510199,11395.63941885885
2020-03-31,-0.2853840636168569,8566.392608463908
2020-04-01,0.7400670509218185,17955.810412459472
2020-04-02,-0.442786892822924,11532.012567743957
2020-04-03,-0.043505816838222515,11041.060022297479
2020-04-06,-0.7548288686940992,5190.303555785247
2020-04-07,0.308523730997921,7066.150974609579
2020-04-08,1.0408056049522392,20007.786444408262
2020-04-09,-0.05432204763603068,18949.915499176645
2020-04-10,-0.12546354267528728,16715.491592450202
2020-04-13,-0.65264721813306,8703.182049138131
2020-04-14,-0.12520097474743144,7678.987763277191
2020-04-15,-0.9074120003918575,3098.9884023826557
2020-04-16,-0.526507760515165,1830.4612346877188
2020-04-17,0.13833674417027575,2102.0324711582507
2020-04-20,0.7777370615508712,4575.160507096751
2020-04-21,1.6773171592934588,24482.50891924897
2020-04-22,-0.36687064763888666,16963.91249436164
2020-04-23,0.8772868555715961,40787.4790734571
2020-04-24,0.15439253157573757,47596.902254485896
2020-04-27,-0.09057019715295142,43475.496619461126
2020-04-28,0.2532950158677454,56007.88582625646
2020-04-29,0.035527186381138214,58033.45679487168
2020-04-30,0.05783158936185109,61488.568217395514
2020-05-01,-0.22142130964910978,49275.64610800345
2020-05-04,-0.7350369759387018,23627.067654145463
2020-05-05,-0.815814729544152,10449.752143019688
2020-05-06,0.3598287261465593,14975.372012122038
2020-05-07,-0.15763456449292257,12791.39170216313
2020-05-08,-0.357997228136744,8942.142317205502
2020-05-11,0.00537631386016007,8990.347547996944
2020-05-12,0.4601274292618021,14243.190550461342
2020-05-13,0.10415694143941485,15806.73125074159
2020-05-14,-0.3330826706686479,11328.857224644966
2020-05-15,0.5623398035140069,19879.578736397296
2020-05-18,0.6612571426226289,38511.2402529158
2020-05-19,0.19452591267877548,46780.94986946048
2020-05-20,0.39949431230531907,69753.69388950845
2020-05-21,0.4816844253405664,112917.19964625897
2020-05-22,0.4318365114160505,173901.89442213054
2020-05-25,0.26241180452107243,226083.21050123434
2020-05-26,0.25158993677547725,290758.5089066709
2020-05-27,0.2335131624621489,367236.56027307204
2020-05-28,-0.4630277249004765,231129.5772901518
2020-05-29,0.2948249436022662,310381.88843904383
2020-06-01,-0.5362495446617086,181554.13847644374
2020-06-02,-0.31021191181177254,133132.11499830883
2020-06-03,0.5500446201078462,230761.93648866593
2020-06-04,0.3149977790917177,316202.98982944264
2020-06-05,0.5842269321508599,567142.9069134388
2020-06-08,-0.10969960093946592,508218.6210722503
2020-06-09,-0.4513492629368055,323617.5600874305
2020-06-10,-0.08537290500363763,297135.8802696689
2020-06-11,0.03744111875807837,308471.87191777595
2020-06-12,0.02836027238731731,317345.4520566134
2020-06-15,0.41675302634613826,481421.87321653886
2020-06-16,-0.13464377528048158,420775.8149163737
2020-06-17,0.15075093391338806,489238.99853064975
2020-06-18,-0.41907951016117756,321748.95849363145
2020-06-19,0.17911921329456393,384864.3069800894
2020-06-22,0.0015671019218796848,385467.90139868134
2020-06-23,-0.3141492418106524,281549.6146064956
2020-06-24,-0.11043234634581359,252112.73195940905
2020-06-25,-0.092478140575431,229843.39735438407
2020-06-26,-0.1402625619190373,199763.79309086886
2020-06-29,1.0335832706491617,561560.1569992189
2020-06-30,-0.052289957982071235,532950.7117890003
2020-07-01,-0.12435968103190728,470628.60834865354
2020-07-02,-1.0049229368847585,172284.35332871825
2020-07-03,-0.41886050789280727,113327.94921522166
2020-07-06,-0.11178174377675772,101342.31838824254
2020-07-07,-0.30942679296840886,74371.8332006073
2020-07-08,0.6194116413162036,138170.56848665018
2020-07-09,-0.06648988985974486,129282.38405217399
2020-07-10,0.4896736278312919,210960.8694495185
2020-07-13,0.02463340285001545,216222.08835302334
2020-07-14,0.01613658089917423,219739.47655975635
2020-07-15,-0.044045410914506686,210271.01289111644
2020-07-16,0.002672742727679322,210833.76492235836
2020-07-17,1.1075014240490924,638148.7477048787
2020-07-20,-1.3845471672331129,159816.1729743183
2020-07-21,-1.0185565557261262,57712.147507599926
2020-07-22,-0.2832874723237093,43474.745564169454
2020-07-23,0.007468475100991644,43800.65111280988
2020-07-24,0.33242310325235136,61073.11702385301
2020-07-27,0.2192788930313466,76046.93223830592
2020-07-28,-0.17712148701071714,63702.842966159355
2020-07-29,0.5141834576291632,106528.51009677573
2020-07-30,0.5288818748274319,180782.47710439045
2020-07-31,0.09409068229943524,198618.36246727256
2020-08-03,0.456560890596111,313546.005554362
2020-08-04,0.11511662927485278,351799.9628702184
2020-08-05,-0.23019249163421857,279463.09237464954
2020-08-06,0.28896608610686686,373096.20969884784
2020-08-07,0.05314842998100094,393462.1012262849
2020-08-10,0.0009510775169232029,393836.4921937172
2020-08-11,0.7759481474985827,855669.3055700748
2020-08-12,-1.248159812412232,245604.90407803445
2020-08-13,-0.6639189764443354,126444.71630328675
2020-08-14,-0.5210579943317257,75094.49043593058
2020-08-17,-0.15226734018836088,64488.04468196778
2020-08-18,-0.12653308110788086,56823.318118947405
2020-08-19,-0.7098953026865962,27939.779700404757
2020-08-20,-0.49775627183064974,16984.398667182366
2020-08-21,-0.40863848338261766,11287.057483397366
2020-08-24,1.2613770622038132,39846.468283426744
2020-08-25,0.9567681170966107,103731.09162941418
2020-08-26,-0.21659279437776272,83530.27147300416
2020-08-27,-0.19144566066406926,68976.33247199966
2020-08-28,-0.5791458934952592,38652.73534089338
2020-08-31,-1.0000694657382352,14218.558939955567
2020-09-01,-0.05918021362149539,13401.516406916831
2020-09-02,-0.4653545451918042,8414.978898698151
2020-09-03,-0.03596125641185741,8117.742218863094
2020-09-04,-0.6997799121602353,4032.0387909157116
2020-09-07,-0.3786683169822381,2761.0300993584083
2020-09-08,0.07555882753263116,2977.7341591778136
2020-09-09,0.18508924090375267,3583.1844024675656
2020-09-10,0.2167120287599139,4450.266276037088
2020-09-11,-0.7582322161507999,2084.922565159519
2020-09-14,0.5002192409527446,3438.2098947287454
2020-09-15,-0.45404559099897285,2183.4481895641325
2020-09-16,0.39148474466736066,3229.7027662584574
2020-09-17,-0.00648706651848385,3208.819279098891
2020-09-18,-0.9834839694340112,1200.1170266142415
2020-09-21,-0.22770631459169002,955.7229201931856
2020-09-22,0.23939805089666907,1214.230825053903
2020-09-23,0.3614875747820098,1742.9836485869098
2020-09-24,-0.09380864769567594,1586.9116003165716
2020-09-25,1.1605172527373715,5064.761204279041
2020-09-28,0.7482126986702935,10702.953046194512
2020-09-29,-0.18370760791781907,8906.773735226037
2020-09-30,0.5973938325230468,16186.958928289663
2020-10-01,1.4054424548051627,65999.57934377047
2020-10-02,1.3251809257153782,248347.57924225094
2020-10-05,-0.8677753279896102,104277.32807689988
2020-10-06,-0.6326533906201558,55390.08327823409
2020-10-07,1.0107083292234142,152186.82907968876
2020-10-08,-0.708580966723228,74928.02139880236
2020-10-09,-0.9056065615872468,30293.142793128165
2020-10-12,-0.3684600842724132,20956.76052018014
2020-10-13,0.3190542196898252,28832.85431741399
2020-10-14,-0.08066906471020341,26598.27721010061
2020-10-15,-0.43731189099792755,17176.369212019912
2020-10-16,-0.4501647983004873,10950.3318074564
2020-10-19,-0.44517518469112055,7016.009247748141
2020-10-20,-0.5012113107789319,4250.273196433713
2020-10-21,1.220657358841608,14405.93999565749
2020-10-22,0.1560756733816653,16839.314386715778
2020-10-23,0.499817469579694,27758.268622502183
2020-10-26,-0.2496669311779889,21625.362874679413
2020-10-27,-0.09545133719998924,19656.645918375187
2020-10-28,-0.3557599170490709,13772.248356624015
2020-10-29,-1.2983487603218191,3759.5783811375145
2020-10-30,-0.7319621920476035,1808.2230566309388
2020-11-02,-1.0054549014422844,661.5893220084099
2020-11-03,-1.3849029774548023,165.62762182064904
2020-11-04,-0.7268814859834892,80.06674028915795
2020-11-05,0.7652600662726665,172.10772807401557
2020-11-06,-0.02496532689705399,167.864193398819
2020-11-09,0.7490008917905008,355.0136259364339
2020-11-10,0.2422264617527551,452.3167159271007
2020-11-11,0.4253558120012009,692.105530983878
2020-11-12,-0.49399846104350237,422.3101447935747
2020-11-13,0.29362210126927984,566.4348591743146
2020-11-16,0.4942178754374756,928.5088953351817
2020-11-17,-0.44812844241921157,593.1524915610075
2020-11-18,0.40542076109783065,889.6892814068851
2020-11-19,0.3993670439453743,1326.420611512222
2020-11-20,-0.34521772734196915,939.1935639509446
2020-11-23,-0.6742939405443427,478.53418761557856
2020-11-24,-0.7284086815170554,230.9771930578371
2020-11-25,0.05854882887023098,244.90436886107798
2020-11-26,0.20812348796381028,301.5667217829961
2020-11-27,-0.47858568088100545,186.86858396337857
2020-11-30,0.01397628091748075,189.49864823389984
2020-12-01,0.2916781993997101,253.67656528136845
2020-12-02,0.29334277868797215,340.15550110787717
2020-12-03,0.7125510459279008,693.6405696534224
2020-12-04,0.5536889137831137,1206.6978145305181
2020-12-07,-0.43492762046799166,781.1093934722472
2020-12-08,0.6481572631302807,1493.4922845563885
2020-12-09,-0.18525079351475232,1240.9365777199043
2020-12-10,0.43580076130764767,1918.7370064322213
2020-12-11,0.026319728313236986,1969.9080937674175
2020-12-14,-0.1470019608218044,1700.6064588235795
2020-12-15,-0.753059994892021,800.8552443078618
2020-12-16,-0.0896120247971509,732.2106071190025
2020-12-17,-0.7514729378072537,345.36272772219706
2020-12-18,0.45706372181262384,545.4760890525574
2020-12-21,0.7406614763048718,1144.0392119507783
2020-12-22,-0.4454227018442385,732.8182706383961
2020-12-23,0.15752867205402346,857.8475626057774
2020-12-24,-0.3722106728295211,591.2362861786777
2020-12-25,-0.3435342038275313,419.3397879686321
2020-12-28,0.43941471359749645,650.7309403378403
2020-12-29,-0.020985226158699816,637.2174916914854
2020-12-30,0.9542127281749883,1654.6152057504075
2020-12-31,-0.23894047096446477,1302.9461984299815
2021-01-01,0.49024833947388785,2127.348452427898
2021-01-04,0.04741432793868436,2230.6447609786564
2021-01-05,0.3946101786903865,3309.8433197840877
2021-01-06,-0.2135221842032704,2673.4737817718287
2021-01-07,-0.02442691943780842,2608.9601949479306
2021-01-08,-0.0622398817294987,2451.5288920200665
2021-01-11,-0.4592746806711698,1548.7330147242094
2021-01-12,0.37507536951208514,2253.5630835089532
2021-01-13,0.37061426203920167,3264.565965506985
2021-01-14,0.3389687272935902,4581.816547851071
2021-01-15,0.8325849003403951,10534.761898451641
2021-01-18,0.8067283659237752,23603.82586752183
2021-01-19,-0.2073424854895349,19183.802945814026
2021-01-20,0.24267215580405005,24452.64725474957
2021-01-21,-0.4546579031405667,15519.240537172398
2021-01-22,0.01774262516348312,15797.049850256484
2021-01-25,-0.42006871831168546,10378.688136139
2021-01-26,1.0404036014627591,29375.41462950714
2021-01-27,0.2551831590871466,37914.78897881606
2021-01-28,-0.15486381128713167,32475.223190241664
2021-01-29,0.8766913159088916,78035.88235657744
2021-02-01,-1.3899765024669706,19437.267892643908
2021-02-02,-1.3803974719142094,4888.056480531806
2021-02-03,0.5627040809208811,8580.557238991565
2021-02-04,0.03943741093866768,8925.713501348584
2021-02-05,0.15646116056243065,10437.420038456918
2021-02-08,-0.8425713556145418,4494.372567070984
2021-02-09,-0.014501595508419278,4429.667292832177
2021-02-10,1.2471798237432101,15417.516556834435
2021-02-11,0.5088801181724679,25645.91808468481
2021-02-12,0.10300554834630744,28428.437605119365
2021-02-15,-0.26848879805502723,21734.506747262305
2021-02-16,-0.26936765801279083,16602.171702089418
2021-02-17,-1.19578158128768,5021.6166864219085
2021-02-18,0.14280933318497538,5792.4842838425975
2021-02-19,0.47550863625501694,9319.135812195304
2021-02-22,-0.9072363551085841,3761.5591735933817
2021-02-23,-0.37076259850192095,2596.257400793287
2021-02-24,-0.5702266835530018,1467.9168152437326
2021-02-25,-0.4904266038718159,898.901029018561
2021-02-26,0.03141166320651236,927.5851549539608
2021-03-01,-1.0818391051025287,314.4249756328691
2021-03-02,0.34214120385559277,442.69750342397623
2021-03-03,0.4106680502251778,667.510253040378
2021-03-04,-0.13620495627886445,582.5120047484385
2021-03-05,-1.2499720790283197,166.89714345443502
2021-03-08,-0.4921809285432181,102.02284784351048
2021-03-09,0.676209317957551,200.61870262843163
2021-03-10,-1.5955289137927362,40.68572080960632
2021-03-11,-0.22740469540855185,32.41017755118322
2021-03-12,-0.8422873193875358,13.959847539493614
2021-03-15,0.5911431379490291,25.212207806557057
2021-03-16,-0.5615200111252566,14.379567895627735
2021-03-17,0.3444358823597339,20.292354413303837
2021-03-18,0.5076914887629652,33.714758324827955
2021-03-19,1.5928918201505557,165.80750285696774
2021-03-22,-0.17470802710033667,139.22891750632536
2021-03-23,0.3048255198751794,188.84847744990037
2021-03-24,-1.2837860829052494,52.3085011631122
2021-03-25,0.9325868509151962,132.919775555505
2021-03-26,-0.6264708332099902,71.04226074351054
2021-03-29,-0.45111143819840965,45.24822683938902
2021-03-30,-0.019088694410168142,44.39268879492397
2021-03-31,-1.4250566291024354,10.676212758288584
2021-04-01,0.23655649203334547,13.525471047387628
2021-04-02,1.038998150369953,38.22817474039832
2021-04-05,0.2750757430737346,50.332376874491686
2021-04-06,-1.4633703731424479,11.649673715080544
2021-04-07,-0.10285281239361783,10.51103187040348
2021-04-08,0.5893212177391488,18.948913175659737
2021-04-09,-1.655932297070921,3.6176125099114826
2021-04-12,-0.9828747698898873,1.353832569601284
2021-04-13,0.7518723292669734,2.8714348138413985
2021-04-14,0.21271504582280099,3.5520570479751714
2021-04-15,0.32256906203818586,4.904219455031347
2021-04-16,1.317966382055751,18.321263585932567
2021-04-19,0.3145547438848937,25.0937064030742
2021-04-20,0.45062699218139185,39.379448398516274
2021-04-21,2.0164367350961947,295.79918678316955
2021-04-22,-0.16513198068449067,250.77316874911887
2021-04-23,-0.515803757905027,149.7167330607177
2021-04-26,0.28285992445276353,198.66201961508662
2021-04-27,0.2910801464547523,265.78431483400897
2021-04-28,-0.35863738511241244,185.68426814534808
2021-04-29,-0.7911346315910762,84.17627539799608
2021-04-30,1.5065449228396963,379.729075606997
2021-05-03,0.20374892759287083,465.54416426198395
2021-05-04,-0.47580760967758173,289.28123818667893
2021-05-05,0.5280961242720505,490.5344356317559
2021-05-06,-0.07006398493995844,457.34201229668855
2021-05-07,-0.16698857900491842,387.00705303403424
2021-05-10,0.3956125166546621,574.8191297816758
2021-05-11,-0.8660538823368062,241.7735518863701
2021-05-12,0.25090261252655105,310.7237222923189
2021-05-13,1.4662269457054857,1346.3211940556832
2021-05-14,0.3612921470027501,1932.2168647539818
2021-05-17,-0.29402772844802616,1439.9958762669983
2021-05-18,-0.40147769344472223,963.832799839767
2021-05-19,-0.30199398801421806,712.602561254181
2021-05-20,-0.18365740629205904,593.0427225123439
2021-05-21,-0.26881383612663656,453.2539683797035
2021-05-24,0.6688027480580749,884.7059704654903
2021-05-25,-1.3551115767945856,228.1820502247884
2021-05-26,0.618227848128593,423.4229767107013
2021-05-27,-0.26799125986792466,323.88236034598776
2021-05-28,0.2965966744327906,435.710067321378
2021-05-31,-0.8310173284507865,189.79787886687188
2021-06-01,0.9163511755363141,474.52337823113703
2021-06-02,0.8689119089686609,1131.4132511327375
2021-06-03,0.7102158332251084,2301.781410017093
2021-06-04,-1.1146293988750646,755.0690706324749
2021-06-07,0.6706296656298603,1476.5135746961412
2021-06-08,0.34634543473300206,2087.6291638496605
2021-06-09,-1.4462463792359603,491.53736077021495
2021-06-10,-0.022254554023673698,480.7192387437425
2021-06-11,0.3981187172155052,715.800941515855
2021-06-14,0.5874442528448575,1288.0005922808934
2021-06-15,0.15869580268454123,1509.5127101148414
2021-06-16,0.2904171516172576,2018.1959974713384
2021-06-17,1.397779526854538,8166.035732750112
2021-06-18,1.1568264387054568,25966.571711431712
2021-06-21,-2.9440530808791117,1367.1891631931578
2021-06-22,-0.28425326647699434,1028.9137766861718
2021-06-23,-0.1325036624873575,901.2252952094183
2021-06-24,-1.2423058514714118,260.1997031062764
2021-06-25,0.0629387825679255,277.10270333304067
2021-06-28,0.8562887813707938,652.4124728644765
2021-06-29,-0.771538612970654,301.61108095461753
2021-06-30,0.24311033351737343,384.61725984582665
2021-07-01,-0.5911775847092469,212.95292349636875
2021-07-02,-0.3639300974672534,147.9894559086184
2021-07-05,0.807151722738372,331.7205010703492
2021-07-06,-0.28660853156757865,249.05760585831231
2021-07-07,0.254332290327549,321.1847519672728
2021-07-08,-1.0869262276886413,108.32005112826529
2021-07-09,1.0950419872709565,323.8020163744757
2021-07-12,0.37569797219568374,471.45810369646046
2021-07-13,-0.11525965013734253,420.1326902313009
2021-07-14,0.37902914992350134,613.7574026793225
2021-07-15,-0.8775033924657447,255.2124531684853
2021-07-16,0.7261626580514124,527.5581023996084
2021-07-19,-0.20145316102070107,431.30083730038075
2021-07-20,-0.13473828455969736,376.9330405625074
2021-07-21,-0.3147503970532972,275.1502090794569
2021-07-22,-0.3859727078753096,187.04410702842407
2021-07-23,0.4520464758099709,293.94448745046867
2021-07-26,0.1649119167745964,346.6455707774924
2021-07-27,0.44566135511422916,541.2948844146581
2021-07-28,-0.0048568168308160305,538.6722881996114
2021-07-29,0.2736125798675372,708.1953447067499
2021-07-30,-0.20007653829830663,579.7769310601354
2021-08-02,0.9021274198610367,1429.0581184303526
2021-08-03,-0.609776864858584,776.6532499067812
2021-08-04,0.526251558274227,1314.544558425555
2021-08-05,0.5651169331006005,2313.14297577757
2021-08-06,-0.36096344415876913,1612.271011413997
2021-08-09,1.0369005173494021,4547.348284822551
2021-08-10,0.5157573300710505,7616.38310288588
2021-08-11,0.5029272592618447,12594.105132555913
2021-08-12,0.01642955652980079,12802.729807395091
2021-08-13,-0.12580004726775088,11289.333785026764
2021-08-16,-0.11401251871220944,10072.871786129874
2021-08-17,0.20483405722834291,12362.650930849743
2021-08-18,0.6599211103627746,23917.275354292662
2021-08-19,0.08076440102111061,25929.08773309708
2021-08-20,-0.39717590543486886,17429.9416454299
2021-08-23,0.3859610943423132,25639.922410337826
2021-08-24,0.4944028244833278,42037.136517894316
2021-08-25,0.31804781297303575,57777.60497320374
2021-08-26,0.37545683913835015,84104.33256900085
2021-08-27,-0.1265118613548415,74109.68467793382
2021-08-30,-0.45380335565110913,47075.03723518958
2021-08-31,-0.42266268274307756,30848.25493964733
2021-09-01,-0.6988090751277631,15337.044446372933
2021-09-02,0.11003706652139138,17121.04098680972
2021-09-03,-0.03693296816262961,16500.24461596603
2021-09-06,-0.1900523748106173,13644.313360430313
2021-09-07,-1.1918315047256312,4143.294840354213
2021-09-08,-0.48460502617315937,2552.022801749116
2021-09-09,0.45629074822137233,4027.6257101029246
2021-09-10,-0.2694917214408367,3076.170031935574
2021-09-13,0.1521463099780234,3581.6788287002796
2021-09-14,-0.608058981812448,1949.8894043384928
2021-09-15,0.7020416855060916,3934.6201290302038
2021-09-16,-0.06861685391961803,3673.6932339434015
2021-09-17,0.1254188906903384,4164.583945201278
2021-09-20,1.0983808032941904,12490.86004950452
2021-09-21,0.7039510128781078,25253.08164680666
2021-09-22,-0.15560129756401797,21614.121973496196
2021-09-23,-0.3118227219442144,15823.94302268796
2021-09-24,-0.1700340161820397,13349.649876223773
2021-09-27,0.2753800488262887,17581.90427329545
2021-09-28,-0.06564255930304011,16464.84739810104
2021-09-29,-0.28886221373706533,12334.071009745137
2021-09-30,1.0732439923647643,36075.33627443661
2021-10-01,-0.08375770530566766,33176.82934081057
2021-10-04,1.8244426839156065,205674.41417840574
2021-10-05,0.06731592133160708,219996.2115759422
2021-10-06,1.344197042441258,843708.7638648753
2021-10-07,0.2670169453140584,1101936.4430320596
2021-10-08,0.7316460152801093,2290373.833122548
2021-10-11,-0.5132053081875559,1370957.9676767148
2021-10-12,-0.5342301985367733,803546.3128475733
2021-10-13,0.24643991711311597,1028107.2193129908
2021-10-14,0.4888747054863362,1676308.687226082
2021-10-15,0.019641697804161636,1709559.720254715
2021-10-18,-0.6085612067723024,930228.2033912505
2021-10-19,-0.7497614341282773,439513.5301206689
2021-10-20,-0.8571459340579312,186517.03359287497
2021-10-21,-0.9880635430339356,69439.7190786115
2021-10-22,0.06328957727907462,73976.58336377524
2021-10-25,0.629097692008993,138773.94219559713
2021-10-26,-0.007058014322187364,137797.92215748396
2021-10-27,-1.2605990057901004,39063.52917356387
2021-10-28,-0.11144781567820657,34943.814035240866
2021-10-29,-0.09276901352603514,31847.93181638805
2021-11-01,1.3003715395873618,116902.9360853333
2021-11-02,-0.8287674705271308,51038.30931841885
2021-11-03,-0.2225163799182587,40856.26330082017
2021-11-04,1.1846593676385235,133582.53166842362
2021-11-05,0.3167019007040932,183354.49355208827
2021-11-08,0.4393907100568872,284522.4362028872
2021-11-09,0.08955704543435088,311179.2640220667
2021-11-10,0.26674875642642437,406310.609117894
2021-11-11,0.6202497053231963,755490.8115146788
2021-11-12,-0.631662927594712,401699.65877770307
2021-11-15,0.6419930445907681,763335.5688574071
2021-11-16,-1.030234684801664,272452.1634466576
2021-11-17,0.23004148305103492,342922.5207966482
2021-11-18,0.131194514343657,390996.67225918436
2021-11-19,-0.48653228685725336,240366.96159463606
2021-11-22,-0.01797395889069372,236085.21098535202
2021-11-23,-0.48637065878694646,145157.9042274649
2021-11-24,-0.8599441322724747,61428.752806734396
2021-11-25,-0.274725733233993,46672.36712042501
2021-11-26,-0.9138986748629213,18713.657487250082
2021-11-29,0.23113235664084583,23579.695011895506
2021-11-30,-0.7977311624854454,10619.105648239572
2021-12-01,0.42409682059905657,16228.218651200617
2021-12-02,-0.6287212666815805,8654.075380726801
2021-12-03,-0.33497733932111984,6190.730006555147
2021-12-06,-0.3954661696031712,4168.627493349714
2021-12-07,0.794799938452843,9229.333002325935
2021-12-08,0.17728492100786802,11019.558096758592
2021-12-09,-0.09087684845912147,10062.290818942382
2021-12-10,0.2086102531258459,12396.387598600839
2021-12-13,-1.0669261237423118,4265.156966782866
2021-12-14,-0.022392480557841404,4170.710909499377
2021-12-15,1.0123067173875246,11477.553065436541
2021-12-16,0.07010707098776346,12311.087653209728
2021-12-17,0.03229758758474476,12715.196833037138
2021-12-20,0.2547788954658537,16404.845928039107
2021-12-21,0.4225880552315152,25032.245902195667
2021-12-22,-0.9425618330305969,9753.273739454868
2021-12-23,-0.8486918543922086,4174.151659845389
2021-12-24,0.1098055495552508,4658.608004177616
2021-12-27,-0.39288940822183305,3145.0421231234827
2021-12-28,0.6876306139196953,6255.480113090551
2021-12-29,-0.17708913273514007,5240.247682807523
2021-12-30,-1.2327591164970932,1527.4652289456196
2021-12-31,-0.7500879053057193,721.4600616739551
2022-01-03,-1.5232263179582,157.2836249918144
2022-01-04,-0.14348217002255487,136.2605053593374
2022-01-05,-0.1137002954630048,121.61596337402241
2022-01-06,-0.28510155544370736,91.44765053173406
2022-01-07,0.6998718353788027,184.12935346892016
2022-01-10,0.8653245898172067,437.4503039678466
2022-01-11,-0.12324926453265982,386.72499913362236
2022-01-12,-1.5694130677796654,80.50350920658481
2022-01-13,0.5077873270525022,133.7654780949871
2022-01-14,0.44062198062413593,207.82784812860163
2022-01-17,0.2270563576091461,260.80328905718295
2022-01-18,0.6919011710470102,520.9570560953671
2022-01-19,-0.8450100377857878,223.77869050373695
2022-01-20,1.289570841172971,812.5914127072614
2022-01-21,-0.6445462966922738,426.5297503503264
2022-01-24,0.48243465718874873,690.9840743966455
2022-01-25,-1.1810467512592189,212.10257989178484
2022-01-26,-0.5416056636537784,123.40410311018499
2022-01-27,0.8340348025106982,284.1491180491519
2022-01-28,-0.12647803664381968,250.3903567926995
2022-01-31,0.3864766095555281,368.52101438508925
2022-02-01,0.11221529974178229,412.28424914524004
2022-02-02,-0.04897880594782187,392.5776023300323
2022-02-03,0.6334315021065918,739.6415912561064
2022-02-04,-0.10913309891527728,663.1708397323329
2022-02-07,-0.8426185847065644,285.54911593756077
2022-02-08,-0.35484920469300896,200.2496512580932
2022-02-09,0.25972411699701503,259.638157924627
2022-02-10,0.1974300848614494,316.3088299417735
2022-02-11,-0.8083875196857877,140.93961364003513
2022-02-14,-0.3913262101362806,95.29766573042976
2022-02-15,-0.3223974069093615,69.03460561613201
2022-02-16,-0.23649987852430565,54.494949683470246
2022-02-17,-0.8836429193809512,22.52138070669528
2022-02-18,-0.3935197751089377,15.194679543236354
2022-02-21,-0.4308276793264042,9.87609960705166
2022-02-22,0.4231287037305449,15.078145249211735
2022-02-23,0.40544426463348643,22.61674645732257
2022-02-24,-0.06839615790109076,21.121563124239525
2022-02-25,-0.18482411281584968,17.557309428361975
2022-02-28,0.06856157484647711,18.80329141342736
2022-03-01,-0.4022150772029496,12.576334737388668
2022-03-02,-0.5367970546955503,7.352348586746173
2022-03-03,-0.4744586262320424,4.574791717967405
2022-03-04,-0.3403914670857062,3.254926531630285
2022-03-07,-0.6189499563390791,1.7528091826626142
2022-03-08,0.08275547355479851,1.9040348155764126
2022-03-09,0.3892118634390571,2.8100073110315753
2022-03-10,-0.8609092628518957,1.1880078424184188
2022-03-11,0.012573176842366274,1.2030391728811183
2022-03-14,-0.1072698133979156,1.0806699638722004
2022-03-15,0.17174903763016905,1.283165694395911
2022-03-16,-0.005806394738653406,1.2757367165200133
2022-03-17,-0.7008146869942379,0.6329962010369968
2022-03-18,-0.549413393630619,0.36542133378203445
2022-03-21,0.014604679204386104,0.37079735712756157
2022-03-22,0.5531865349423432,0.6447368448869879
2022-03-23,-1.1715678904139983,0.19979150558217365
2022-03-24,0.18910399314887855,0.24138142141040167
2022-03-25,0.5442493213216053,0.41597604113508796
2022-03-28,-0.06440394624075138,0.39003002328264263
2022-03-29,0.2303488485049445,0.49106306791685
2022-03-30,-0.2739966825872354,0.37337224014097503
2022-03-31,-0.0494877169164357,0.3553446515483746
2022-04-01,-0.7939096545216244,0.1606420364322059
2022-04-04,-1.0581054212565526,0.05576091032888131
2022-04-05,0.4035769431620209,0.08348358580286615
2022-04-06,-0.43306337673326684,0.05414072409498652
2022-04-07,-0.2280460965915496,0.04310075705329027
2022-04-08,-0.637446949324245,0.02278479921848229
2022-04-11,-0.6660021211158025,0.011705882480402465
2022-04-12,-0.0945812998858001,0.010649470702995423
2022-04-13,-0.3526239652547139,0.007484889286776808
2022-04-14,0.16752013385127948,0.00884990177658861
2022-04-15,0.19609359193373918,0.010767151292140608
2022-04-18,0.13516188482348113,0.012325395849566908
2022-04-19,0.10807191781100574,0.01373206700189366
2022-04-20,0.7324311146763735,0.028564505182384858
2022-04-21,-0.4368461827667979,0.01845469273167149
2022-04-22,-0.023357872458130247,0.018028625752985913
2022-04-25,0.4722420997921759,0.028910444004672225
2022-04-26,0.5865918871204884,0.05197666153508053
2022-04-27,-0.63366764074346,0.027581000843720407
2022-04-28,-0.13371742384435054,0.024128886594501592
2022-04-29,0.6134781726552496,0.04456228659484067
2022-05-02,0.24536188549532095,0.056954334337253505
2022-05-03,0.09837204787286709,0.06284188706629253
2022-05-04,-0.09659637152698146,0.05705555664396333
2022-05-05,-0.17923194582196042,0.047693423929958685
2022-05-06,0.1260341824703845,0.054099649536177345
2022-05-09,-0.1128703302355601,0.04832540363272728
2022-05-10,-0.017015709795402283,0.04751006900962236
2022-05-11,0.033751058758858914,0.049140951329729524
2022-05-12,-0.27424473540790034,0.037354298466588214
2022-05-13,0.1983807227883926,0.04555082401421933
2022-05-16,1.1616481465079587,0.14554376916433429
2022-05-17,-0.7299371816363392,0.07014325695813493
2022-05-18,0.12895162061907967,0.07979743007443633
2022-05-19,-0.34055021177572864,0.05676620053363423
2022-05-20,0.2530571539902561,0.0731124189037747
2022-05-23,0.02093045451190692,0.07465882206832339
2022-05-24,0.3480287979279599,0.10573727651138871
2022-05-25,0.5168522358450487,0.1772940635236769
2022-05-26,0.08874773480307686,0.1937478293195517
2022-05-27,0.5044240031118935,0.32085248453536125
2022-05-30,-1.021347846305761,0.11554194468301353
2022-05-31,0.7756541537017276,0.25095854726807343
2022-06-01,0.17052951078086648,0.2976199348050155
2022-06-02,0.41208981861037136,0.44939718892486663
2022-06-03,-0.5329478517952534,0.26373880879012185
2022-06-06,-0.443715742971464,0.169227423217208
2022-06-07,0.07625117192217344,0.18263592342786364
2022-06-08,-0.007403512255973763,0.18128876912044256
2022-06-09,0.12644758645521528,0.20572467709855713
2022-06-10,0.4777368992358493,0.3317148303716201
2022-06-13,-0.7732140858720103,0.1530954478860798
2022-06-14,0.39668546200666366,0.2276358109043899
2022-06-15,0.0038632300435549327,0.22851692127825124
2022-06-16,-0.09183769912094718,0.20846529201072467
2022-06-17,-0.5995878285958419,0.11445534347605599
2022-06-20,0.21906635934483976,0.142487046376336
2022-06-21,-1.2365638682385545,0.04137542993063762
2022-06-22,0.3385236421415189,0.058044552768920205
2022-06-23,-0.7620279540779803,0.02709049457804595
2022-06-24,0.02746215283849698,0.027844767455582467
2022-06-27,-0.06344734585227013,0.026132969588025207
2022-06-28,0.5518422839496979,0.04537857165810931
2022-06-29,-0.08564353355594095,0.04165396116777463
2022-06-30,-0.3262466400827492,0.03005863067049468
2022-07-01,-0.2755447176699602,0.022819264476996157
2022-07-04,0.6866064505007241,0.04534099376522144
2022-07-05,0.32914806255117574,0.06301417023461214
2022-07-06,-0.2173043053944819,0.05070656148453422
2022-07-07,-0.13943280370522282,0.04410717714923299
2022-07-08,-0.9490489001209668,0.017074286463998816
2022-07-11,0.22078529334441596,0.021292585416087147
2022-07-12,-1.0139099234630584,0.007724900837404288
2022-07-13,0.4755487424397956,0.01242856843278862
2022-07-14,0.07955906952003465,0.013457772202576346
2022-07-15,1.2952753850657528,0.04914780484054576
2022-07-18,-0.5977604088016347,0.02703336312111315
2022-07-19,-0.05202892020984151,0.02566280979414234
2022-07-20,0.8983607497358224,0.0630169415586039
2022-07-21,0.595105620623208,0.11426373307186731
2022-07-22,-0.30733948498455077,0.08402965224827084
2022-07-25,0.08880883131418787,0.09183363003788708
2022-07-26,0.0011298037943657502,0.09193744265445557
2022-07-27,0.11411075932480362,0.10305049738283763
2022-07-28,-0.2352305306526366,0.08144994039822687
2022-07-29,-0.032203926846189626,0.0788687182966208
2022-08-01,-0.6024036860520603,0.04318015395009439
2022-08-02,0.049298340925103774,0.04536220781093635
2022-08-03,0.15043891240176752,0.05272650359885177
2022-08-04,-0.08194321884016213,0.04857820749437957
2022-08-05,-0.608641064150942,0.026430904770155222
2022-08-08,0.4523432207769595,0.041549154889978394
2022-08-09,0.17379340697626058,0.049435588929109056
2022-08-10,-0.3580343801691985,0.034557901040522
2022-08-11,-0.13731928322678294,0.030123841212127335
2022-08-12,-0.7871951898462698,0.013709948473296799
2022-08-15,-0.5660794792528193,0.007783781359078692
2022-08-16,-0.32691292346935236,0.005613246958095865
2022-08-17,0.7189652514190916,0.011520114378804909
2022-08-18,-0.3622019949975597,0.008019632428230098
2022-08-19,0.3511073239764706,0.011393008900181963
2022-08-22,-0.3136514555758182,0.008325711164117868
2022-08-23,0.1622947358411383,0.009792758590245892
2022-08-24,-0.08875588320464137,0.008961049124978873
2022-08-25,0.5323377229395081,0.015259847508450934
2022-08-26,-0.33333327953385095,0.0109341591226386
2022-08-29,-0.9619673936569051,0.004178383125910594
2022-08-30,-0.9076969226462468,0.001685778436218803
2022-08-31,-0.294153481080972,0.0012561782239079024
2022-09-01,-0.6514038581572746,0.0006548625568984316
2022-09-02,0.20304587145671305,0.000802290890350204
2022-09-05,-0.19432645886950056,0.0006605975402278894
2022-09-06,0.9337491122958156,0.0016805794131274276
2022-09-07,-0.6458294016895206,0.0008810060560830675
2022-09-08,0.07598582489132079,0.0009505590877456681
2022-09-09,-0.4621760468468306,0.0005987680402099123
2022-09-12,-0.20066390245102772,0.0004899044517231966
2022-09-13,0.054255937596524785,0.0005172189641611007
2022-09-14,-0.8954914313174878,0.00021123576553541896
2022-09-15,0.10035345606429151,0.00023353415440415304
2022-09-16,0.7556403115832229,0.0004971882114765967
2022-09-19,-0.16995806843421768,0.00041947779024107323
2022-09-20,0.10350073398988562,0.0004652204201438944
2022-09-21,0.40582717779499045,0.0006980833392799662
2022-09-22,-0.06867720677675117,0.0006517501520493568
2022-09-23,-0.24656118810817285,0.000509332017697004
2022-09-26,-1.0298949991944826,0.0001818541693903796
2022-09-27,0.271160843831513,0.00023849919680681827
2022-09-28,-0.047998631385336284,0.00022732195378337216
2022-09-29,-0.4296324020744345,0.0001479293669012674
2022-09-30,0.04988980527533636,0.00015549673186482878
2022-10-03,-0.20572304671089398,0.00012658343649035207
2022-10-04,-0.19927891203006004,0.00010371251117197682
2022-10-05,0.22653094987940578,0.00013008052809867802
2022-10-06,-0.46903469934851216,8.137914255785064e-05
2022-10-07,0.3709684710813085,0.00011792955767150483
2022-10-10,-0.5468143856555618,6.82565289436447e-05
2022-10-11,-0.22121518416215194,5.471062366635871e-05
2022-10-12,0.585180456920969,9.822279968464917e-05
2022-10-13,0.3269576459632136,0.00013620975454032904
2022-10-14,0.03256398947505782,0.00014071829721886095
2022-10-17,-0.3230968255083733,0.00010186650426404341
2022-10-18,-0.1957785050604216,8.375406185547572e-05
2022-10-19,0.02559263906378691,8.592521357749604e-05
2022-10-20,0.01241199178244,8.699836280482764e-05
2022-10-21,-0.03061324856862068,8.43754136394013e-05
2022-10-24,-0.010419159238098318,8.350085675436467e-05
2022-10-25,-0.07866792765372078,7.718375170079098e-05
2022-10-26,-0.5313425018468991,4.536978989922982e-05
2022-10-27,-0.19707206017870013,3.7254561833499964e-05
2022-10-28,0.35890686290646096,5.3339719795514925e-05
2022-10-31,-0.5759169116763363,2.9987011979013758e-05
2022-11-01,-0.08543732247905683,2.7531396143717694e-05
2022-11-02,-0.33096608452025594,1.9773861649953514e-05
2022-11-03,0.03878379722447548,2.0555832982797517e-05
2022-11-04,-0.1469593361862292,1.7746448438427165e-05
2022-11-07,0.6209620213088989,3.302112239338075e-05
2022-11-08,0.19961990727111328,4.031676294771102e-05
2022-11-09,-0.4545083956572145,2.5591466110403878e-05
2022-11-10,0.23871986080087737,3.2491509259490404e-05
2022-11-11,-0.29952626781767144,2.4081707654992813e-05
2022-11-14,-0.25872416827909445,1.859194394302233e-05
2022-11-15,0.1480692004625975,2.1559090617816942e-05
2022-11-16,-0.22660162487674196,1.7187733162242634e-05
2022-11-17,0.3887619071382222,2.535454105403962e-05
2022-11-18,-0.34034006888580676,1.8040473822419153e-05
2022-11-21,-0.2684581625987878,1.3792977927055298e-05
2022-11-22,-0.2664775484278477,1.0566430780603546e-05
2022-11-23,-0.27102320907681476,8.057947401720022e-06
2022-11-24,0.6073507272235855,1.4790862426905639e-05
2022-11-25,0.3795155031153563,2.1617973812659806e-05
2022-11-28,0.9628831779440902,5.6622603893991414e-05
2022-11-29,1.3644212052272024,0.0002215901429912018
2022-11-30,-0.6503668879063829,0.00011563776443936967
2022-12-01,0.046199032568502066,0.00012110544561405603
2022-12-02,-0.8398572623159638,5.228995853108151e-05
2022-12-05,-0.5794001649467357,2.929462904561823e-05
2022-12-06,-0.4931661425476912,1.7889931125927566e-05
2022-12-07,-0.8615143143766318,7.558885307877691e-06
2022-12-08,-0.8716506474944006,3.1615837405857735e-06
2022-12-09,-0.10335159357301475,2.851147349971763e-06
2022-12-12,-0.8748154438857952,1.1887544143619037e-06
2022-12-13,0.578284016988193,2.1195208845891594e-06
2022-12-14,-0.5698205173366315,1.1988581330319657e-06
2022-12-15,1.9788587098514525,8.673117139367743e-06
2022-12-16,-0.35996919504340863,6.051214905919174e-06
2022-12-19,0.06342701426121901,6.447458853904732e-06
2022-12-20,-1.1443577451091924,2.0530537767684875e-06
2022-12-21,1.6499179686218628,1.0689332703089896e-05
2022-12-22,1.0686710365394472,3.1122073836867296e-05
2022-12-23,0.2841123807283495,4.1348234241802026e-05
2022-12-26,-1.1696272470109847,1.2837909465713404e-05
2022-12-27,0.18680992807477007,1.5474792331744514e-05
2022-12-28,-0.9857923249264416,5.7743175366787055e-06
2022-12-29,1.1535647870891939,1.8301533626210097e-05
2022-12-30,0.631026223307466,3.439843552271662e-05
2023-01-02,0.07369202753250585,3.702906378091371e-05
2023-01-03,-2.128453123099294,4.407245930364202e-06
2023-01-04,-0.9085429670937862,1.7766099424860266e-06
2023-01-05,0.6284669103802436,3.3306714892052293e-06
2023-01-06,1.1151759975775268,1.0158897572826987e-05
2023-01-09,1.010550094138764,2.790762708779496e-05
2023-01-10,-1.410517358053412,6.809935615673396e-06
2023-01-11,0.24390701173770396,8.691014514149724e-06
2023-01-12,0.804491093119768,1.9429271528649987e-05
2023-01-13,-1.2315807245921562,5.670061963587289e-06
2023-01-16,-0.0050137950912066825,5.6417045831990145e-06
2023-01-17,0.19099596406874877,6.8290270770442135e-06
2023-01-18,-0.21448906780221422,5.510708212820308e-06
2023-01-19,-1.1508704684313649,1.743374632234143e-06
2023-01-20,-0.20012948457100693,1.4271696171358188e-06
2023-01-23,-0.2166416029370525,1.1491833862679932e-06
2023-01-24,-0.10567630755013005,1.0339384866900197e-06
2023-01-25,-0.4330748865716158,6.705214384918587e-07
2023-01-26,-0.3389976065685838,4.777359000902313e-07
2023-01-27,-0.028043933539656066,4.6452442300059555e-07
2023-01-30,0.29006694255634974,6.208447673019213e-07
2023-01-31,-0.20382097229368237,5.063661915468094e-07
2023-02-01,-0.28145005052554833,3.821487977727025e-07
2023-02-02,0.06999492367539618,4.098556315021791e-07
2023-02-03,-1.56369539842816,8.580777164239577e-08
2023-02-06,0.3814836638578879,1.2566168358607847e-07
2023-02-07,-0.00010648910743075421,1.2564830269802722e-07
2023-02-08,0.028130623551513963,1.2923305202728482e-07
2023-02-09,0.6820006515259425,2.5560110120363806e-07
2023-02-10,-1.3580923507817444,6.572804375611058e-08
2023-02-13,-1.309081045987844,1.775104937749789e-08
2023-02-14,0.18491411439824174,2.1356555643221002e-08
2023-02-15,-0.004305951394241847,2.1264793057073248e-08
2023-02-16,0.10516466337133819,2.362292078504821e-08
2023-02-17,-0.2910588808837666,1.765746392971225e-08
2023-02-20,0.4062457773229469,2.650688092535282e-08
2023-02-21,0.5805787909790268,4.736971724414277e-08
2023-02-22,0.30742798028027035,6.441916152785989e-08
2023-02-23,-0.15145471398702134,5.536548660344428e-08
2023-02-24,-1.183997367108437,1.6944766871485315e-08
2023-02-27,0.48284878421340416,2.746212633441997e-08
2023-02-28,0.7020235553388257,5.5413951078007595e-08
2023-03-01,0.31668768051134116,7.605973870200555e-08
2023-03-02,-0.3775993420752548,5.213933868620517e-08
2023-03-03,0.29341565618666665,6.991885680608956e-08
2023-03-06,0.37927866821384876,1.0216754353546095e-07
2023-03-07,0.687341713764897,2.0315226325217184e-07
2023-03-08,-0.4267270783513374,1.3258562787534594e-07
2023-03-09,-0.09062154720372209,1.210988479873479e-07
2023-03-10,0.3132218171790469,1.6564202017625524e-07
2023-03-13,0.02762947951417054,1.7028243388788296e-07
2023-03-14,-0.49201822523450733,1.041091855071417e-07
2023-03-15,0.1795686188634827,1.245875682289431e-07
2023-03-16,0.2391741696062036,1.582510977071629e-07
2023-03-17,0.03464998514094227,1.6383060254280684e-07
2023-03-20,0.08508895762404303,1.7838104068360514e-07
2023-03-21,-0.11239969994059058,1.5941681344333738e-07
2023-03-22,0.7468044816904421,3.3640867719817913e-07
2023-03-23,-0.44566162078174826,2.154362627447815e-07
2023-03-24,-0.33721430220652737,1.5376889586422178e-07
2023-03-27,0.006640143212713968,1.5479334082092714e-07
2023-03-28,0.5797466576680242,2.7639682364387144e-07
2023-03-29,-0.9775057364788989,1.039938604710704e-07
2023-03-30,-0.8618819586942608,4.3923518465455234e-08
2023-03-31,-1.3744336372640136,1.1111896237255956e-08
2023-04-03,0.028206918447075766,1.1429790926053746e-08
2023-04-04,-1.006782471044247,4.176362761201548e-09
2023-04-05,-0.3242418898267978,3.0198248260478963e-09
2023-04-06,0.5946277660141279,5.47299824282188e-09
2023-04-07,-0.5541908581812077,3.1444397454042977e-09
2023-04-10,0.19095316487290925,3.80603855085111e-09
2023-04-11,-0.26143477066458,2.930444526721083e-09
2023-04-12,0.5829261348674083,5.249224030646969e-09
2023-04-13,0.4163815703232868,7.960261350673531e-09
2023-04-14,-0.5996324467107045,4.37029007492448e-09
2023-04-17,-0.1480666846746226,3.768822810834557e-09
2023-04-18,0.9377249656395329,9.626191517814983e-09
2023-04-19,0.3022575136382628,1.3023366670636064e-08
2023-04-20,-1.119047065661288,4.253312599656196e-09
2023-04-21,0.48426819350211686,6.903070468450971e-09
2023-04-24,-0.7140345873887298,3.380189323043571e-09
2023-04-25,0.9242414953027518,8.517928827831365e-09
2023-04-26,0.6728821399354604,1.669409987166501e-08
2023-04-27,0.18060362138661284,1.9998534128359938e-08
2023-04-28,0.10430685056291444,2.2197192742654545e-08
2023-05-01,-0.12440519977179018,1.9600608821529985e-08
2023-05-02,0.3931229705283247,2.904027322844462e-08
2023-05-03,-0.20543202943404257,2.3647362089745218e-08
2023-05-04,0.13090205279379294,2.6954590639179827e-08
2023-05-05,0.49525751383769384,4.423034693805454e-08
2023-05-08,-0.29598168268179803,3.289857859770927e-08
2023-05-09,-0.34424664600894145,2.3317002304773145e-08
2023-05-10,-0.6723365312258175,1.190366428569138e-08
2023-05-11,-0.5210380271651242,7.069630735148835e-09
2023-05-12,-0.7778182196501704,3.2478395747557994e-09
2023-05-15,0.3139256174105096,4.4456035720315246e-09
2023-05-16,0.7728046260980723,9.62843088823941e-09
2023-05-17,0.6106804649898527,1.7732528788298302e-08
2023-05-18,-0.7018860522637681,8.789120811990503e-09
2023-05-19,0.32191278022359726,1.2126916249463152e-08
2023-05-22,0.6841399498081411,2.4036353544894893e-08
2023-05-23,-0.20321287219518944,1.9616176218937263e-08
2023-05-24,0.042077619073964546,2.0459189834671867e-08
2023-05-25,-0.7703831700152789,9.46924323521575e-09
2023-05-26,0.1063692134709851,1.0531999621245596e-08
2023-05-29,-0.4699407035347534,6.582913984788597e-09
2023-05-30,0.08657088716535843,7.1781980909630296e-09
2023-05-31,-0.564660481367672,4.081187124306646e-09
2023-06-01,0.17587850858815407,4.8659716418208435e-09
2023-06-02,0.31751999983601376,6.684466597087993e-09
2023-06-05,-0.23700048673502416,5.2739833431141104e-09
2023-06-06,-0.34082096333929257,3.750784305640153e-09
2023-06-07,-0.662309777407617,1.934125311489464e-09
2023-06-08,-0.08133265972570548,1.7830449148175963e-09
2023-06-09,-0.1964900176052459,1.4649666995762756e-09
2023-06-12,-0.5073743513040863,8.820188601992914e-10
2023-06-13,0.14189020835425065,1.0164827343959738e-09
2023-06-14,-0.1484089176570895,8.762879350614779e-10
2023-06-15,-0.32236413480994275,6.348130811149781e-10
2023-06-16,-0.17463252678182706,5.330941596553441e-10
2023-06-19,0.34758325432323883,7.54670569811059e-10
2023-06-20,0.19727120381254565,9.192448579908315e-10
2023-06-21,-0.04844795207685796,8.757709414565599e-10
2023-06-22,0.22504575692360707,1.0967980291222519e-09
2023-06-23,-0.49918498546907286,6.65784034774813e-10
2023-06-26,0.01413561027404616,6.752621299246773e-10
2023-06-27,0.05812128176066355,7.156721978373667e-10
2023-06-28,-0.1875081048180394,5.933082824041841e-10
2023-06-29,0.16288900851656188,6.982681105711611e-10
2023-06-30,-0.27915728875012025,5.281846047594245e-10
2023-07-03,0.19137128909224996,6.395834735625643e-10
2023-07-04,0.21906337933486375,7.962239744898792e-10
2023-07-05,-1.1175480882591846,2.6042956297854964e-10
2023-07-06,0.4982959632547294,4.286447109734037e-10
2023-07-07,-1.405977147276515,1.0507256944172291e-10
2023-07-10,-0.31890469212925,7.638196108515513e-11
2023-07-11,0.5557197989726516,1.3314867430603317e-10
2023-07-12,-0.19072260122481763,1.1002897658370466e-10
2023-07-13,-0.7664556489813623,5.1125740870342094e-11
2023-07-14,-0.5606930945753773,2.9183252815760214e-11
2023-07-17,0.49634290952197174,4.793940993652674e-11
2023-07-18,-0.9426299554125896,1.867728286179442e-11
2023-07-19,0.5344653189168665,3.187344710636935e-11
2023-07-20,-0.025640433664196636,3.106658643314693e-11
2023-07-21,-0.6510839122023057,1.6200610685988152e-11
2023-07-24,-0.31520480726075,1.1820604241492912e-11
2023-07-25,-0.5693847158752398,6.688966748538663e-12
2023-07-26,0.47818366954506825,1.0790251467471283e-11
2023-07-27,0.40782774605276134,1.6223662596985212e-11
2023-07-28,-0.9591640985848301,6.217119720576261e-12
2023-07-31,-0.2332295754316331,4.923783094290189e-12
2023-08-01,-0.545550276953619,2.853444553298197e-12
2023-08-02,0.9246887670352799,7.193771964226638e-12
2023-08-03,-0.9823492825054224,2.6935670718857928e-12
2023-08-04,1.2140427454457745,9.069427207081795e-12
2023-08-07,-0.022654592879750395,8.866272903745456e-12
2023-08-08,-0.792464181507362,4.014008368796898e-12
2023-08-09,-0.4938067985440695,2.4497440181983914e-12
2023-08-10,-0.6203182215484571,1.3174068741545586e-12
2023-08-11,-0.9949890949160298,4.870815190143486e-13
2023-08-14,0.07883814538777623,5.270364148996049e-13
2023-08-15,-1.0450077548629417,1.8535295824217497e-13
2023-08-16,-2.010111255512531,2.4832434321912407e-14
2023-08-17,-0.3529946806769472,1.7446794815504882e-14
2023-08-18,-1.6122847395642226,3.479439487553436e-15
2023-08-21,-0.6816459949526394,1.7598440885344377e-15
2023-08-22,-0.6533708504558948,9.156275229046217e-16
2023-08-23,-0.6410964429136806,4.822743797487966e-16
2023-08-24,1.1142838495985128,1.4696757162954148e-15
2023-08-25,0.027968624481506697,1.5113607436662958e-15
2023-08-28,0.12559239164395508,1.7136109168820013e-15
2023-08-29,-0.9447144832019903,6.662357502112427e-16
2023-08-30,-0.31980856287627296,4.838790720316662e-16
2023-08-31,0.10085229172179941,5.352250518169532e-16
2023-09-01,-0.534157948308263,3.1372894095712017e-16
2023-09-04,0.45918436266564305,4.965646718065159e-16
2023-09-05,-0.7227660773741194,2.410363261463106e-16
2023-09-06,-0.17188525580984668,2.029708549824937e-16
2023-09-07,-0.36312443980679104,1.4116620533317454e-16
2023-09-08,0.11525996441917352,1.5841179212325486e-16
2023-09-11,-0.4502828209405623,1.009792551198039e-16
2023-09-12,-0.17568688207578523,8.470953921038013e-17
2023-09-13,-0.1515322158979749,7.279854748814401e-17
2023-09-14,-0.46982929247977934,4.550702503614875e-17
2023-09-15,0.28017365034184133,6.022215818654e-17
2023-09-18,0.13542627712085126,6.89558633202304e-17
2023-09-19,-0.04730625373970149,6.576977485965309e-17
2023-09-20,-0.24846085434352444,5.1300450294940334e-17
2023-09-21,0.4624874440679633,8.146609927416296e-17
2023-09-22,-0.13384710558738785,7.126033550143768e-17
2023-09-25,-0.1731052166505655,5.9933442308891e-17
2023-09-26,0.06061705273302528,6.367880046122025e-17
2023-09-27,1.0256480429207737,1.7759394691672704e-16
2023-09-28,-0.7513220210168067,8.377861016545863e-17
2023-09-29,0.4005071015403136,1.2504639492312113e-16
2023-10-02,-1.0738271992925814,4.27281361100307e-17
2023-10-03,0.12005974059827622,4.817871707732542e-17
2023-10-04,0.7831978547890222,1.0543716930773528e-16
2023-10-05,0.25291870849528636,1.3577972892109092e-16
2023-10-06,0.09206329038565254,1.4887354030636983e-16
2023-10-09,-0.2693936900713444,1.1371593412168586e-16
2023-10-10,0.015605482357111029,1.155044451173847e-16
2023-10-11,-0.1318276403595792,1.0123872833736652e-16
2023-10-12,-0.4252887122532504,6.616771548374687e-17
2023-10-13,-0.1648411434662342,5.611210243867709e-17
2023-10-16,0.10221082821231942,6.215071654780285e-17
2023-10-17,-0.40575495506261716,4.142180330821465e-17
2023-10-18,-0.41856305441014063,2.7255200249498554e-17
2023-10-19,-0.684390609177187,1.3747455171806697e-17
2023-10-20,0.2114222589051024,1.6984072404195438e-17
2023-10-23,0.33067378176822565,2.3640226394386228e-17
2023-10-24,0.16087016287317477,2.776621328543953e-17
2023-10-25,0.735667155091364,5.794458293778053e-17
2023-10-26,0.0662452388506966,6.191313325317948e-17
2023-10-27,0.3004694307769076,8.361322963849606e-17
2023-10-30,0.24500908894906506,1.0682701519292486e-16
2023-10-31,-0.07346870661768647,9.92599472936442e-17
2023-11-01,-0.4280186177386762,6.469756214479975e-17
