t,y_obs,S_true,I_true,R_true,S_filt,I_filt,R_filt,I_q05,I_q50,I_q95,R0_mean,R0_q05,R0_q95,ess,log_lik_inc
0,7.0,9990.0,10.0,0.0,9986.791472864978,12.297369415621382,0.9111577193915521,9.0,12.0,16.0,3.1879300376835458,1.9679122978072017,4.850315516619996,4825.66382287228,-2.06615429014059
1,3.0,9986.0,11.0,3.0,9985.098837985746,12.295582255430542,2.605579758822015,8.0,12.0,17.0,2.992622420868699,1.8274511480241027,4.510000453152563,3437.694748193736,-2.8700154557823803
2,6.0,9981.0,16.0,3.0,9982.328004562354,13.762738509734959,3.909256927913879,9.0,14.0,19.0,2.929849712731811,1.8023669429076346,4.413443656944432,2761.377449323326,-2.1070821335112857
3,8.0,9976.0,18.0,6.0,9978.549799999993,16.192999999999987,5.257199999999996,11.0,16.0,22.0,2.927789196419074,1.832549519068362,4.318025601269246,5000.000000000007,-2.221914234285448
4,8.0,9974.0,17.0,9.0,9975.170871689252,17.904684513246618,6.924443797497464,12.0,18.0,25.0,2.860692107950528,1.8055167302257131,4.23121198578549,4404.178441782752,-2.2929094228692737
5,6.0,9971.0,19.0,10.0,9973.83482197878,17.33937182396044,8.825806197260349,12.0,17.0,24.0,2.6689993855375582,1.6926153984329204,3.8881963899182823,2645.5181592831677,-2.7427587956272816
6,11.0,9962.0,28.0,10.0,9968.546199999993,20.93779999999998,10.515999999999991,14.0,21.0,28.0,2.7056955983244193,1.7643058279440385,3.896037356719064,5000.000000000007,-2.44470507862689
7,13.0,9956.0,32.0,12.0,9962.293424094372,25.109644046057376,12.596931859566403,18.0,25.0,33.0,2.7356164087566794,1.8381427712640201,3.906387518785993,4454.956977618142,-2.512472229661366
8,20.0,9946.0,39.0,15.0,9950.731090227036,33.992242755925005,15.276667017036619,26.0,34.0,43.0,2.8972704670480764,2.0031888793836985,4.096241534830999,2805.613539239748,-3.2341218463875956
9,23.0,9937.0,42.0,21.0,9938.539799999993,42.70759999999997,18.752599999999987,33.0,42.0,53.0,2.976472982376067,2.0973538120512107,4.188661200536545,5000.000000000007,-2.9102795687460423
10,28.0,9922.0,55.0,23.0,9923.874999799578,53.01410619003316,23.110894010382804,42.0,53.0,65.0,3.041237892305346,2.180663960046753,4.288726969145963,4254.687170356962,-2.9686401238794193
11,35.0,9903.0,70.0,27.0,9905.234206937133,66.24725857479666,28.518534488068006,54.0,66.0,79.33008671955685,3.1132843073406207,2.26187194272147,4.4285095815678694,3182.267676619122,-3.1085017317957444
12,51.0,9875.0,90.0,35.0,9874.827999999992,89.82159999999992,35.35039999999997,75.0,90.0,105.0,3.33102345345283,2.404063762580528,4.7848642076162955,5000.000000000007,-4.03497208568262
13,49.0,9853.0,101.0,46.0,9852.175218731216,103.7326570975815,44.092124171195366,88.0,103.0,121.0,3.2368118189126402,2.379634031838451,4.510444437509941,4037.7226638736643,-3.323668934664992
14,74.0,9823.0,125.0,52.0,9809.640735337922,136.2868609063761,54.072403755705835,118.0,136.0,155.0,3.4180878778351724,2.5006227101526757,4.7848642076162955,3150.117817091083,-3.923014192879082
15,77.0,9785.0,144.0,71.0,9772.45179648647,160.2697893021185,67.27841421140724,141.0,160.0,181.0,3.33559356291045,2.49649821415419,4.627565873790584,2573.3170935817693,-3.513373434922123
16,109.0,9746.0,169.0,85.0,9712.07999999999,205.59259999999983,82.32739999999994,183.0,205.0,228.0,3.474180846181159,2.6388549561250976,4.7789475584397385,5000.000000000007,-3.975997689461945
17,85.0,9709.0,188.0,103.0,9685.261399999992,210.89999999999984,103.83859999999993,187.0,211.0,235.0,3.066027657267703,2.340065465811549,3.9950268392356807,5000.000000000007,-7.355214504690437
18,126.0,9660.0,218.0,122.0,9623.224999047903,251.8783245825622,124.89667636953551,226.0,251.0,278.0,3.083670923864644,2.368695263648593,3.958711287138958,4338.798603583604,-3.6786411809159727
19,134.0,9585.0,271.0,144.0,9563.809336049904,284.5474011731196,151.64326277697648,257.0,285.0,312.0,2.955739237885277,2.3248992134335813,3.851301422746992,2980.0898656741856,-4.14611845851715
20,179.0,9503.0,323.0,174.0,9473.883399999993,346.8611999999997,179.25539999999987,318.0,347.0,377.0,3.0378719431991614,2.340065465811549,3.860381982445136,5000.000000000007,-4.033480378297503
21,191.0,9403.0,381.0,216.0,9387.400654770807,396.8094165821534,215.78992864705015,365.0,397.0,429.0,2.960182277293409,2.3248992134335813,3.8485917046522626,3784.1436791728215,-4.1071877372713175
22,230.0,9300.0,440.0,260.0,9280.068553052122,463.6229808268288,256.3084661210476,430.0,464.0,498.0,2.9487307303588035,2.3248992134335813,3.82953993734385,3025.3890614696465,-3.9562520529611707
23,276.0,9151.0,545.0,304.0,9150.664799999995,547.2317999999996,302.10339999999974,511.0,547.0,583.0,2.977527876152312,2.340065465811549,3.82953993734385,5000.000000000007,-4.063118178083915
24,369.0,8978.0,681.0,341.0,8967.219399999994,683.2119999999995,349.5685999999997,645.0,682.0,723.0,3.161780641513823,2.559335878142729,3.938920943578991,5000.000000000007,-6.149847136683603
25,430.0,8775.0,821.0,404.0,8761.664127033433,827.2827391570552,411.0531338095125,784.0,827.0,872.0,3.262103091349495,2.6388549561250976,4.726200371419088,3074.171081428847,-4.8427413978662575
26,467.0,8552.0,976.0,472.0,8553.465375589267,953.2505457805406,493.2840786301949,905.0,953.0,1002.0,3.211205602173338,2.6174027660072547,4.053796928644232,3040.5766540940854,-4.460821951041165
27,554.0,8313.0,1125.0,562.0,8307.616799999993,1107.8629999999991,584.5201999999995,1056.0,1108.0,1161.0,3.212815050326008,2.6388549561250976,4.053796928644232,5000.000000000007,-4.382138135661738
28,698.0,8014.0,1323.0,663.0,8009.037999999993,1332.4917999999989,658.4701999999994,1275.0,1331.0,1388.0000000003554,3.41522127132207,2.7886144257523884,4.7789475584397385,5000.000000000007,-5.915185939008373
29,755.0,7672.0,1539.0,789.0,7693.181756998556,1523.1799369859766,783.6383060154617,1461.0,1523.0,1586.0,3.3859543644221217,2.7886144257523884,4.726200371419088,4325.830850167676,-4.589564350918872
30,870.0,7341.0,1727.0,932.0,7341.106526852831,1738.9019860749886,919.9914870721834,1672.2311213498506,1738.0,1806.0,3.3947410871908756,2.8310593145962,4.726200371419088,3544.9848576619374,-4.617925486200277
31,982.0,6950.0,1945.0,1105.0,6953.220855155934,1965.7873320275748,1080.9918128164932,1896.0,1966.0,2036.856215872097,3.3846322375159703,2.835268131748658,4.726200371419088,2804.0294510120475,-4.684832472547103
32,1070.0,6540.0,2147.0,1313.0,6517.033399999995,2172.1759999999986,1310.790599999999,2096.0,2171.0,2247.0,3.2596230955267385,2.835268131748658,3.860381982445136,5000.000000000007,-4.935999508603143
33,1182.0,6104.0,2388.0,1508.0,6069.1666009048695,2382.1807562156637,1548.6526428794718,2303.0,2382.5067268238654,2460.0,3.1947406129746794,2.835268131748658,3.82953993734385,4211.422372626367,-4.8459316905369185
34,1244.0,5673.0,2581.0,1746.0,5586.518599999996,2544.151399999998,1869.3299999999986,2461.0,2544.0,2626.0,3.0597413853341306,2.7849812253600996,3.425705065418871,5000.000000000007,-5.38983278741196
35,1412.0,5183.0,2784.0,2033.0,5178.874921815508,2772.746370527239,2048.378707657246,2691.0,2772.0,2857.0,3.1490491789961066,2.8603571778588863,3.4921747359240904,3273.113618641154,-5.319398326939228
36,1576.0,4747.0,2966.0,2287.0,4848.818599999996,3042.6067999999977,2108.5745999999986,2950.0,3044.0,3141.0,3.3649063116496456,3.0728717648832093,3.82953993734385,5000.000000000007,-6.906643924971451
37,1482.0,4329.0,3083.0,2588.0,4267.163399999997,3091.1515999999974,2641.6849999999977,2996.0,3093.0,3175.0,3.1398690106429497,2.9308213766698303,3.298357710199571,5000.000000000007,-7.298392041032893
38,1644.0,3909.0,3179.0,2912.0,3894.0830578596406,3234.5101327390767,2871.4068094012882,3152.0,3233.0,3322.0,3.1861803723606514,3.0616179333514215,3.4206056800425095,3563.1078216665674,-5.289846775825108
39,1557.0,3564.0,3189.0,3247.0,3430.466628643022,3226.5690893227043,3342.9642820342733,3134.0,3229.0,3315.0,3.1118830267202116,2.93458776074886,3.215904722293132,2783.161194692891,-6.571845260256494
40,1597.0,3221.0,3190.0,3589.0,3058.7925999999975,3224.5629999999974,3716.644399999997,3138.000000000001,3224.0,3314.0,3.0942020217795205,2.93458776074886,3.2052108652440494,5000.000000000007,-5.036428359641744
41,1560.0,2917.0,3179.0,3904.0,2703.9979310876424,3167.370575404184,4128.631493508185,3082.0,3165.0,3257.0,3.0681911354778144,2.9221313557162985,3.186977895143423,3634.4049562629666,-5.21651412144384
42,1585.0,2617.0,3175.0,4208.0,2450.5055961064154,3135.942838176251,4413.551565717332,3048.0,3136.0,3227.0,3.081339119375325,2.93458776074886,3.186977895143423,3404.9421688597313,-5.065140782140552
43,1590.0,2356.0,3145.0,4499.0,2267.7083999999986,3112.8297999999977,4619.461799999997,3022.0,3116.0,3192.0,3.105718715394458,2.991721046286128,3.186977895143423,5000.000000000007,-5.587169381581402
44,1463.0,2130.0,3038.0,4832.0,2010.2517641743148,2981.3400300220974,5008.408205803594,2891.903096615901,2983.0,3066.0,3.0941474966553306,2.991721046286128,3.186977895143423,3539.374162899711,-5.284760366671904
45,1444.0,1951.0,2934.0,5115.0,1837.2225015087581,2878.318596760033,5284.45890173121,2789.0,2881.0,2959.0,3.099287025954034,2.991721046286128,3.186977895143423,3268.7937008997546,-4.875113858687865
46,1447.0,1793.0,2794.0,5413.0,1721.6042386006707,2807.686495285391,5470.709266113943,2737.0,2808.0,2875.0,3.1109620532747373,2.991721046286128,3.186977895143423,2619.080058540362,-5.849430151819668
47,1416.0,1647.0,2660.0,5693.0,1598.3311999999987,2723.4559999999983,5678.212799999996,2660.0,2724.0,2787.0,3.109855837967232,2.991721046286128,3.186977895143423,5000.000000000007,-6.244426011724435
48,1233.0,1502.0,2556.0,5942.0,1447.0597515725908,2552.775561655303,6000.1646867721065,2487.0,2552.9802724630504,2617.0,3.1107978403918626,2.991721046286128,3.186977895143423,2988.373172394564,-5.698972742358356
49,1211.0,1395.0,2411.0,6194.0,1334.6573411566164,2415.895817330397,6249.44684151299,2355.0,2415.0,2478.0,3.1101097704416354,2.991721046286128,3.186977895143423,3000.7720785286174,-4.6452370386531525
50,1184.0,1298.0,2290.0,6412.0,1249.5593586309865,2301.891080640975,6448.549560728037,2243.0,2301.0,2362.0,3.10611910342832,2.991721046286128,3.186977895143423,3070.4501578759255,-5.290266120537827
51,1064.0,1223.0,2121.0,6656.0,1156.9880030227898,2152.9203050323513,6690.091691944854,2095.0,2153.0,2211.0,3.106798021456054,2.991721046286128,3.186977895143423,2771.3091156358314,-4.669655358811578
52,981.0,1142.0,2009.0,6849.0,1073.388799999999,2001.1353999999983,6925.475799999995,1947.0,2001.0,2057.0,3.1084452095224826,2.991721046286128,3.186977895143423,5000.000000000007,-4.789748988053812
53,976.0,1073.0,1879.0,7048.0,1017.6404631908036,1891.3936264913946,7090.965910317798,1839.0,1890.6596144846767,1945.0,3.104640224953672,2.991721046286128,3.186977895143423,3630.928356738736,-5.183029590256449
54,907.0,1009.0,1772.0,7219.0,964.6659413433151,1776.506088705647,7258.8279699510385,1727.0,1776.0,1827.0,3.1029934827520522,2.991721046286128,3.186977895143423,2554.7845762119473,-4.7452441945189925
55,815.0,957.0,1652.0,7391.0,909.568602389111,1647.7654698432793,7442.6659277676135,1601.0,1648.0,1696.0,3.103596569566658,2.991721046286128,3.186977895143423,2724.69455491057,-4.481169101116489
56,784.0,913.0,1524.0,7563.0,867.1591999999994,1540.7141999999988,7592.126599999994,1494.0,1541.0,1585.0,3.102927901445634,2.991721046286128,3.186977895143423,5000.000000000007,-4.56190300137678
57,669.0,872.0,1411.0,7717.0,817.15941519353,1407.075547104796,7775.765037701668,1363.0,1408.0,1451.0,3.105493631530722,2.991721046286128,3.186977895143423,3118.008770050402,-5.442818995702343
58,616.0,832.0,1309.0,7859.0,774.7945999999994,1286.228799999999,7938.976599999994,1244.0,1286.0,1327.0,3.1075825399869568,2.991721046286128,3.186977895143423,5000.000000000007,-5.0269234699838705
59,638.0,803.0,1218.0,7979.0,751.8974360540333,1210.1197577365667,8037.9828062093975,1171.0,1210.0,1250.7109407054381,3.104553262936319,2.991721046286128,3.186977895143423,3068.514702815061,-5.456736597718542
60,559.0,767.0,1129.0,8104.0,723.9453145471916,1118.3471692196108,8157.7075162331985,1081.0,1118.0,1156.0,3.1042670536858963,2.991721046286128,3.186977895143423,3023.51996152412,-4.2162125682465526
61,494.0,738.0,1024.0,8238.0,695.8517130287273,1022.6874159837024,8281.460870987568,987.0,1023.0,1058.0,3.104201778395441,2.991721046286128,3.186977895143423,3322.0100979719455,-4.528718873892627
62,502.0,714.0,953.0,8333.0,677.9921999999995,957.4751999999993,8364.532599999995,923.0,958.0,991.0,3.104484185704128,2.991721046286128,3.186977895143423,5000.000000000007,-4.888362911812546
63,431.0,701.0,881.0,8418.0,656.5960916426725,878.5314770877903,8464.872431269536,846.0,878.0,911.0,3.104384902643857,2.991721046286128,3.186977895143423,4708.005637503487,-4.177199127414818
64,390.0,682.0,811.0,8507.0,636.8086058510382,803.0048978619591,8560.186496287,772.0,803.0,835.0,3.104068735320165,2.991721046286128,3.186977895143423,3957.2501904995775,-4.237483938212465
65,401.0,661.0,748.0,8591.0,625.1861406970104,752.9834099310992,8621.830449371888,724.0,753.0,783.0,3.1047148400405087,2.991721046286128,3.186977895143423,3913.7292420064528,-5.049785531119318
66,349.0,652.0,696.0,8652.0,611.0419290033699,694.3084825847301,8694.6495884119,666.0,694.0,722.0,3.104590769352821,2.991721046286128,3.186977895143423,3631.5721162020814,-3.9761271782889205
67,319.0,639.0,635.0,8726.0,597.9048106469743,638.7222741055209,8763.37291524751,612.0,639.0,665.233198238358,3.104419107346049,2.991721046286128,3.186977895143423,3406.870691198548,-3.9218391759367437
68,294.0,622.0,594.0,8784.0,586.1631515628047,587.6168138941835,8826.220034543008,562.0,587.0,614.0,3.104414837467447,2.991721046286128,3.186977895143423,3189.487441896579,-3.8787454775493906
69,272.0,613.0,545.0,8842.0,575.8550691717837,541.1287907388836,8883.01614008933,517.0,541.0,567.0,3.104396527537289,2.991721046286128,3.186977895143423,2970.4984863290456,-3.8464467186000926
70,226.0,601.0,488.0,8911.0,564.2543999999996,488.0603999999996,8947.685199999993,466.0,488.0,511.0,3.10295941484302,2.991721046286128,3.186977895143423,5000.000000000007,-4.5896774175258646
71,211.0,590.0,451.0,8959.0,554.4359765515637,442.88129784932744,9002.682725599116,421.0,443.0,465.0,3.1021594365098477,2.991721046286128,3.186977895143423,4417.484029324037,-4.017054143887206
72,162.0,580.0,413.0,9007.0,541.7755999999996,389.6503999999997,9068.573999999993,370.0,390.0,411.0,3.102899367750294,2.991721046286128,3.186977895143423,5000.000000000007,-7.195659272708754
73,215.0,577.0,383.0,9040.0,540.5465999999997,371.9519999999997,9087.501399999994,352.0,372.0,391.0,3.1012429004073976,2.991721046286128,3.186977895143423,5000.000000000007,-6.444554228463183
74,185.0,573.0,362.0,9065.0,536.4044007452419,346.860715685303,9116.734883569445,328.0,347.0,365.0,3.101255211699994,2.991721046286128,3.186977895143423,4185.733621356341,-4.111558013478652
75,167.0,564.0,341.0,9095.0,531.6305384874229,321.3988909595903,9146.970570552985,304.0,321.0,339.0,3.101668070898848,2.991721046286128,3.186977895143423,3477.8906640868054,-3.7405653983562326
76,169.0,557.0,312.0,9131.0,528.7801999999996,302.9631999999998,9168.256599999993,286.0,303.0,321.0,3.102080309898459,2.991721046286128,3.186977895143423,5000.000000000007,-4.8177083316676805
77,146.0,553.0,294.0,9153.0,524.73326728221,280.61721451545935,9194.64951820233,264.0,280.0,298.0,3.1021198019630827,2.991721046286128,3.186977895143423,4678.9335734044125,-3.6649684797925275
78,155.0,546.0,270.0,9184.0,523.1331999999996,267.9377999999998,9208.928999999993,252.0,268.0,284.0,3.101402172075662,2.991721046286128,3.186977895143423,5000.000000000007,-5.560660382659269
79,102.0,541.0,255.0,9204.0,516.1858987306555,237.7644654634467,9246.049635805899,221.0,238.0,254.0,3.102865075100066,2.991721046286128,3.186977895143423,3010.501833818258,-4.876863696628594
80,128.0,537.0,235.0,9228.0,514.4878537962097,225.6122625471673,9259.89988365662,210.7920664255939,225.0,241.0,3.1019726226347366,2.991721046286128,3.186977895143423,4041.571223806204,-4.702002559971457
81,116.0,534.0,216.0,9250.0,512.2486616231848,211.70835261049623,9276.042985766315,197.0,212.0,226.0,3.1019542962687314,2.991721046286128,3.186977895143423,3301.063841708814,-3.9983013002945986
82,92.0,529.0,202.0,9269.0,508.47299852093875,192.3853259437634,9299.141675535298,178.0,192.0,206.0,3.1018363945916225,2.991721046286128,3.186977895143423,3361.1177318214054,-3.3934810591538493
83,87.0,525.0,178.0,9297.0,505.4579821386171,176.13942035048717,9318.402597510893,162.0,176.0,190.0,3.101720216091169,2.991721046286128,3.186977895143423,3199.5393571813174,-3.270157848808272
84,79.0,521.0,170.0,9309.0,502.63012654086583,160.8694910969829,9336.500382362152,148.0,161.0,174.0,3.101666745665964,2.991721046286128,3.186977895143423,3019.938466053402,-3.2275619746583226
85,77.0,520.0,157.0,9323.0,500.35678869278604,148.82817827642822,9350.815033030787,136.0,149.0,162.0,3.101825368486474,2.991721046286128,3.186977895143423,2824.279535070867,-3.261683958754068
86,60.0,519.0,139.0,9342.0,497.67946540372213,133.34463359706265,9368.975900999216,121.0,133.0,146.0,3.101694477828507,2.991721046286128,3.186977895143423,2563.6812721340434,-3.4977179703799015
87,61.0,516.0,127.0,9357.0,495.6183999999996,122.28539999999991,9382.096199999993,111.0,122.0,134.0,3.1016714840485244,2.991721046286128,3.186977895143423,5000.000000000007,-3.0891999393580942
88,54.0,512.0,116.0,9372.0,493.6731668193688,111.31895045340129,9395.007882727237,100.0,111.0,122.0,3.101641354013235,2.991721046286128,3.186977895143423,4862.61146232806,-3.053613695694372
89,54.0,510.0,110.0,9380.0,492.1579989128295,103.2189974255771,9404.623003661593,93.0,103.0,114.0,3.1019686854737873,2.991721046286128,3.186977895143423,4664.109264132647,-3.1020441160415206
90,54.0,510.0,103.0,9387.0,491.03213347937606,97.3565801344169,9411.611286386204,87.0,97.0,107.87091867242717,3.10248845301066,2.991721046286128,3.186977895143423,3932.418197578199,-3.3929661718345923
91,61.0,509.0,91.0,9400.0,490.7675999999996,95.47559999999993,9413.756799999992,86.0,95.0,106.0,3.1026594877184883,2.991721046286128,3.186977895143423,5000.000000000007,-5.233615431493332
92,35.0,508.0,85.0,9407.0,488.6930668988099,84.11270402893018,9427.194229072258,74.75388650057532,84.0,94.0,3.102144037487511,2.991721046286128,3.186977895143423,3901.176581174576,-3.5542359853576304
93,45.0,508.0,76.0,9416.0,487.80962661035977,79.6036031217715,9432.586770267864,71.0,79.0,89.0,3.1028143902549408,3.0529303737903115,3.186977895143423,4377.049559182117,-3.3553631342029018
94,33.0,506.0,67.0,9427.0,486.37931229217975,71.60152932987941,9442.019158377934,63.0,72.0,80.0,3.102611886401044,3.0529303737903115,3.186977895143423,4023.473207468073,-2.909318706382318
95,32.0,506.0,63.0,9431.0,485.1942259055247,65.3357490133732,9449.4700250811,57.0,65.0,74.0,3.1026176242672188,3.0529303737903115,3.186977895143423,3781.3743596633735,-2.7694279682514926
96,28.0,506.0,61.0,9433.0,484.1096926204318,59.159958408507016,9456.73034897106,51.0,59.0,67.0,3.102557142066947,3.0529303737903115,3.186977895143423,3466.787735721956,-2.7465278973851275
97,25.0,503.0,53.0,9444.0,483.2155131890473,53.46626417699777,9463.318222633954,46.0,53.0,61.0,3.102228260441911,3.0529303737903115,3.186977895143423,3138.2878066976605,-2.705290272155036
98,29.0,501.0,51.0,9448.0,482.6801681979061,50.7638307665665,9466.556001035533,44.0,51.0,58.0,3.1028882623002145,3.0529303737903115,3.186977895143423,3054.60802738818,-3.0394418246895984
99,30.0,500.0,45.0,9455.0,482.65579999999966,49.04859999999996,9468.295599999994,42.0,49.0,56.0,3.10310415408241,3.0529303737903115,3.186977895143423,5000.000000000007,-3.464463335920608
100,25.0,498.0,45.0,9457.0,482.15032627449887,45.8884346080398,9471.961239117467,39.0,46.0,53.0,3.103286255263572,3.0529303737903115,3.186977895143423,4706.590505128917,-2.7579584163553914
101,19.0,497.0,41.0,9462.0,481.41245388464614,41.320622087220045,9477.26692402814,35.0,41.0,48.0,3.103508293074525,3.0529303737903115,3.186977895143423,4661.836957762606,-2.574222809177318
102,15.0,496.0,42.0,9462.0,480.4439575029684,36.38669309945185,9483.16934939758,30.0,36.0,43.0,3.10374399998134,3.0529303737903115,3.186977895143423,4163.986669059373,-2.7306557677401084
103,22.0,496.0,40.0,9464.0,480.5353867747658,35.420488583884,9484.044124641357,30.0,35.0,42.0,3.104106473002724,3.0529303737903115,3.186977895143423,3983.152051035467,-3.2081214593470166
104,21.0,494.0,37.0,9469.0,480.49580992723185,34.26243505462621,9485.241755018145,29.0,34.0,40.0,3.104863842194776,3.0529303737903115,3.186977895143423,3129.6062925721894,-3.0811059529059968
105,15.0,494.0,35.0,9471.0,479.85360230517074,31.151948963635515,9488.99444873119,26.0,31.0,37.0,3.104875759196786,3.0529303737903115,3.186977895143423,3080.0846231954642,-2.389809833168064
106,12.0,494.0,30.0,9476.0,478.99106838518094,27.657273712332795,9493.35165790249,22.0,28.0,33.0,3.104738296496821,3.0529303737903115,3.186977895143423,3040.971872834779,-2.413856459955526
107,7.0,494.0,24.0,9482.0,477.6917999999996,23.04479999999998,9499.263399999993,18.0,23.0,28.0,3.104307189104275,2.991721046286128,3.186977895143423,5000.000000000007,-3.2268154365762243
108,7.0,494.0,24.0,9482.0,476.88778237987566,19.651724358594528,9503.460493261526,15.0,20.0,24.0,3.104082100851689,2.991721046286128,3.186977895143423,4162.193709377,-2.541007385727836
109,9.0,494.0,24.0,9482.0,476.6445665481689,18.053925819391754,9505.301507632435,14.0,18.0,23.0,3.1040849820460767,2.991721046286128,3.186977895143423,4074.431301124192,-2.1409769189190513
110,12.0,494.0,21.0,9485.0,476.61665954549176,18.014868277586064,9505.36847217692,14.0,18.0,22.0,3.104510534758095,3.0529303737903115,3.186977895143423,3972.9328025606,-2.8896460585794506
111,11.0,493.0,20.0,9487.0,476.7019457759864,17.552914447082685,9505.74513977693,14.0,17.0,22.0,3.1047436673399242,3.0529303737903115,3.186977895143423,3305.4626126371186,-2.5878514651504974
112,8.0,493.0,15.0,9492.0,476.4041599118936,16.097530522017372,9507.49830956609,12.0,16.0,20.0,3.1051167994201556,3.0529303737903115,3.186977895143423,3147.1837958980973,-2.0723079484060136
113,14.0,493.0,14.0,9493.0,477.25519999999966,17.017599999999987,9505.727199999994,13.0,17.0,21.0,3.103599924781083,3.0529303737903115,3.186977895143423,5000.000000000007,-4.251849336506791
114,6.0,492.0,12.0,9496.0,476.5768047703547,14.9904244687589,9508.432770760886,11.0,15.0,19.0,3.1042818631192075,3.0529303737903115,3.186977895143423,4716.7427795964995,-2.0938815729153113
115,3.0,492.0,7.0,9501.0,475.2950317774819,12.26215389545045,9512.442814327063,8.0,12.0,16.0,3.1057052515942143,3.0529303737903115,3.186977895143423,3010.5759114433013,-2.72086846744347
116,0.0,492.0,7.0,9501.0,473.93839999999966,8.589199999999993,9517.472399999991,5.0,8.0,12.0,3.108905809408262,3.0529303737903115,3.186977895143423,5000.000000000007,-4.931018880148238
117,3.0,492.0,6.0,9502.0,473.3608848429666,7.485177792829889,9519.153937364203,5.0,7.0,11.0,3.109449034034932,3.0529303737903115,3.186977895143423,4749.836374510024,-1.7037502624353689
118,2.0,492.0,6.0,9502.0,472.8084810854376,6.273465001346892,9520.918053913216,4.0,6.0,9.0,3.1105861260097756,3.0529303737903115,3.186977895143423,4028.533593554223,-1.6802344895180426
119,2.0,491.0,7.0,9502.0,472.4003236890564,5.438280023353002,9522.161396287594,3.0,5.0,8.0,3.1112907840728594,3.0529303737903115,3.186977895143423,3466.7574057371007,-1.5273826804447914
120,4.0,491.0,7.0,9502.0,472.2704205184159,5.633147153161479,9522.096432328419,3.0,6.0,8.0,3.1103738058510517,3.0529303737903115,3.186977895143423,3559.750478418692,-2.0941966332513644
121,2.0,491.0,6.0,9503.0,472.1158297765808,4.980942708627762,9522.903227514787,3.0,5.0,7.0,3.1107198297899883,3.0529303737903115,3.186977895143423,3308.232594628367,-1.4576241206738327
122,4.0,491.0,6.0,9503.0,472.10084093906625,5.2195925415095665,9522.679566519426,3.0,5.0,7.0,3.1104214158517154,3.0529303737903115,3.186977895143423,2944.174945520414,-2.210676972581388
123,7.0,491.0,6.0,9503.0,472.8069999999996,6.255599999999995,9520.937399999992,4.0,6.0,9.0,3.1103052953576587,3.0529303737903115,3.186977895143423,5000.000000000007,-4.381710522810778
124,3.0,491.0,6.0,9503.0,472.7758729535275,5.812946868151439,9521.411180178318,4.0,6.0,8.0,3.1100424054237443,3.0529303737903115,3.186977895143423,4898.369219651691,-1.596131690433591
125,2.0,491.0,6.0,9503.0,472.63793163502135,5.125392866578432,9522.236675498401,3.0,5.0,7.0,3.1096830550067023,3.0529303737903115,3.186977895143423,4730.904055641345,-1.4640970492535015
126,6.0,491.0,6.0,9503.0,472.94857742630103,5.9166576262440564,9521.13476494746,4.0,6.0,8.0,3.110864743952149,3.0529303737903115,3.186977895143423,3203.618603535711,-3.5508381727152045
127,4.0,491.0,5.0,9504.0,473.00119999999964,5.8715999999999955,9521.127199999992,4.0,6.0,8.0,3.1111877803313757,3.0529303737903115,3.186977895143423,5000.000000000007,-1.9727207663338202
128,2.0,491.0,5.0,9504.0,472.77086836868347,5.195186577003481,9522.033945054305,3.0,5.0,7.0,3.1112414338876397,3.0529303737903115,3.186977895143423,4851.572285389782,-1.4691720974233284
129,1.0,491.0,5.0,9504.0,472.55602903425955,4.299361189647364,9523.144609776093,2.0,4.0,6.0,3.1109930717256846,3.0529303737903115,3.186977895143423,4134.160527788165,-1.4975652208487817
130,0.0,491.0,4.0,9505.0,472.36139999999966,3.0149999999999975,9524.623599999994,1.0,3.0,5.0,3.1110635530348842,3.0529303737903115,3.186977895143423,5000.000000000007,-1.7318659197841093
131,0.0,491.0,4.0,9505.0,472.50031501300157,1.9408052707504233,9525.558879716247,0.0,2.0,4.0,3.1118215644288014,3.0529303737903115,3.186977895143423,3446.3435556891195,-1.1702421638088802
132,2.0,491.0,3.0,9506.0,472.3486105491098,2.516922312029564,9525.134467138858,1.0,2.0,4.0,3.109797246639282,3.0529303737903115,3.186977895143423,4234.57116446112,-1.9397547334281455
133,2.0,491.0,2.0,9507.0,472.4716835479385,2.6979422931267782,9524.830374158937,1.0,3.0,4.0,3.1097715235606334,3.0529303737903115,3.186977895143423,3762.5668952199567,-1.6788537382331263
134,0.0,491.0,2.0,9507.0,472.50192066235206,1.980900408484765,9525.517178929167,1.0,2.0,4.0,3.10949059587381,3.0529303737903115,3.186977895143423,3406.4089000885447,-1.1104670535619983
135,3.0,491.0,2.0,9507.0,472.41183595664376,2.622969745303191,9524.965194298053,1.0,3.0,4.0,3.109838613154725,3.0529303737903115,3.186977895143423,2896.3232372767898,-2.84774017021204
136,0.0,491.0,1.0,9508.0,471.77974166743485,1.9475986392969231,9526.27265969327,1.0,2.0,3.0,3.1106418271308307,3.0529303737903115,3.186977895143423,2748.5999262944338,-1.0843246533432547
137,0.0,491.0,1.0,9508.0,471.30599999999964,1.359799999999999,9527.334199999994,0.0,1.0,3.0,3.111852835761108,3.0529303737903115,3.186977895143423,5000.000000000007,-0.7848787782905147
138,1.0,491.0,1.0,9508.0,471.66111804997354,1.625046586639069,9526.713835363384,1.0,2.0,3.0,3.110557837095202,3.0529303737903115,3.186977895143423,3906.3033291067795,-1.3496166409809565
139,1.0,491.0,1.0,9508.0,471.5337785863579,1.6239706094406139,9526.84225080421,1.0,2.0,3.0,3.1103948160438035,3.0529303737903115,3.186977895143423,3596.860495306393,-1.1645746936659016
140,1.0,491.0,1.0,9508.0,471.35381224248283,1.6097656830220037,9527.036422074498,1.0,2.0,3.0,3.1109536903060335,3.0529303737903115,3.186977895143423,3286.900760597213,-1.1589565254361602
141,0.0,491.0,1.0,9508.0,471.0735004818476,1.228319677410631,9527.698179840743,0.0,1.0,2.0,3.1120762016480015,3.0529303737903115,3.186977895143423,3194.8783287151505,-0.6741444986085758
142,0.0,491.0,1.0,9508.0,470.81295577985753,0.8982661157359662,9528.288778104408,0.0,1.0,2.0,3.1128598179314313,3.0529303737903115,3.186977895143423,2529.46664747496,-0.5065544006119618
143,0.0,491.0,1.0,9508.0,470.64639999999963,0.6175999999999995,9528.735999999992,0.0,1.0,2.0,3.11339296849406,3.0529303737903115,3.186977895143423,5000.000000000007,-0.3598898241057098
144,0.0,491.0,0.0,9509.0,470.50799133250626,0.39536899489257216,9529.096639672607,0.0,0.0,1.0,3.113734420807649,3.0529303737903115,3.186977895143423,4633.010096752359,-0.23942504547863486
145,0.0,491.0,0.0,9509.0,470.446749922561,0.23878357856939292,9529.314466498861,0.0,0.0,1.0,3.114033728120163,3.0529303737903115,3.186977895143423,4039.785281144306,-0.14864844681902767
146,0.0,491.0,0.0,9509.0,470.42206949389094,0.1385963333082401,9529.439334172803,0.0,0.0,1.0,3.114210117655354,3.0529303737903115,3.186977895143423,3586.4064990081083,-0.08808204347604764
147,0.0,491.0,0.0,9509.0,470.4145086649532,0.07830891347607068,9529.507182421574,0.0,0.0,1.0,3.114295769926555,3.0529303737903115,3.186977895143423,3305.9809381198274,-0.05041235500732366
148,0.0,491.0,0.0,9509.0,470.40623948656423,0.043888490110012716,9529.54987202333,0.0,0.0,0.0,3.114340437931694,3.0529303737903115,3.186977895143423,3143.1340138066557,-0.028517473391511672
149,0.0,491.0,0.0,9509.0,470.4026195359929,0.023731457699134866,9529.57364900631,0.0,0.0,0.0,3.114369980828358,3.0529303737903115,3.186977895143423,3053.68613201358,-0.015494881813475914
150,0.0,491.0,0.0,9509.0,470.40105898033073,0.012860352566437597,9529.5860806671,0.0,0.0,0.0,3.1143869333934457,3.0529303737903115,3.186977895143423,3004.6656954132604,-0.008438200268858331
151,1.0,491.0,0.0,9509.0,470.9539999999996,1.0399999999999991,9528.005999999994,1.0,1.0,1.0,3.1116652680713957,3.0529303737903115,3.186977895143423,5000.000000000007,-5.658646875165896
152,0.0,491.0,0.0,9509.0,470.96249990276215,0.8908877112866376,9528.146612385943,0.0,1.0,1.0,3.1113488094154387,3.0529303737903115,3.186977895143423,4815.187500660939,-0.4631187720352319
153,0.0,491.0,0.0,9509.0,470.94886274688173,0.7034754678398829,9528.347661785267,0.0,1.0,1.0,3.1109910246642647,3.0529303737903115,3.186977895143423,4160.52649187837,-0.3813783265941453
154,0.0,491.0,0.0,9509.0,470.9021354516858,0.5127042223851281,9528.585160325933,0.0,1.0,1.0,3.110698219284587,3.0529303737903115,3.186977895143423,3229.7226975895455,-0.29104491077726014
155,0.0,491.0,0.0,9509.0,470.8857999999996,0.3323999999999997,9528.781799999993,0.0,0.0,1.0,3.110375282552716,3.0529303737903115,3.186977895143423,5000.000000000007,-0.20056505912300526
156,1.0,491.0,0.0,9509.0,470.9527999999997,1.0423999999999993,9528.004799999992,1.0,1.0,1.0,3.1131785824838283,3.0529303737903115,3.186977895143423,5000.000000000007,-2.392262598341051
157,0.0,491.0,0.0,9509.0,471.00916222109385,0.8823258470750002,9528.108511931827,0.0,1.0,1.0,3.113159471056561,3.0529303737903115,3.186977895143423,4804.498285022984,-0.4599622525849991
158,0.0,491.0,0.0,9509.0,470.92797505895413,0.6968348764269027,9528.375190064613,0.0,1.0,1.0,3.1133453281615573,3.0529303737903115,3.186977895143423,4132.320038892561,-0.3783751334063705
159,0.0,491.0,0.0,9509.0,470.85118654570323,0.5074693787059259,9528.641344075591,0.0,0.0,1.0,3.113591949096376,3.0529303737903115,3.186977895143423,3198.5577569872667,-0.28839289667070656
160,0.0,491.0,0.0,9509.0,470.79099999999966,0.33379999999999976,9528.875199999991,0.0,0.0,1.0,3.1137859706064908,3.0529303737903115,3.186977895143423,5000.000000000007,-0.19936619999145666
161,0.0,491.0,0.0,9509.0,470.7178805145552,0.2059310644676704,9529.076188420979,0.0,0.0,1.0,3.113734946510328,3.0529303737903115,3.186977895143423,4788.4217015826725,-0.12702316410669212
162,0.0,491.0,0.0,9509.0,470.67325816741925,0.12163869301637996,9529.20510313957,0.0,0.0,1.0,3.113731605683218,3.0529303737903115,3.186977895143423,4448.730040777924,-0.07683328561138403
163,0.0,491.0,0.0,9509.0,470.65004032291654,0.06823081777798976,9529.281728859301,0.0,0.0,1.0,3.113738628372454,3.0529303737903115,3.186977895143423,4188.179268097149,-0.04388388331852333
164,0.0,491.0,0.0,9509.0,470.64727172364775,0.038931114984841524,9529.313797161372,0.0,0.0,0.0,3.1137415361559766,3.0529303737903115,3.186977895143423,4019.1174296271633,-0.025292927603763005
165,0.0,491.0,0.0,9509.0,470.641080707808,0.021607733862854188,9529.337311558324,0.0,0.0,0.0,3.1137416517994096,3.0529303737903115,3.186977895143423,3919.5930433018293,-0.014098152887781268
166,0.0,491.0,0.0,9509.0,470.6413252162549,0.011863768340295,9529.346811015395,0.0,0.0,0.0,3.11373374912454,3.0529303737903115,3.186977895143423,3863.06001017632,-0.007780672238384412
167,0.0,491.0,0.0,9509.0,470.64252501927484,0.006547444184855741,9529.350927536543,0.0,0.0,0.0,3.113727080929189,3.0529303737903115,3.186977895143423,3831.253538612357,-0.004306173209304376
168,0.0,491.0,0.0,9509.0,470.64291033488524,0.0035440026731034446,9529.353545662441,0.0,0.0,0.0,3.11372492653928,3.0529303737903115,3.186977895143423,3813.939362430985,-0.0023215281671458143
169,0.0,491.0,0.0,9509.0,470.6432868329615,0.0019123271125706669,9529.35480083993,0.0,0.0,0.0,3.113723498883024,3.0529303737903115,3.186977895143423,3804.5490171507017,-0.0012518481493337674
170,0.0,491.0,0.0,9509.0,470.64361531164354,0.0010397210712217349,9529.35534496729,0.0,0.0,0.0,3.1137223828793976,3.0529303737903115,3.186977895143423,3799.413241499459,-0.0006824361540580526
171,0.0,491.0,0.0,9509.0,470.64364644662976,0.0005727959961191026,9529.355780757374,0.0,0.0,0.0,3.113722012301578,3.0529303737903115,3.186977895143423,3796.573951124139,-0.000376794879624498
172,0.0,491.0,0.0,9509.0,470.6436678374482,0.000313719811022127,9529.356018442737,0.0,0.0,0.0,3.113721933383128,3.0529303737903115,3.186977895143423,3795.0101621850895,-0.0002076554431411637
173,0.0,491.0,0.0,9509.0,470.64377171890396,0.00017071301795363296,9529.356057568077,0.0,0.0,0.0,3.1137217572594906,3.0529303737903115,3.186977895143423,3794.163573249034,-0.0001127704506824756
174,0.0,491.0,0.0,9509.0,470.6438327976349,9.344446732652379e-05,9529.3560737579,0.0,0.0,0.0,3.113721549548549,3.0529303737903115,3.186977895143423,3793.6982748659725,-6.239392625140283e-05
175,0.0,491.0,0.0,9509.0,470.6438884875863,5.226554003597744e-05,9529.356059246878,0.0,0.0,0.0,3.113721451092693,3.0529303737903115,3.186977895143423,3793.4369351344462,-3.5469764629425526e-05
176,0.0,491.0,0.0,9509.0,470.6439256638107,2.935153029294497e-05,9529.35604498465,0.0,0.0,0.0,3.113721386044929,3.0529303737903115,3.186977895143423,3793.2902503434743,-2.034276198159546e-05
177,0.0,491.0,0.0,9509.0,470.64394448814164,1.5780016646940202e-05,9529.35603973184,0.0,0.0,0.0,3.1137213489368714,3.0529303737903115,3.186977895143423,3793.21164386244,-1.1364072014075077e-05
178,0.0,491.0,0.0,9509.0,470.6439579132009,8.52813171308428e-06,9529.35603355866,0.0,0.0,0.0,3.1137213384982907,3.0529303737903115,3.186977895143423,3793.169025963509,-6.618574667882626e-06
179,0.0,491.0,0.0,9509.0,470.6439630511584,4.728924417121568e-06,9529.356032219916,0.0,0.0,0.0,3.1137213363033656,3.0529303737903115,3.186977895143423,3793.145402258518,-4.114286843659443e-06
180,0.0,491.0,0.0,9509.0,470.64396829405746,2.541591936199549e-06,9529.356029164346,0.0,0.0,0.0,3.113721331061515,3.0529303737903115,3.186977895143423,3793.132719422363,-2.671909326679156e-06
181,0.0,491.0,0.0,9509.0,470.64397119506935,1.4168815342616371e-06,9529.356027388043,0.0,0.0,0.0,3.113721326999169,3.0529303737903115,3.186977895143423,3793.1256661210255,-1.9297796107764498e-06
182,0.0,491.0,0.0,9509.0,470.64397259454086,7.707516111027061e-07,9529.356026634698,0.0,0.0,0.0,3.113721325856317,3.0529303737903115,3.186977895143423,3793.1218439810455,-1.503835552085775e-06
183,0.0,491.0,0.0,9509.0,470.64397332761285,4.219517655215531e-07,9529.356026250436,0.0,0.0,0.0,3.1137213255920377,3.0529303737903115,3.186977895143423,3793.1197469072713,-1.2764347498972484e-06
184,0.0,491.0,0.0,9509.0,470.64397358381893,2.324137932972593e-07,9529.356026183763,0.0,0.0,0.0,3.1137213254803315,3.0529303737903115,3.186977895143423,3793.1185963310168,-1.1516674263134519e-06
185,0.0,491.0,0.0,9509.0,470.6439737538683,1.339632738614731e-07,9529.356026112177,0.0,0.0,0.0,3.1137213253600526,3.0529303737903115,3.186977895143423,3793.117930862278,-1.0877209497550666e-06
186,0.0,491.0,0.0,9509.0,470.64397386854785,7.314996509629374e-08,9529.356026058305,0.0,0.0,0.0,3.113721325353805,3.0529303737903115,3.186977895143423,3793.117566872678,-1.0479804046781283e-06
187,0.0,491.0,0.0,9509.0,470.6439739588609,4.0687280535588755e-08,9529.356026000454,0.0,0.0,0.0,3.1137213253848355,3.0529303737903115,3.186977895143423,3793.1173652387733,-1.0265789622820876e-06
188,0.0,491.0,0.0,9509.0,470.64397403487834,2.2464899598671287e-08,9529.356025942661,0.0,0.0,0.0,3.1137213253884584,3.0529303737903115,3.186977895143423,3793.117253847824,-1.0146833133717337e-06
189,0.0,491.0,0.0,9509.0,470.64397405897364,1.2655597660677741e-08,9529.356025928375,0.0,0.0,0.0,3.1137213254097897,3.0529303737903115,3.186977895143423,3793.1171907088956,-1.0083228332291583e-06
190,1.0,491.0,0.0,9509.0,470.6322544937687,0.0034209580271522036,9529.364324548198,0.0,0.0,0.0,3.11372961736934,3.0529303737903115,3.186977895143423,3816.172162806051,-13.81223986636071
191,0.0,491.0,0.0,9509.0,470.63555038488187,0.001964325280273292,9529.36248528983,0.0,0.0,0.0,3.1137277629007514,3.0529303737903115,3.186977895143423,3807.4711103183163,-0.0012948412102478102
192,0.0,491.0,0.0,9509.0,470.6376422965066,0.0010605220617625334,9529.361297181425,0.0,0.0,0.0,3.113727274713077,3.0529303737903115,3.186977895143423,3802.541985416711,-0.0006977910840166857
193,0.0,491.0,0.0,9509.0,470.6386522576514,0.0006103301318555647,9529.360737412222,0.0,0.0,0.0,3.113727966685211,3.0529303737903115,3.186977895143423,3799.6206965562474,-0.0004025118805675021
194,0.0,491.0,0.0,9509.0,470.63930889930873,0.0003356592500299298,9529.360355441437,0.0,0.0,0.0,3.11372874121323,3.0529303737903115,3.186977895143423,3797.982442674349,-0.00022243984588321553
195,0.0,491.0,0.0,9509.0,470.63965046813536,0.00019436231906702674,9529.360155169537,0.0,0.0,0.0,3.113728848492388,3.0529303737903115,3.186977895143423,3797.023408948855,-0.00012930293998181241
196,0.0,491.0,0.0,9509.0,470.63982470919643,0.00010947978506669405,9529.360065811012,0.0,0.0,0.0,3.1137290859172966,3.0529303737903115,3.186977895143423,3796.479438040712,-7.332569530760225e-05
197,0.0,491.0,0.0,9509.0,470.63990515469607,5.866586367042454e-05,9529.360036179449,0.0,0.0,0.0,3.1137292783555868,3.0529303737903115,3.186977895143423,3796.1885146767686,-3.9537105129383576e-05
198,0.0,491.0,0.0,9509.0,470.63993887962215,3.271724322038324e-05,9529.360028403127,0.0,0.0,0.0,3.1137293384243607,3.0529303737903115,3.186977895143423,3796.0265555840992,-2.2406836345467696e-05
199,0.0,491.0,0.0,9509.0,470.639938589743,1.796897506709159e-05,9529.36004344128,0.0,0.0,0.0,3.113729402290388,3.0529303737903115,3.186977895143423,3795.935972198197,-1.2956828447485691e-05
