t,output_gap_obs,inflation_obs,interest_rate_obs,output_gap_true,inflation_true,interest_rate_true,output_gap_filt,inflation_filt,interest_rate_filt,output_gap_filt_std,inflation_filt_std,interest_rate_filt_std,ess,resampled
0,-0.230017,-0.013731,-0.219254,0.0,0.0,0.0,-0.17223336664734656,-0.047386698162621865,-0.19860310352274974,0.16678458261190018,0.11192608463839011,0.09623735069752952,2000.0,1
1,0.172867,-0.17448,-0.058619,0.030472,-0.094857,-0.003812,-0.0014052330005244037,-0.04586694646319695,-0.12423806476083915,0.12074668707224172,0.08796773724892676,0.07200135432132587,2000.0,1
2,-0.114815,0.126035,-0.023718,0.121481,-0.206088,-0.146906,0.0028728119001541754,0.044151528877011334,-0.0535056576497228,0.10729372083740676,0.08614655025657325,0.07326764340602528,1031.6382812346474,0
3,0.008858,-0.165826,-0.08765,0.122117,-0.098033,-0.142958,-0.02192361770239163,-0.04897372224159794,-0.08436203449581134,0.10587649929159611,0.08286653793745596,0.07421104313399157,2000.0,1
4,-0.10032,-0.053578,-0.022513,0.024601,0.046304,-0.047405,-0.032299332003143756,-0.023616002029992575,-0.06287711182950428,0.10662335628165474,0.08252253231076882,0.07177512909751271,1312.4816426559228,0
5,0.293773,0.209601,0.164317,0.028744,0.144499,0.06345,0.13496577158465367,0.12159703927933312,0.09883379875446548,0.11058409401006872,0.08114321466826603,0.07297837791210401,2000.0,1
6,0.005998,0.128885,0.084803,-0.06006,0.091107,0.036357,0.0725415623834088,0.08338504885186018,0.11316852438149164,0.10675664563367657,0.08135776173077061,0.07027774846943148,1268.0294749917703,0
7,-0.008556,-0.160021,0.173722,0.033791,0.050698,0.05195,0.049290391430605596,0.004832944427758283,0.1262446818711192,0.10996013781396427,0.08272385109508032,0.07152892998636445,2000.0,1
8,0.062063,0.304701,0.186389,-0.037681,0.136299,0.094447,0.07940906038889119,0.12336334721612267,0.18731079814525925,0.11062100309016935,0.07953412978566374,0.071401896420255,2000.0,1
9,-0.498184,-0.004217,0.24395,-0.076746,0.009912,0.09178,-0.08506190536907506,0.04882699285203554,0.17673070714168085,0.11176006893603593,0.08362953563066412,0.0687165632762772,2000.0,1
10,-0.041153,-0.130168,0.142575,-0.032527,0.036472,0.106695,-0.06836892794595748,-0.03401161786760876,0.11984609369144798,0.10167965105941407,0.08240854352676719,0.0705345033217785,1283.8027916701394,0
11,0.584394,0.211379,0.203779,0.184891,0.033062,0.113253,0.15327741474676593,0.09803658042802482,0.1996806935799197,0.09455172629167408,0.07965712565485115,0.07114868534809395,2000.0,1
12,0.111494,0.197487,0.185161,0.085024,0.103636,0.215874,0.1312320345015079,0.11021105205988412,0.2207884639490246,0.10367000630220001,0.08287795630327419,0.07152027473491465,1326.4160233866257,0
13,0.07871,-0.202341,0.078025,0.065127,-0.012659,0.138171,0.04871114608984239,-0.047674408405097325,0.12154582536731064,0.10689322934511641,0.08657479572803609,0.07452688410097762,2000.0,1
14,0.2333,0.371675,0.385655,0.123674,0.105098,0.214978,0.18098757597968618,0.18673335248591724,0.2984713957091152,0.1025191836227354,0.08472721882356503,0.06752612263663199,2000.0,1
15,0.223877,0.188011,0.252984,0.044755,0.089192,0.231364,0.16189969974741977,0.13011909994245988,0.30716796556495096,0.10304834246623104,0.08291463319854774,0.06946379309934259,1271.3082412350675,0
16,-0.337345,0.148854,0.36438,0.062149,0.150383,0.283892,0.025585087424174202,0.11121383794287701,0.32287645847738783,0.1096245813506532,0.08250756850603327,0.06755556164988091,2000.0,1
17,-0.21264,0.35763,0.338257,0.123825,0.119097,0.325883,-0.014675006322702829,0.15690365668800335,0.33682432977715004,0.10884892152468695,0.08155450400023961,0.07242002439919505,2000.0,1
18,0.21663,-0.009901,0.204088,0.174572,-0.033796,0.26274,0.022230045276846563,0.030488925280984798,0.255935937222574,0.10583505519684078,0.08195061848025968,0.07050023459759253,2000.0,1
19,-0.032898,-0.051975,0.195667,0.110077,-0.047762,0.194569,-0.007250976305324296,-0.005639387791092215,0.19532939788411322,0.1082973339858721,0.0817581607644826,0.06963726097059447,1362.2814295530166,0
20,0.510969,-0.13494,0.379433,0.248564,-0.035895,0.235834,0.18477133926919503,0.03624897291682582,0.27928662888866046,0.10368676718863291,0.08153885152129335,0.06837393883681249,2000.0,1
21,-0.007615,0.052468,0.246008,0.05542,-0.03481,0.190484,0.10624869663828651,0.04614824823632704,0.2562960917044359,0.10618172470020341,0.08375405415151634,0.07216994994932464,1260.1387037163242,0
22,-0.278406,0.157758,0.085741,0.1085,0.086268,0.256888,-0.04064865991295875,0.019326105839542217,0.1587135040036413,0.1073609936454246,0.07818020003743505,0.07090610323876896,2000.0,1
23,-0.190825,0.017934,0.247307,0.062778,0.015732,0.268831,-0.044692765624268965,0.03415781128437184,0.17543761695723645,0.10331460467448524,0.08028154403448327,0.07204539700865077,1056.3642408568057,0
24,-0.512566,-0.22699,0.289858,0.03737,-0.108492,0.111629,-0.1432315480368483,-0.03334140290065144,0.16026466631260372,0.09662073905252778,0.08223572993117853,0.07017132960279861,2000.0,1
25,-0.105138,-0.002534,0.05237,-0.058313,-0.022024,0.07375,-0.12557211507918709,-0.045013499059641846,0.07231974686830854,0.10395440005400687,0.08260662509076265,0.06959471255515959,1411.6392315434998,0
26,-0.02111,-0.059237,-0.134191,0.016567,-0.048767,0.045857,-0.11739107503524934,-0.09320342032694698,-0.058415731013115105,0.10489584926504801,0.08403314148748454,0.07141597209812489,2000.0,1
27,-0.007423,-0.232098,0.248285,0.07747,-0.032077,0.05898,-0.0013126909330906625,-0.023622121057969105,0.05797402910682187,0.10447932011814658,0.08552846209672314,0.06813642834596202,2000.0,1
28,0.219306,-0.272057,0.0714,0.00353,-0.051285,0.00316,0.053362126386349164,-0.07332956259486863,0.03894364805269801,0.10331177060793925,0.08173146894900832,0.07211804873828379,2000.0,1
29,0.123297,0.072906,-0.057158,-0.116407,-0.011867,-0.050157,0.05232421560403496,-0.01275144301427874,0.0038438867736324844,0.10679937539957055,0.08390255521007131,0.06985131943192445,1233.9847439326297,0
30,-0.137595,-0.379197,-0.070101,-0.103517,0.011086,-0.032959,-0.04702504845910584,-0.1368956306026966,-0.08441771551814116,0.10592568425796696,0.08826271632176973,0.06839021798326324,2000.0,1
31,-0.453565,0.018518,0.049231,-0.026627,-0.012294,-0.059005,-0.11079419432492958,-0.019001953896390415,-0.04814396603307425,0.10701694739864988,0.08280581286907678,0.07171859561777919,2000.0,1
32,0.091521,-0.256173,-0.272375,-0.031936,-0.184461,-0.218177,-0.11335647346346636,-0.15095520652011218,-0.18678285178530937,0.10418423461199103,0.08046050731245279,0.07186647185617942,2000.0,1
33,-0.04994,-0.044022,-0.192059,-0.161012,-0.240259,-0.306885,-0.07907486917376834,-0.0747307088746569,-0.19610410611761928,0.1050857290972113,0.08129347989613762,0.07009644413693199,1351.6822369240638,0
34,-0.173581,-0.302604,-0.28771,-0.235459,-0.228583,-0.34193,-0.1302563753995806,-0.15726573552174003,-0.2805488024184253,0.10531503944872862,0.07920519522945944,0.07126606945155783,2000.0,1
35,-0.051243,-0.015879,-0.402665,-0.247539,-0.114802,-0.427134,-0.11849058111704314,-0.10903930465325155,-0.3360286015136819,0.10538649635629017,0.08145296007288536,0.0702849649155043,1196.7223790193607,0
36,-0.476295,-0.284939,-0.505474,-0.243329,-0.225402,-0.520025,-0.2602527409382685,-0.21217456621462305,-0.468461925352047,0.10192363156370092,0.08069596649108722,0.07099612319087156,2000.0,1
37,0.266786,-0.30886,-0.60175,-0.134965,-0.325923,-0.584253,-0.12340868928509292,-0.23541830151574974,-0.5455325265073458,0.10819594230428796,0.08360209410627648,0.06765713025062059,2000.0,1
38,-0.289581,-0.141159,-0.580523,-0.097695,-0.251685,-0.685087,-0.16939675771416782,-0.16692498507701992,-0.5676242727449697,0.10530654059193797,0.0815305376399317,0.06980943660841629,1249.370476781804,0
39,0.069132,-0.272389,-0.740616,-0.080713,-0.203006,-0.654081,-0.14222153615882074,-0.21659802204307133,-0.6480301930526843,0.11079365185542799,0.0837211180165245,0.0691843385507947,2000.0,1
40,-0.407926,0.187021,-0.692748,-0.070456,0.037538,-0.530555,-0.20911248863854373,-0.07319988138454776,-0.6315727122183245,0.10642744708543302,0.08141231644762359,0.07074300228380793,2000.0,1
41,-0.351813,-0.162086,-0.391668,-0.16576,-0.013031,-0.453112,-0.18859610921283673,-0.061223592830782186,-0.5089354867656178,0.10270689301972334,0.0783805602872046,0.06928095765619305,2000.0,1
42,0.290008,0.117205,-0.247668,-0.013266,0.073016,-0.310791,0.02212591930962926,0.05835595194733709,-0.31490622634453563,0.09984477709741699,0.08017790292337322,0.07071445950615447,2000.0,1
43,0.082211,0.096345,-0.226744,0.134391,-0.042051,-0.274768,0.045118116967349645,0.05751024055222702,-0.21772125817080357,0.10383111460433136,0.08215145809126242,0.0714704843944793,1396.3282025040119,0
44,0.196279,0.047487,-0.267976,0.028294,-0.051518,-0.308749,0.055800115694749776,0.015625097045368855,-0.19634051345452636,0.10443230211299047,0.08011633114086983,0.07089803816549453,2000.0,1
45,0.136371,0.266179,-0.345441,0.08898,-0.021287,-0.313387,0.03615597476108305,0.041220271575252154,-0.20689913400073132,0.10483390865125423,0.08146134325680572,0.07373982394137307,2000.0,1
46,-0.042467,-0.100251,-0.127218,-0.021476,0.014265,-0.205966,0.006892500101202924,-0.008425900600745516,-0.15533851672816043,0.10664083185885195,0.08206401906188052,0.07020751502182308,1282.3374285600041,0
47,0.453115,0.14575,0.063772,0.180345,0.352622,0.068328,0.19076842693377546,0.11404296168976245,0.020340831809082197,0.11001018671693012,0.08335106503895245,0.07054406179758473,2000.0,1
48,0.016025,-0.167037,0.023064,0.063357,-0.017887,0.071776,0.088213613547651,-0.002196519273892626,0.019110345010039515,0.109081129282725,0.08187624862167706,0.06714819303373004,2000.0,1
49,-0.380421,0.041305,-0.038108,-0.024273,-0.057761,-0.006919,-0.07237076810624138,-0.012132133521405176,-0.021993154773633845,0.10687442082981413,0.08189661920840995,0.0706960746023978,2000.0,1
50,-0.196573,0.141628,0.230666,-0.035925,0.06694,0.028602,-0.0183895152715677,0.09461194408831589,0.1066045779778368,0.10254646496769022,0.07964691427785087,0.0712252181909759,2000.0,1
51,0.062042,-0.069216,-0.286266,-0.048196,-0.084554,-0.112769,-0.10205369044999187,-0.10338715196067606,-0.0974680620388148,0.10407901643273837,0.08989158374184064,0.07192566113005376,2000.0,1
52,-0.012905,-0.243701,-0.00787,-0.092007,-0.075257,-0.057849,-0.04761285603488827,-0.09090655525591677,-0.0862655516628466,0.10653313623525244,0.0826443740209315,0.07045089002275771,2000.0,1
53,-0.383191,0.154742,-0.233255,-0.069779,0.039712,-0.065344,-0.15660466080564026,-0.04276663741704855,-0.16821249134567298,0.10686078688167011,0.08350269641076662,0.06940055710355862,2000.0,1
54,-0.326164,-0.31475,-0.201141,-0.181295,-0.131045,-0.190318,-0.21519339351228697,-0.14407256727584405,-0.24056072864065273,0.10706940211888476,0.08032007866393476,0.06815049614017567,2000.0,1
55,-0.066663,0.041086,-0.210135,0.049681,-0.132757,-0.166772,-0.12954667020085764,-0.049059439289500704,-0.22259043760077318,0.10487228092098126,0.08209948176220595,0.07005497534780601,1029.2650234688776,0
56,-0.118674,0.441721,-0.325236,-0.04558,0.013105,-0.116733,-0.10452526163048606,0.0649159028813575,-0.21336662433617867,0.10196572423666947,0.07942273410041926,0.07179733517539787,2000.0,1
57,-0.331868,0.040438,-0.105824,-0.056686,-0.014529,-0.144728,-0.14106678221320565,0.029927515585024406,-0.1559148070457937,0.10345357309857221,0.08059138738519789,0.06985898182278744,1060.7827703245314,0
58,-0.132084,0.03278,-0.243691,-0.00641,-0.054686,-0.205688,-0.1459896263759515,-0.029901371313999513,-0.1975408873618878,0.10592657826762168,0.08233237204636387,0.07033808806671085,2000.0,1
59,-0.279285,-0.124082,-0.347305,-0.133563,-0.050153,-0.137384,-0.2146167849092565,-0.11620498835955603,-0.2969341627959164,0.10713610311873767,0.08171894079149711,0.07148751185561358,1005.1638505285899,0
60,0.050099,-0.339734,-0.066602,-0.104207,-0.068202,-0.150559,-0.07532543858688133,-0.09586328787672616,-0.21265032862309435,0.1043451681217232,0.08313950781339709,0.07227484265031488,2000.0,1
61,0.198638,-0.091527,0.00931,0.036814,-0.001119,-0.13419,0.05504389911060037,-0.005856435464019428,-0.09254834776929274,0.10350646876367371,0.0808547821352818,0.07118405917865546,2000.0,1
62,0.114599,-0.07849,0.189923,0.143761,0.085445,0.04091,0.11871243140872732,0.05960027004836557,0.05751314108744608,0.10129364514322395,0.08150096076944682,0.0697947768889522,2000.0,1
63,0.069301,-0.252463,0.012052,0.147709,-0.035412,-0.023844,0.052289391156671965,-0.05626723281597118,0.015250653478414653,0.10357508563225823,0.07867583455990375,0.06938751372312349,2000.0,1
64,0.326015,0.502424,0.158195,0.29803,0.24407,0.15359,0.18362787159892033,0.17719786894281472,0.15923298068584202,0.10516673084485165,0.07482545654932626,0.06752219350824615,2000.0,1
65,0.066594,0.378081,0.414893,0.229909,0.337152,0.282077,0.1939345233947018,0.25331065687969917,0.34281216609794085,0.11075187462380524,0.08248536577118931,0.07050414051037045,2000.0,1
66,-0.111921,0.325095,0.53173,0.117445,0.268142,0.363492,0.13062551195823405,0.24429689764618176,0.46446641622836554,0.11134451348109403,0.08065849228895262,0.06813783802926167,2000.0,1
67,-0.082856,0.10293,0.516708,0.105188,0.149283,0.403351,0.06787527950582925,0.14453862841735787,0.47293950751861064,0.10951303627936537,0.08096620526793048,0.06948948872287097,1212.5916345152118,0
68,0.108455,0.128395,0.384971,0.235418,0.154325,0.479124,0.06230783285438302,0.09012126389965505,0.4177105025271827,0.10258498878314559,0.07874319062922325,0.06944080400797302,2000.0,1
69,-0.225836,0.219031,0.399818,0.006859,0.074349,0.379684,-0.004787205928081699,0.10831025910558263,0.3931759943803061,0.10797115209860683,0.07970179567074569,0.06989398430759973,2000.0,1
70,-0.083296,-0.090204,0.265174,-0.115708,-0.085353,0.221223,-0.053826633185847975,-0.0118483756455131,0.2799527087883252,0.10702398527932612,0.08181970058955146,0.07058553579114017,1134.6998683815136,0
71,0.133396,-0.099476,-0.094502,-0.012547,-0.17908,0.08646,-0.0678684350043432,-0.11604804466855861,0.053773262109819184,0.1025882782953127,0.08031049912834368,0.06796592898886196,2000.0,1
72,-0.377129,-0.169621,0.08419,-0.05971,-0.14022,0.037254,-0.136567582325621,-0.08907636312118143,0.006204271552206171,0.10485695459404284,0.07832767479061303,0.06962274928781574,2000.0,1
73,0.005099,0.012329,0.281217,7.3e-05,0.063652,0.053918,-0.0049850572191915445,0.04656571629306465,0.1259441653244769,0.108473603065857,0.08090245708663943,0.07563930743760042,2000.0,1
74,-0.113516,-0.222456,0.099638,-0.069529,-0.011419,0.035644,-0.04964400305648288,-0.05709407702483493,0.06707927442099011,0.10528990672359026,0.08099787548643222,0.07083625201154337,2000.0,1
75,0.023383,-0.424286,0.107586,-0.044918,-0.127624,-0.039756,-0.03819639897993994,-0.12935848704084324,0.019179569703959277,0.1019141883335999,0.07667255270527422,0.06887887866721354,2000.0,1
76,-0.020191,0.14342,0.168136,-0.017604,0.182654,0.149844,0.029417822622889108,0.042975796375814515,0.10001153275058546,0.10677849720218417,0.07907973397910349,0.0732189743535373,2000.0,1
77,-0.391888,0.040713,0.035267,-0.101168,0.032239,0.042589,-0.10885836721827928,-0.006501329654324884,0.034494876208698635,0.10967972926880856,0.08247154591430608,0.0700026050716722,2000.0,1
78,-0.402599,-0.190276,0.103788,-0.150122,0.002643,0.065661,-0.15504928055978828,-0.05679928508801222,0.008100244114625054,0.1027077824779064,0.08425246474694684,0.07422117591714052,2000.0,1
79,-0.202133,-0.13167,-0.241271,-0.208018,-0.126498,-0.159688,-0.20616513574634193,-0.14303871352241362,-0.162756033613325,0.10143234509575677,0.08303950849630948,0.06995222617819566,2000.0,1
80,0.002274,-0.222473,-0.406564,-0.203483,-0.230535,-0.310187,-0.1788199396049205,-0.1954141307447612,-0.31734519612718454,0.10668761564320309,0.08013880255280377,0.06881583869194623,2000.0,1
81,-0.713658,-0.529341,-0.366539,-0.27082,-0.20594,-0.49317,-0.3503488794840578,-0.294163222988927,-0.4438852836612717,0.10889012072401717,0.09378516290005973,0.07361269922513654,2000.0,1
82,-0.321298,-0.144447,-0.403351,-0.390443,-0.007178,-0.540585,-0.2800330979884599,-0.17555144684396412,-0.4594497052307394,0.10807867311112027,0.08326183545837286,0.07151382320086316,1055.4961639289113,0
83,-0.223153,0.102869,-0.457651,-0.461077,0.041779,-0.35854,-0.21570952425462644,-0.0652708440198702,-0.4413858678206342,0.10852638174526658,0.08540904981019613,0.06968094739887166,2000.0,1
84,-0.562731,-0.117514,-0.367166,-0.532126,-0.175573,-0.463966,-0.2877408645709268,-0.09301503954348343,-0.42825363592825316,0.11022817773786908,0.08114271741020257,0.07050738875603112,2000.0,1
85,-0.196003,-0.451337,-0.592484,-0.306044,-0.278285,-0.583788,-0.29602954224049627,-0.2543726754938782,-0.558041775989872,0.10800226578835019,0.0818673455865205,0.06709528508241432,2000.0,1
86,-0.338319,-0.131211,-0.568888,-0.197706,-0.154978,-0.602869,-0.27460925578501355,-0.17730570129179143,-0.5810040857735635,0.10810742559406329,0.07931431679805868,0.07082682621885515,1362.6879031802505,0
87,-0.215191,-0.119013,-0.622632,-0.191317,-0.272374,-0.668654,-0.24454248697217804,-0.15851771515697768,-0.6041718203705947,0.11067459156098733,0.08049126592692728,0.06925223785109196,2000.0,1
88,-0.523007,-0.056056,-0.589328,-0.198824,-0.172617,-0.688763,-0.2935658396154911,-0.12965384064329355,-0.6021012248310803,0.10845931489050017,0.08570340756783154,0.07202339297666027,2000.0,1
89,-0.600657,-0.038866,-0.573611,-0.131788,-0.024573,-0.581883,-0.3457145793498585,-0.11599380879064318,-0.5992411741966054,0.10800900966323919,0.08096008535104729,0.07119928240105412,2000.0,1
90,0.10512,-0.102198,-0.357173,-0.083434,-0.032001,-0.49819,-0.1347197166161272,-0.04752229304556229,-0.4578959372695647,0.10674596956958038,0.08638755770075822,0.07049931281772752,2000.0,1
91,-0.344245,-0.122927,-0.416187,-0.147246,-0.028525,-0.447128,-0.18941145741874546,-0.08819456574044233,-0.4405886774625327,0.1087076345482029,0.08257736466243654,0.07027889720654287,1164.2839910919588,0
92,-0.01431,0.236285,-0.177577,0.076795,0.166112,-0.239995,-0.043960301019488085,0.08443029703813044,-0.2527890022502023,0.1060863243758527,0.08962539173057701,0.07230600845374026,2000.0,1
93,-0.284478,-0.001077,-0.232374,-0.00719,-0.030342,-0.149048,-0.11967038374654629,0.0021981150862115375,-0.2314250238346685,0.10814367519887987,0.08371539852130291,0.07214094133537098,1130.5091146283066,0
94,-0.26219,0.133195,0.032751,0.019804,0.038784,-0.183115,-0.07891897650196196,0.08248406499930197,-0.08417687579676429,0.09980809317899193,0.07986603733582755,0.07108605504251995,2000.0,1
95,0.0758,0.117786,-0.083915,0.110567,0.098004,-0.130898,-0.027782926887482205,0.04902485534294535,-0.057236022298140135,0.10320374123330434,0.08191015070677106,0.07067941644021584,1273.903023781931,0
96,-0.093557,0.213896,0.025217,0.052358,0.091081,-0.046082,-0.01515551821871141,0.09336017893415302,0.01266238442649019,0.10459536795335139,0.08452758332595511,0.0697352261467183,2000.0,1
97,0.093499,0.054752,-0.186421,0.017905,0.040563,-0.025602,-0.03527449775702469,-0.010765965444367904,-0.07032453163840073,0.10419163964766877,0.08124543379647041,0.07069058046498304,2000.0,1
98,0.121879,0.294546,-0.136389,0.031371,0.176842,-0.054119,0.015373308756894575,0.0632044021012342,-0.05832079961443221,0.10317639470411435,0.08001019107966115,0.06875284068131264,2000.0,1
99,0.068719,0.23806,0.149921,0.004549,0.107437,0.026133,0.08533956670664256,0.1454650454477709,0.08974443367362174,0.1078045213796666,0.0817724010406395,0.07324361499784499,2000.0,1
100,0.014623,-0.252562,-0.006566,-0.033097,-0.131883,-0.035255,0.00473501225116454,-0.0522433905551117,0.013317093217253568,0.10819289767149566,0.08515696307727291,0.06904317078234674,2000.0,1
101,0.458501,-0.447665,-0.236023,0.142947,-0.176443,-0.044645,0.04863896830536863,-0.1926224761374447,-0.14080576584955493,0.11715771586049936,0.08228896016867687,0.07553805214863954,2000.0,1
102,-0.117719,0.16591,0.001821,0.0958,-0.065614,-0.102008,0.0560064143011729,0.02759138530805351,-0.04936477533991525,0.10723192994157295,0.08167102154760407,0.06859076610907404,2000.0,1
103,0.041787,0.151529,-0.039782,0.052774,0.11303,0.014596,0.0489317923169499,0.060060548656427966,-0.011165531713580878,0.10900715068960794,0.08056245419633562,0.0705753362132394,1318.026112703215,0
104,0.447266,-0.016698,0.339146,0.220728,0.240474,0.198014,0.23939889910510537,0.1266663031864581,0.19820894302614953,0.10642577517860861,0.08544288663645251,0.0706683472760228,2000.0,1
105,0.625957,0.168978,0.403663,0.373049,0.276051,0.412446,0.3642648107830896,0.19340695852344889,0.36386766024044026,0.10889990511710845,0.08467859118389362,0.07152759437744663,2000.0,1
106,0.021734,0.352287,0.495027,0.306087,0.236506,0.474556,0.2606332557299673,0.24221092982419073,0.4740734764125238,0.10605693498163313,0.08190481879654907,0.07113940541607533,2000.0,1
107,0.311965,0.070802,0.667922,0.374437,0.112754,0.550027,0.2823611835136634,0.20193570992324567,0.5838683080476228,0.10673628923862406,0.08138736540247961,0.07107262897020894,2000.0,1
108,0.589552,0.192071,0.585841,0.317928,0.26888,0.67559,0.3464484723089583,0.19079447704526417,0.6173940352316093,0.11096725645263712,0.08260550637219778,0.06980994343917087,2000.0,1
109,0.569815,0.55811,0.630214,0.4682,0.347977,0.729499,0.4056982354074855,0.30585227371799495,0.704700222976514,0.10386305943791832,0.08418334860189965,0.07010605075008572,2000.0,1
110,0.453737,0.0241,0.711569,0.414684,0.181193,0.731218,0.3633700828763074,0.17582218222991122,0.7139764161834911,0.10376159031779733,0.08318665129210125,0.06953285149250661,2000.0,1
111,0.480802,0.191929,0.893439,0.524339,0.311652,0.810722,0.41046728192362275,0.2353742232535825,0.8201025318671944,0.10199647125903362,0.08289035982918622,0.06879327563577704,2000.0,1
112,0.293773,0.301972,0.6639,0.370533,0.270264,0.796988,0.31122708285396083,0.191775978043238,0.7556733877938596,0.1049734126525865,0.08259286419618131,0.07115162862894975,2000.0,1
113,0.32401,0.304811,0.704947,0.266366,0.246243,0.871751,0.2909219718901588,0.20753226874780695,0.7483738606365697,0.10491718921768883,0.08122169912914964,0.06975485049150502,1311.9297842464741,0
114,0.250131,0.058625,0.847199,0.300605,-0.015826,0.764827,0.2734376833591277,0.1746679656348231,0.778152700982459,0.10834137215819849,0.08104167227695486,0.0713920920726279,2000.0,1
115,0.269232,0.253486,0.746324,0.277748,0.1168,0.806622,0.2581871442723312,0.18918422075626165,0.7623587377596974,0.10664207925531638,0.0823821519953098,0.07094239135528747,1345.5785830033024,0
116,0.059369,0.042172,0.650542,0.04365,0.012385,0.689765,0.1582565856528586,0.09448137106003417,0.6652446231036944,0.10571408527488803,0.0822307723721023,0.07085551568283381,2000.0,1
117,-0.254489,0.191532,0.419836,-0.118875,0.118125,0.605517,-0.011779250615088091,0.051354382401189044,0.4957388328371275,0.10876055947122788,0.0768599865354927,0.07408679863930559,2000.0,1
118,0.084097,-0.043612,0.450373,-0.022329,-0.004731,0.518271,0.02254920429513409,0.01637922771019431,0.42437022497769944,0.10836114610891405,0.08193900164627828,0.07325393389180898,1290.625652305746,0
119,0.6696,0.056353,0.466404,0.086751,0.046948,0.467161,0.23316175318186075,0.08304455947754077,0.4460293540679587,0.10599268190404441,0.07769298590488634,0.07318601811456589,2000.0,1
120,-0.250287,-0.015197,0.464748,0.10511,-0.031328,0.371711,0.06875704489742811,0.049863156194805865,0.4120919810887689,0.10522594429279156,0.08551034789868919,0.07325502659103235,2000.0,1
121,0.14415,0.078744,0.309346,0.079347,0.04648,0.386469,0.07676810966716717,0.04321981157233582,0.34562007881455914,0.10529573606232054,0.08166512966255975,0.07139112198929853,1333.4187860237791,0
122,-0.186479,0.116288,0.542301,-0.034441,0.000407,0.376563,0.05764924634502312,0.11830425538986915,0.422610012370977,0.10845736097507637,0.08125487246049229,0.07169972207383109,2000.0,1
123,0.010125,-0.030357,0.165025,-0.105356,-0.113629,0.23348,-0.02394846109956947,-0.014994536448115256,0.25940178376126305,0.10664479913003742,0.08164001812950625,0.0733399667968059,2000.0,1
124,-0.00107,-0.052154,0.153454,-0.010382,-0.058786,0.221763,-0.031771823189162815,-0.03445696494774406,0.17121548230811529,0.10728154773290154,0.08302386015739392,0.07117942651865383,1391.1455457419315,0
125,0.228707,-0.043679,0.412964,0.076336,0.07769,0.259228,0.11870989201636561,0.05602845624697705,0.2790132744140979,0.10664989394108486,0.07930154784746175,0.06870791556406207,2000.0,1
126,0.536569,0.11892,0.24303,0.301467,0.108769,0.221884,0.22020484705814847,0.08632668785285864,0.2982318758666878,0.1036469418074918,0.07830514580686974,0.06901626522028892,2000.0,1
127,0.47023,0.133936,0.283117,0.431746,0.138138,0.33832,0.2672118267548079,0.10526020078704548,0.3275325752838701,0.10909081927875326,0.08189447001243629,0.06977934150797997,1069.574818846624,0
128,0.745937,0.093678,0.328816,0.519527,0.064701,0.344329,0.38595253984246447,0.12065297329407854,0.38790884798830827,0.11888125955779318,0.0843114832764199,0.06986081480464994,2000.0,1
129,-0.161413,0.37615,0.516827,0.307446,0.045171,0.38152,0.22664975538719204,0.2215778760996375,0.48209776371835966,0.10508585459704456,0.08068294967217049,0.0731313616116717,2000.0,1
130,0.647211,0.070383,0.521496,0.32912,0.148949,0.374876,0.32405542802548315,0.1556658740203225,0.5297793270193619,0.10679477946103443,0.08238499113108215,0.07255558491519865,2000.0,1
131,0.14021,0.162813,0.257407,0.065198,0.099469,0.339086,0.18196260365273792,0.06897938770013985,0.40275318323797843,0.10848744494724877,0.0777440892496941,0.06842604476553975,2000.0,1
132,0.320185,0.311584,0.370519,0.104617,0.151315,0.374762,0.21749161297623182,0.14693467638072888,0.4205001566913998,0.10524859482811087,0.08327742294214288,0.0704867862766236,2000.0,1
133,-0.073807,0.164329,0.444177,0.170168,0.149629,0.435161,0.119883737126027,0.12850945082058973,0.42933190227109647,0.1062186573355814,0.08103259506970474,0.07167336663898323,1108.9079627588649,0
134,-0.08347,0.432335,0.31671,0.082684,0.081659,0.415334,0.06189289215981757,0.16572564882042715,0.3963735999763929,0.10038575509489985,0.08695219010790337,0.07328738416197478,2000.0,1
135,0.185656,-0.00831,0.408249,0.156469,0.048396,0.413817,0.0913369497441058,0.08127973813569642,0.38665944267097285,0.10457891163035742,0.07983252736603076,0.07200840565468432,1259.6440412530008,0
136,0.11083,0.095328,0.419267,0.114238,0.046715,0.418735,0.10150236661893085,0.09283020483405834,0.39617316304991423,0.10531804556326879,0.083232741260078,0.070318298809315,2000.0,1
137,-0.039878,-0.255058,0.287982,-0.096492,-0.135237,0.173961,0.01640984259136471,-0.05317089442654979,0.2790088633262159,0.107982773536254,0.08238940040954293,0.07073145261489412,2000.0,1
138,-0.103301,-0.284235,0.117589,-0.320204,-0.231506,-0.003153,-0.05709061766887998,-0.12863273812622733,0.12741763641005083,0.107550238716235,0.08243694796157129,0.07277277864387338,2000.0,1
139,-0.669716,-0.153636,-0.139805,-0.316672,-0.190976,-0.106884,-0.2717361414109671,-0.17742580924132384,-0.10219242187648706,0.10352272003621944,0.0822486502484394,0.07280490005378443,2000.0,1
140,0.042527,-0.021127,-0.143707,-0.152236,-0.148073,-0.122312,-0.1392429274505225,-0.08549712936073875,-0.14075136460175053,0.10400586284010145,0.08197483133187265,0.07021697642045245,2000.0,1
141,-0.126144,-0.148252,-0.184758,-0.1278,-0.196116,-0.251187,-0.1332532298865846,-0.1003346403783158,-0.18867030332083332,0.10647289364325639,0.08339413303713493,0.07250025379951751,1381.9167866623109,0
142,-0.30383,-0.076926,-0.462881,-0.263074,-0.265794,-0.404362,-0.23006669180782652,-0.15573994660509366,-0.3504725708893281,0.106919187679047,0.08178192490663243,0.0701088678011579,2000.0,1
143,-0.450631,-0.021987,-0.368888,-0.156408,-0.007742,-0.427752,-0.2600584575855186,-0.11214117398591997,-0.3799515638277991,0.10566812340185938,0.08047875297582748,0.07118106697787548,1049.9981847745007,0
144,-0.000875,-0.188196,-0.416739,-0.101484,-0.138371,-0.407949,-0.17687925571281574,-0.13853992128494155,-0.41242191175101967,0.10338593647011614,0.08239105347951041,0.07151217112331958,2000.0,1
145,-0.587266,0.121988,-0.539578,-0.104445,-0.283609,-0.442638,-0.2907905782913229,-0.09940613661864053,-0.47863329822624456,0.102781631853509,0.08145933129420165,0.07084794207858891,2000.0,1
146,-0.024821,-0.182409,-0.654954,-0.1545,-0.241545,-0.55927,-0.23443770515189594,-0.1773421799461904,-0.567962046655494,0.10555144097633054,0.08317756577246882,0.07264033834279383,2000.0,1
147,-0.5029,-0.247249,-0.422732,-0.204479,-0.139327,-0.567438,-0.26267965893613493,-0.14738728288498995,-0.5262942197839588,0.10674887616333949,0.0805745971513685,0.07194254801137974,2000.0,1
148,-0.140473,-0.18296,-0.473202,-0.151164,-0.078821,-0.45756,-0.1949632068982284,-0.13486662897552895,-0.5055598570703117,0.10624620339101869,0.08125760763738624,0.07132874902445603,1310.982840093328,0
149,-0.19416,-0.379596,-0.301814,-0.170327,-0.238194,-0.465849,-0.14300438553907133,-0.13916330588006626,-0.4331324978452566,0.11318078399399772,0.08115798645513045,0.07211750413161226,2000.0,1
150,0.047465,0.076915,-0.473948,-0.186443,-0.063571,-0.422585,-0.07472988315392291,-0.06102058782734875,-0.41528432349158706,0.1073519961954421,0.0798861098723431,0.07160684616409899,1043.61848020249,0
151,-0.216643,-0.105838,-0.27317,-0.180912,-0.051181,-0.30229,-0.0869151272888381,-0.04497065350307674,-0.3398183741913598,0.10700710412940641,0.0790483449139905,0.07139153463286381,2000.0,1
152,-0.093951,0.013915,0.011826,0.044877,-0.005189,-0.227442,-0.008174443993445954,0.05566725915175594,-0.14260832712182775,0.1060661790493602,0.07914477564956922,0.06735245443093539,2000.0,1
153,0.046693,-0.052283,-0.262814,0.148013,-0.042757,-0.157076,-0.0328132085062448,-0.03676005416869074,-0.18751512497910927,0.10719199605279886,0.08096764501672668,0.07172918828798618,2000.0,1
154,0.385202,0.158924,-0.306385,0.130626,0.0492,-0.116604,0.06913508208315564,0.006272422775451591,-0.18842666222206544,0.10789266237899658,0.08347943554642102,0.07116412709883878,2000.0,1
155,0.065866,-0.322128,-0.12633,-0.041394,-0.195116,-0.254989,0.042666488174892964,-0.08563073680823487,-0.16976062716510476,0.10210519993431748,0.0844030402278291,0.07145506970416707,2000.0,1
156,-0.160248,-0.31315,-0.282342,-0.083122,-0.151814,-0.199661,-0.061802107958867224,-0.1593154492643732,-0.2599138941339068,0.10415871108666595,0.08114395876354522,0.07037984955364567,2000.0,1
157,-0.0115,-0.127735,-0.217946,0.03579,-0.161379,-0.215875,-0.03574731224033488,-0.08794404741037017,-0.24338644472569612,0.10597064252698661,0.08448968814240204,0.07134766673124118,1389.4887281195581,0
158,-0.321932,-0.021531,-0.279563,-0.008497,-0.111675,-0.220971,-0.1192546258550054,-0.06256698571346991,-0.26797413628591293,0.10800819873516966,0.08378464334992364,0.07239840980038835,2000.0,1
159,0.131965,-0.023603,-0.122655,0.05427,-0.073482,-0.149471,0.0011088973449577743,-0.003973966788162501,-0.17414798751061938,0.10662268661792233,0.08036147808597274,0.07032626273644393,2000.0,1
160,-0.417314,-0.177131,-0.125673,-0.065351,-0.055713,-0.03062,-0.12775875996141994,-0.06435787453033365,-0.1801699983192622,0.10357443918813142,0.0818485337738165,0.06964507147641062,2000.0,1
161,0.113851,0.206135,0.007041,-0.036508,0.104513,0.025035,0.01406964633114968,0.08232562822293585,-0.04781490831059379,0.10330231842021093,0.08216993169576141,0.06801347913809677,2000.0,1
162,0.050945,-0.057435,0.088605,0.025221,0.054144,0.043624,0.0427137383967841,0.04746406210088789,0.02795850170360919,0.10416620159129458,0.07917369570828273,0.06943391203207586,1230.3455557004356,0
163,0.422141,-0.024703,-0.092795,-0.05525,0.053527,0.008036,0.10110980993106204,-0.009077008083904143,-0.005693881996566075,0.10748148610864737,0.08150809911215279,0.07101383944041255,2000.0,1
164,-0.203193,-0.001251,0.028285,0.016834,0.140342,0.098293,0.004357059990777207,0.005903509179604905,0.005368887094156799,0.10766005333071274,0.08142066684980068,0.07118811433439243,1044.7734151153034,0
165,-0.034007,0.306699,0.08153,-0.013475,0.111525,0.116269,0.023948568980860233,0.11462454799623117,0.07685025343028837,0.10781758360635176,0.08341199293723979,0.07156788224228137,2000.0,1
166,0.441085,-0.007936,-0.101836,0.081428,-0.10295,0.041045,0.08060917254111674,-0.0036123489451574844,0.008405195808738285,0.10097152046033774,0.08366533611814643,0.0735763397075465,2000.0,1
167,0.112482,-0.147971,-0.085746,-0.125796,-0.23872,-0.04349,0.04495497600545207,-0.06514103467696813,-0.04964485200261804,0.10688158693210266,0.08287698181901232,0.0684669681682957,1013.3533234829567,0
168,-0.162941,-0.011336,-0.201986,-0.023698,-0.198417,-0.213865,-0.05558565135648313,-0.06900747923652577,-0.12676764986237288,0.10279570995674164,0.08149837986322322,0.06300006784071455,2000.0,1
169,-0.272988,0.173005,-0.278029,-0.317781,-0.248893,-0.238074,-0.13233157360921952,-0.03059929967814903,-0.18684587316110196,0.1055239123902065,0.08317054828101489,0.07012224230947613,2000.0,1
170,-0.242115,-0.509542,-0.369425,-0.242515,-0.253158,-0.342287,-0.23284402280893202,-0.23388915506275257,-0.3547698713851617,0.10902274029692653,0.08156065054947946,0.07095187584329049,2000.0,1
171,-0.317968,-0.379376,-0.480027,-0.374359,-0.268619,-0.478037,-0.2704731610255226,-0.2601268082711632,-0.47962978226047526,0.10480937026736341,0.08144128609223256,0.07015486519523659,1037.8398374800308,0
172,-0.485269,-0.251315,-0.579323,-0.345533,-0.158889,-0.513749,-0.32296493822052486,-0.2411776048964969,-0.5747127243552002,0.1011811515208923,0.08261356272586005,0.07056284434322233,2000.0,1
173,-0.262011,-0.349149,-0.456594,-0.244147,-0.221526,-0.5257,-0.25508234091075027,-0.2033853773991022,-0.5588681666053497,0.10766981385334848,0.08337184148241174,0.07068766843702808,2000.0,1
174,-0.376449,-0.386467,-0.44513,-0.056839,-0.22483,-0.588728,-0.25570385893999986,-0.2023391057363155,-0.5506352138580043,0.10557014754429567,0.08665921455901698,0.07246599117745994,2000.0,1
175,0.109448,-0.15177,-0.484155,0.082423,-0.106822,-0.437717,-0.10869792859711162,-0.12682014578311224,-0.501863930906191,0.11015333266863421,0.08213024539261533,0.07192185365557353,2000.0,1
176,0.119932,-0.081419,-0.238558,0.029928,0.101072,-0.287078,0.01925554960764137,-0.018006743147058638,-0.33854823980396614,0.10780794519287827,0.0807093578775856,0.07139815196386098,2000.0,1
177,0.007274,0.273091,-0.149744,0.052758,0.222835,-0.125782,0.060086939732828734,0.11069696215457654,-0.17878540096640272,0.1049694406930203,0.08227427243612494,0.07250676411654816,2000.0,1
178,-0.36964,0.060327,-0.0245,-0.04663,0.052572,-0.061049,-0.05072955118661861,0.07469771783567516,-0.0885088596682708,0.10670197056762143,0.08529316484002239,0.06861221256333525,2000.0,1
179,-0.000837,0.102624,0.056327,-0.198543,0.03047,-0.100251,0.0009423904933690231,0.08429606055155656,0.006359104018069419,0.10555308558104319,0.08222926608925772,0.07029021829322082,1124.307533222514,0
180,0.008997,-0.167204,-0.203127,-0.063908,-0.243363,-0.253993,-0.06274905001190303,-0.08697992540485248,-0.11266644285573621,0.11070739095951858,0.08101804684496364,0.06914319745582588,2000.0,1
181,-0.371367,-0.181703,-0.549462,-0.226164,-0.272154,-0.37212,-0.26118469068552885,-0.2072285984299393,-0.3704395895853293,0.10501045739767186,0.07718611914445547,0.06342052362313996,2000.0,1
182,-0.27759,-0.283867,-0.418478,-0.22147,-0.227856,-0.463877,-0.2519231312750988,-0.2055726399944484,-0.4432089697083687,0.1023957485502093,0.08127249212045708,0.06804542878134884,1380.8916776460678,0
183,-0.479118,0.049695,-0.382508,-0.178984,-0.268477,-0.505794,-0.25805608379319267,-0.0832704917853072,-0.41782655164394555,0.09938270569319313,0.08111406989592433,0.07221909991272513,2000.0,1
184,-0.299901,-0.089016,-0.480022,-0.094819,-0.12418,-0.457863,-0.2599169589540721,-0.11721911252673389,-0.45771697540318323,0.10447210806460955,0.08341439725306952,0.06916599124309773,1372.7590913423571,0
185,-0.163258,-0.154664,-0.219866,-0.055695,0.124709,-0.31943,-0.15452878856877272,-0.06212739524515126,-0.3513530270660916,0.10315971096045505,0.08578853781433748,0.07016969756620267,2000.0,1
186,0.16485,-0.187605,-0.41096,-0.080834,-0.037249,-0.341948,-0.08138970408123213,-0.116770509651969,-0.37284775895303995,0.1069732531102295,0.0841302822659249,0.07040760210031215,2000.0,1
187,-0.325099,-0.427739,-0.548418,-0.197198,-0.166663,-0.399864,-0.21402586332668305,-0.24532242208817914,-0.5107923652481622,0.10653059768940745,0.08178154849252532,0.06914098352540056,2000.0,1
188,-0.016006,-0.118832,-0.433577,-0.144049,-0.121432,-0.447694,-0.1133403243401789,-0.12589141301045426,-0.46792700351136335,0.1032543683435522,0.08044956040369412,0.07034708013932088,1087.4946529984388,0
189,-0.147289,-0.016933,-0.549041,-0.039625,0.001338,-0.373394,-0.13407034387807118,-0.10180445299669401,-0.4866500121908762,0.10757997589483068,0.08320514889170921,0.07011890452594631,2000.0,1
190,-0.051365,-0.045039,-0.320872,-0.100954,0.025225,-0.296894,-0.0675013964793804,-0.03433636458009476,-0.382457151187608,0.10645471060420564,0.08208987113487937,0.06898152177569043,1089.0645258715026,0
191,-0.263951,0.236752,-0.175307,-0.235672,-0.064887,-0.303992,-0.06157477288480412,0.08903464455794756,-0.23467574113348041,0.1061311740395085,0.0846222788772207,0.0680344329393012,2000.0,1
192,-0.127463,-0.021734,-0.619366,-0.302074,-0.104081,-0.42839,-0.1807741862056063,-0.1185019779182004,-0.4092404869474792,0.09592679420481004,0.07897988807899743,0.06616847913869518,2000.0,1
193,-0.24521,0.140195,-0.495297,-0.138248,0.03128,-0.367347,-0.19055561055089507,-0.05869430800326089,-0.4310502060294936,0.10375661181924761,0.08210112692235673,0.07038948583531177,2000.0,1
194,-0.402583,-0.391437,-0.598402,-0.088078,-0.251776,-0.495199,-0.3008425583836119,-0.23206707925835432,-0.5642268080479305,0.11049889616886743,0.080808702515225,0.07003804955403982,2000.0,1
195,-0.385038,-0.415567,-0.521348,-0.108648,-0.265695,-0.515016,-0.2989500398135074,-0.24218177210361086,-0.5956391510710158,0.10678527626762525,0.08068697027679606,0.06913164172389587,2000.0,1
196,-0.004429,-0.214404,-0.580031,0.101947,-0.219925,-0.54346,-0.18207728001836718,-0.1832557326408441,-0.5919460298833946,0.10477221237886188,0.08337220789214443,0.07002716322315311,1089.2396605538531,0
197,-0.134515,0.111689,-0.290044,0.115297,0.085738,-0.429958,-0.07477715458693153,0.019876034423980574,-0.40306117039631606,0.1010933667458758,0.08479923480272548,0.0698028067062453,2000.0,1
198,0.210713,-0.014847,-0.173585,0.128671,0.2636,-0.26902,0.04634556152488229,0.04365748884890531,-0.24629347836264393,0.10231087710784253,0.08634185887847182,0.06942436840906219,2000.0,1
199,-0.105457,0.058702,-0.151305,-0.012303,0.085748,-0.200832,0.006707210287712485,0.04056014120523726,-0.1679136344201514,0.10423583719383789,0.08201795004945393,0.07007697443188704,1342.876077335111,0
200,0.545108,0.090207,-0.176765,0.070187,0.088096,-0.191328,0.1415619418940135,0.044612028688972696,-0.11008412121214722,0.09877798713740067,0.07773947146503424,0.07056118545970667,2000.0,1
201,-0.232833,-0.011565,-0.016722,0.114709,0.020707,-0.056045,0.03091638022590348,0.032471938923999695,-0.05165537652978746,0.1032104482881158,0.07905575026856305,0.06806219784331785,2000.0,1
202,0.081206,-0.163173,-0.116463,0.04048,-0.041164,-0.030265,0.007094750919521407,-0.0587855061799321,-0.08854020865623623,0.10589874887917934,0.0842015651556699,0.07069953791821626,1017.9892644107535,0
203,-0.112866,-0.022885,0.028797,0.112724,0.058045,-0.056925,0.004150910647950797,0.0012363072449223566,-0.03349499885623515,0.1075355259155279,0.08503356893204479,0.07138255326203707,2000.0,1
204,0.056575,-0.05436,-0.127845,0.155255,-0.027832,-0.016641,-0.004479055330649428,-0.03999313507906745,-0.07887458631032689,0.10972223096131362,0.0836483551925044,0.0701798442042012,1202.989785556268,0
205,0.02564,0.043543,0.044328,-0.002644,0.029923,-0.039209,0.035594448231858006,0.030347325423524623,-0.0077493119611104005,0.1075288741366084,0.08343919255626756,0.07318417110899289,2000.0,1
206,-0.595717,0.13787,0.096776,-0.130643,0.047151,-0.021838,-0.1369427862560128,0.05904540456636855,0.03518953533920823,0.11222182498047753,0.08113507478309885,0.07216704844871256,2000.0,1
207,-0.131611,0.277129,0.003288,-0.178976,0.115001,-0.017798,-0.10454567396686824,0.07570506747578178,0.03414469199378418,0.11174703141392006,0.07887912723969774,0.07195919114784781,2000.0,1
208,0.222714,-0.007121,-0.075901,-0.157868,0.037031,-0.05828,-0.025459938895865977,-0.01386096354969969,-0.016388611411285645,0.1050853640082038,0.08148727854390007,0.07094996888957292,2000.0,1
209,-0.185655,-0.131743,-0.077828,-0.094967,-0.06332,-0.117859,-0.08064581467530187,-0.0699895295022477,-0.07342208548611348,0.10616396023371671,0.08024922831368123,0.07133715783670914,1160.7726459668263,0
210,0.102755,-0.054832,-0.55116,0.050794,-0.12048,-0.265008,-0.13729985698953426,-0.17056660212620386,-0.31948979662283267,0.11250944987666281,0.07711754709696575,0.0819756885966943,2000.0,1
211,0.411792,0.348362,-0.032315,0.206808,0.256735,-0.062541,0.1328495858579086,0.10497655511848236,-0.10460903882326464,0.10169671027087876,0.07107263886034644,0.06055922039582905,2000.0,1
212,-0.040347,0.029922,-0.029664,-0.007557,0.095052,-0.018329,0.07037554608819095,0.06048677563743422,-0.03549394071822764,0.1062062704295028,0.08158058933075574,0.06861731786892541,1338.802447320607,0
213,-0.141985,0.047008,-0.031682,-0.025793,-0.071551,-0.026619,-0.001686199799013462,0.026558197409731556,-0.022264779561720006,0.10564188883963099,0.0834297540258721,0.07242926656541569,2000.0,1
214,-0.425911,-0.029507,0.001943,0.029237,-0.176445,-0.06871,-0.12156251286074146,-0.010730539045618253,-0.03600176052467757,0.10893782331945381,0.08120871270154774,0.07093832332845043,2000.0,1
215,0.35978,0.192201,-0.033771,0.231582,-0.001552,-0.026294,0.04810019730528663,0.06732585600198211,0.009733771785668451,0.10986415718455886,0.08557449301865062,0.06939475446399974,2000.0,1
216,0.171589,0.385765,-0.123237,0.194223,0.119017,-0.009216,0.06256981263446468,0.10595199303820745,0.006193406380985216,0.11067848634693152,0.07912384871086449,0.07189460943426047,2000.0,1
217,-0.011297,-0.052129,0.148043,0.19124,0.077834,0.162183,0.05488157788041445,0.054617272264105086,0.0791384010810893,0.10457566283727383,0.08494058240062642,0.07124507191361103,1153.1251786791424,0
218,0.180018,0.2542,0.238313,0.154699,0.252115,0.231557,0.133420755110557,0.15041337621646853,0.20032853601588857,0.10663839081603414,0.08082006892282069,0.06931674586227667,2000.0,1
219,0.081219,0.219076,0.30157,0.197955,0.217384,0.290076,0.12821087779898965,0.15859095888639377,0.2820696659642252,0.10610028425397555,0.08138734762267967,0.07087685990201863,1274.8646855393035,0
220,0.090214,0.274003,0.4156,0.195899,0.288714,0.399408,0.14847241072379896,0.19430420492908085,0.37518869308168395,0.10593194815846235,0.08249761335977633,0.07070527714714113,2000.0,1
221,0.128371,0.047345,0.452132,0.007113,0.144734,0.348195,0.13920870357993728,0.12823413954177382,0.41378744763183245,0.10396272061382322,0.08157260338971657,0.0708385578064144,1327.2262316393828,0
222,-0.295509,-0.166976,0.107033,-0.027833,0.055859,0.215636,-0.08007784159633617,-0.07651479129897927,0.1965824522951584,0.09731660305278796,0.08238837221885005,0.06808523267994564,2000.0,1
223,0.022848,0.034053,0.136696,-0.186615,0.020151,0.119126,-0.03541928307992786,-0.023763819234794335,0.14210629783861117,0.10388578207778118,0.08245877085295916,0.06950689630611495,1331.0437517308528,0
224,-0.703965,-0.154022,0.133642,-0.424428,-0.038768,0.004649,-0.210016555291325,-0.0775121624814534,0.06444127103603257,0.1067465008233605,0.08512841575329497,0.0695658861474691,2000.0,1
225,-0.585913,-0.27418,-0.362166,-0.453373,-0.287079,-0.188704,-0.41818380145500933,-0.2705182507496893,-0.25914040404040506,0.11944845289817142,0.08702839598077351,0.07590903611672865,2000.0,1
226,0.011489,-0.136316,-0.195214,-0.3731,-0.017209,-0.213179,-0.1950798536428395,-0.14270920303894427,-0.25223824220267516,0.10445764848261699,0.07781871859578486,0.07176019042393975,2000.0,1
227,-0.071549,-0.279352,-0.304848,-0.29702,-0.114404,-0.24631,-0.15269904157322634,-0.17094227890694028,-0.3147368539878537,0.10311192377140774,0.08046724609133468,0.06787260101571678,1213.966172106692,0
228,-0.185289,0.041673,-0.297883,-0.20481,0.006528,-0.260812,-0.13130452887798122,-0.06614618380038005,-0.3031365222165351,0.10356514245531659,0.08178609825960492,0.06971548130080214,2000.0,1
229,-0.415975,-0.090369,-0.361668,-0.227869,-0.113007,-0.271187,-0.21269802143997774,-0.10381398455479803,-0.35126571072869067,0.10397442001982446,0.08257852839252515,0.07155138243131505,1017.679080747714,0
230,-0.161099,-0.032069,-0.325673,-0.055245,-0.118961,-0.308718,-0.16155330556105324,-0.07659172965955126,-0.33925313077202973,0.10648033626645009,0.0821336287604935,0.07357786492201472,2000.0,1
231,-0.003658,0.238329,-0.063684,-0.018313,-0.089551,-0.24781,-0.013186282917225525,0.09594793540853407,-0.1468637003260217,0.11197013675905225,0.07817557491697195,0.0682919355834916,2000.0,1
232,-0.234155,-0.15835,-0.512115,-0.241659,-0.199944,-0.385672,-0.18940856954165472,-0.1437891000200358,-0.33596350080554716,0.10510459135695281,0.08491106799578692,0.0640869230736273,2000.0,1
233,-0.467703,-0.258432,-0.726759,-0.449529,-0.331194,-0.609798,-0.34650474653266256,-0.2779263190895765,-0.5808121781055404,0.09849255565647529,0.08084721821486797,0.07489735961115472,2000.0,1
234,-0.430853,-0.343341,-0.806076,-0.424686,-0.181707,-0.675882,-0.3845773725136996,-0.31164913185213877,-0.7471452519366353,0.10714522989838268,0.0814949977982748,0.06931192895689839,2000.0,1
235,-0.528174,-0.435175,-0.533634,-0.485299,-0.242138,-0.706376,-0.3535335483260282,-0.24443059819825308,-0.7020279228354254,0.10658119190954705,0.08388439900645411,0.06888190593528837,2000.0,1
236,-0.822761,-0.135012,-0.876499,-0.534365,-0.372436,-0.830265,-0.48806246289813865,-0.2516698528247076,-0.8237913145181708,0.10876726002886031,0.08394080824080413,0.06977829127843799,2000.0,1
237,-0.606384,-0.410916,-0.904272,-0.503082,-0.272394,-0.901708,-0.4999929305990515,-0.319039140680193,-0.9203737131279275,0.1057279483655639,0.0820630138399448,0.07115793415437133,1147.9961335799562,0
238,-0.199683,-0.511079,-1.016014,-0.382608,-0.354487,-0.975736,-0.40501983580505385,-0.3673019070322443,-1.0114060624301304,0.10538266765980658,0.08212875010362373,0.07065331256092822,2000.0,1
239,-0.639083,-0.414322,-1.230517,-0.365416,-0.408458,-1.136074,-0.49623082515328226,-0.3928191453116376,-1.1608270081552192,0.10821033463862005,0.08093054935256562,0.0690191866983406,2000.0,1
240,-0.298211,-0.330943,-1.194255,-0.260299,-0.317414,-1.17074,-0.4098962213477798,-0.330018053976105,-1.1819354439674086,0.10796513754704187,0.08298769966281062,0.0706004075816418,1329.456576011488,0
241,-0.407838,-0.254447,-0.913118,-0.243887,-0.119071,-1.158942,-0.31192415591264194,-0.20665259271274128,-1.0352724352854497,0.10864825644639835,0.08145893986914272,0.07100342476456926,2000.0,1
242,-0.346892,-0.308319,-0.920007,-0.369162,-0.262573,-1.059214,-0.29039237309406446,-0.2117266222124582,-0.9697513811984009,0.10761783347670754,0.08292793190416746,0.07103027394781547,1260.531819557305,0
243,-0.381714,0.038655,-1.123346,-0.303988,-0.145751,-1.038052,-0.33549294711442085,-0.17920193514162683,-1.0010696592980728,0.10707995446664459,0.08003690232168857,0.06973958138965893,2000.0,1
244,-0.090064,-0.264656,-0.911757,-0.385542,-0.143757,-0.976515,-0.23734734487497267,-0.18859652851336295,-0.929918605427874,0.11130434507764686,0.08177850752538791,0.07277908237691247,1137.3057737197273,0
245,-0.190798,-0.387331,-0.99802,-0.292114,-0.17828,-0.914867,-0.25764318223693294,-0.2634024936984718,-0.9665847576867458,0.10800947839064978,0.07841794324763766,0.07145788935511144,2000.0,1
246,-0.509452,0.055899,-0.961344,-0.247091,-0.08549,-0.783707,-0.30467901415530013,-0.14447442416414097,-0.9252024981123811,0.1086018456150321,0.08234118243478068,0.07176455821040588,2000.0,1
247,-0.250123,-0.308938,-0.743192,-0.384369,-0.382783,-0.845144,-0.2457187070868732,-0.16749168662770372,-0.8268076029458318,0.10519913145052784,0.08340893942518428,0.07128657206217624,2000.0,1
248,-0.38209,-0.454679,-0.87933,-0.22716,-0.361602,-0.995339,-0.30402396072178595,-0.27808851113514177,-0.8772540705140491,0.10792303614405177,0.08196908577693784,0.06729366897593576,2000.0,1
249,-0.309939,-0.383404,-0.713734,-0.19454,-0.146079,-0.818339,-0.25748008257435306,-0.2291944870341238,-0.8114737035112827,0.10715382735944864,0.08162219379010272,0.07097088450923807,2000.0,1
250,-0.060693,-0.258942,-0.84463,-0.123456,-0.147248,-0.797643,-0.20814261276283122,-0.21637526812042868,-0.8172868035012666,0.10660038724063829,0.08348878687877441,0.07004417983429513,1208.2442414744387,0
251,-0.208315,-0.144746,-0.795809,-0.109966,-0.13654,-0.779131,-0.20017740298492648,-0.16303754329284684,-0.7813171597608364,0.1040732919313071,0.08111317491651855,0.0694304809298329,2000.0,1
252,0.284478,0.316869,-0.399335,0.105906,0.142019,-0.474312,0.043457805504182385,0.13099277402948406,-0.4723411464650207,0.08971685092533797,0.09059249777197029,0.07390567393134424,2000.0,1
253,-0.151671,0.001993,-0.228932,0.003231,0.157481,-0.268082,0.007573872787002577,0.07769737134520704,-0.3011259345827067,0.09787865479854009,0.08181541509321331,0.07137328149943864,1061.2961582974674,0
254,-0.076627,0.205177,-0.1037,0.047162,0.217855,-0.064337,0.023093208187094476,0.11789885417912635,-0.14451681273020536,0.10093130544671035,0.0811958051754873,0.07281344721443578,2000.0,1
255,-0.014827,0.308824,-0.069271,0.116447,0.207553,0.092636,0.02956848238749576,0.1367201869016968,-0.04546319214218094,0.1041483904468348,0.08055613088668391,0.07083244676622956,1029.3608023052466,0
256,-0.186686,-0.267119,0.088011,-0.073558,0.090071,0.076623,-0.04015989251143701,-0.013437269316299356,-0.007715032251810072,0.1063477115558588,0.08096141170349005,0.06812571278530638,2000.0,1
257,0.025652,0.310029,0.294292,-0.194187,0.154961,0.186391,0.07131901339835373,0.16949755589707255,0.1757327719820809,0.10328219379271603,0.07489417835094764,0.06446437576765623,2000.0,1
258,0.086913,-0.086019,0.13479,-0.038846,0.091348,0.254549,0.04340993108961883,0.028664782656375263,0.14635890865944481,0.10497245949183509,0.0812894492192321,0.07144753040358713,1082.2187060979563,0
259,0.308233,0.105626,0.234004,-0.033756,0.055827,0.170128,0.1409122958736297,0.08935497394069111,0.21461698368738372,0.10909917960126048,0.07997066769937852,0.07070504139668565,2000.0,1
260,0.462848,0.07375,0.124362,0.009319,0.036748,0.091207,0.19368997855260384,0.05791536804852104,0.2016657815544822,0.105081952046544,0.08059317998574729,0.07262411720146812,2000.0,1
261,-0.202876,0.174069,0.244203,0.003267,0.011381,0.169188,0.0724154634926842,0.10357971578285849,0.23215741060674927,0.10453744091575025,0.08491799042808369,0.07132486386346698,2000.0,1
262,0.106446,0.117182,0.270731,0.092362,0.034544,0.183534,0.08841489702410056,0.09728250041783444,0.2613828864230092,0.10681325712477538,0.08128530368863958,0.0703674494529019,1400.97005815199,0
263,-0.147693,-0.333349,0.052391,0.087547,0.023244,0.121837,-0.052271156788294894,-0.10635009700703313,0.08697491815673589,0.10178438465590768,0.07887777722531575,0.0738254095182407,2000.0,1
264,-0.091834,-0.161598,-0.135945,0.063687,-0.043882,0.025751,-0.1022930571828077,-0.142319160472159,-0.073417898879609,0.10228381175183074,0.07851708993549252,0.0704018004097125,2000.0,1
265,-0.017576,0.070449,-0.07554,0.10844,0.049718,-0.022188,-0.052075747715906916,-0.030104355294110288,-0.07460845855624305,0.10294620472576997,0.08224292991010948,0.07125217676458913,1167.4001235162684,0
266,-0.126103,0.12078,0.216203,0.085328,0.150027,0.12729,-0.0020663553904327375,0.09198438877746805,0.07473743785101465,0.10607986045751322,0.07871466984336241,0.0696614160165452,2000.0,1
267,-0.030999,0.20436,0.107615,0.179379,0.132719,0.161815,0.0031537060995653716,0.10013781750662173,0.11374312457253273,0.10512169759184888,0.08341121209047123,0.07092876919631809,1216.633379867302,0
268,0.024214,0.235146,0.147997,0.053071,0.116741,0.217401,0.032556039825241086,0.11496156396205022,0.15711237836478814,0.10240904732263416,0.08293694187444633,0.06972240377145403,2000.0,1
269,-0.066847,0.312585,0.131132,0.176497,0.221318,0.313267,0.018113300712910417,0.1288975606168793,0.17586321499877947,0.10363730345491248,0.08591373928587334,0.0704099234091071,2000.0,1
270,0.202852,0.056935,0.488164,0.034427,0.089076,0.312899,0.13035215199028907,0.15523154133859907,0.34342265643490255,0.09277284505952706,0.081985475124141,0.06877455538496734,2000.0,1
271,-0.172775,-0.286969,0.342681,0.010776,-0.010019,0.260109,0.004799558272776412,-0.015488105885010857,0.2832275421417204,0.1061550028984185,0.08016958498213649,0.07230915604849562,2000.0,1
272,0.521216,-0.148347,0.252498,-0.040698,-0.080025,0.175508,0.15039773030753562,-0.028200999556543007,0.2472421287750422,0.10432196903419365,0.07930253215856464,0.07064776653104457,2000.0,1
273,-0.167104,0.023805,0.216149,-0.076827,-0.03865,0.119376,0.04642699670006321,0.010709998552932776,0.2103929557789634,0.10447071358652466,0.08284307550279077,0.07114004318954255,1050.060554930546,0
274,-0.168684,-0.285943,0.127255,-0.183087,-0.122375,0.069585,-0.05626267380935885,-0.0906257117984008,0.10855708852613563,0.1117815228977795,0.0803510967148578,0.07496953474949371,2000.0,1
275,-0.540055,-0.262458,-0.296629,-0.280986,-0.357149,-0.272197,-0.2802250711264358,-0.2451413723717763,-0.18667062478551477,0.10695342026585543,0.08851812440975376,0.07049843151798224,2000.0,1
276,0.091241,-0.114217,-0.415247,-0.249977,-0.250476,-0.398871,-0.1810472777744869,-0.19382677669073028,-0.3223624375408858,0.10218226556780347,0.08339644166945849,0.06997412400380387,2000.0,1
277,0.12034,-0.404559,-0.574563,-0.10356,-0.423589,-0.531807,-0.14496114051877873,-0.2712195504423822,-0.4865602999863363,0.11097938697430422,0.0835333098152925,0.07755982328849473,2000.0,1
278,0.122323,-0.765258,-0.321219,0.06294,-0.305691,-0.584693,-0.03677980541734856,-0.2998624087283681,-0.46502294299235125,0.12035180944059613,0.0987727691321813,0.07218710255478075,2000.0,1
279,-0.288004,-0.439586,-0.556142,-0.018644,-0.247873,-0.611733,-0.15032799612591038,-0.2832446172300672,-0.5616203425689746,0.11314640241399843,0.08323193017924811,0.07320847471542453,2000.0,1
280,0.168103,0.380521,-0.478573,0.125969,0.097593,-0.432193,0.007535157189355355,0.026201016079449833,-0.43081761507556593,0.10390843942104505,0.08449076142470864,0.07281752387901935,2000.0,1
281,0.079592,0.061537,-0.078986,0.303878,0.143518,-0.125535,0.08668229753428618,0.10594397014060482,-0.19557382592681163,0.10494855636876865,0.07735382316354075,0.0724104403639172,2000.0,1
282,0.556632,-0.133509,-0.048353,0.264161,0.164113,0.052734,0.21395955292574295,0.049295352115844404,-0.07184857704654683,0.10519731291944982,0.07682987739837846,0.07020771582429321,2000.0,1
283,0.717469,0.519161,0.435338,0.55563,0.333874,0.284887,0.4667084414950586,0.3616854714702323,0.33029649623812646,0.09078925224540497,0.10782309578591075,0.07261576118144995,2000.0,1
284,0.616055,0.311847,0.41163,0.596967,0.309844,0.477737,0.45160470797337504,0.28010579907181576,0.46764627452055146,0.10256366047579206,0.08248509633753996,0.07159459348304407,1162.3632867344736,0
285,0.140855,0.512211,0.745088,0.62813,0.34647,0.694979,0.3774944627900689,0.37044839321073736,0.6841300046450325,0.10426432936582641,0.08173836814955789,0.07030147103074565,2000.0,1
286,0.370033,0.418452,0.985627,0.566716,0.376908,0.879029,0.4038016916806114,0.38673479436504365,0.8866564741862343,0.10732749028351302,0.07793242590307012,0.06891283973303303,2000.0,1
287,0.4539,0.418799,0.930876,0.316348,0.350015,0.892399,0.39619827252519,0.33945478555668956,0.9509977217220946,0.10716566570837056,0.08083356690944618,0.07014343863966384,1319.7637699086456,0
288,0.38306,0.265763,0.861318,0.140483,0.211311,0.851871,0.3402098778244665,0.24376489029115064,0.9166167857157679,0.10273320840321323,0.08309158401047709,0.07123437729654285,2000.0,1
289,0.278918,0.310507,0.729827,0.057084,0.205884,0.728747,0.2651537111635212,0.19648783951154328,0.8290604325641621,0.10531798826713973,0.07927518694694255,0.06968813829100207,2000.0,1
290,-0.307721,0.389274,0.60099,0.010681,0.047659,0.606634,0.0428441212796361,0.16437728289819273,0.6980846309018613,0.1138070225081555,0.07858479563062606,0.06554412464654305,2000.0,1
291,0.09781,0.079941,0.438496,0.037499,-0.06571,0.496166,0.012207078477810867,0.041244047218710035,0.5298696438092485,0.11083422629652268,0.07966646048772805,0.07034004024061723,2000.0,1
292,0.243153,-0.447086,0.157048,0.04005,-0.210035,0.201996,-0.027259953269498705,-0.17860056895933815,0.2509143493205062,0.09475308550183383,0.07406336339258805,0.07200388320778907,2000.0,1
293,-0.296854,-0.049671,0.253012,0.034813,-0.11667,0.105053,-0.07398301958244459,-0.06691837354640129,0.19176536565175786,0.10483276146723254,0.08256803316670196,0.06981176679105097,2000.0,1
294,0.026952,0.144003,0.112668,0.028533,-0.027219,0.123522,-0.023275965833561,0.009308943382196837,0.1451495544474884,0.1050987392053569,0.0811728382454522,0.0689910635829797,1138.0496247323254,0
295,-0.030662,0.023969,-0.129732,-0.08543,-0.156436,-0.051153,-0.08895663045374712,-0.06411381940917864,-0.005666912392444832,0.10306723435869265,0.0827788770523391,0.06972207084406641,2000.0,1
296,-0.108149,-0.032113,-0.107779,-0.047996,0.031878,-0.056149,-0.10137251772793623,-0.06666851288750907,-0.07648418497346071,0.10730936308680376,0.08221152318221958,0.07133019688242023,1364.715083196291,0
297,-0.663799,-0.067728,-0.156442,-0.293366,-0.24247,-0.266479,-0.26162499778674597,-0.09821115849841067,-0.17327224922089476,0.10480278952083918,0.079617520503033,0.07098772465032845,2000.0,1
298,-0.384942,-0.118853,-0.336662,-0.319802,-0.258015,-0.404222,-0.2976747027535798,-0.15258869692006471,-0.2998850821866657,0.10576734788677493,0.08059139280607398,0.07140056630392892,1177.2446977177176,0
299,-0.384458,0.266105,-0.424831,-0.318997,-0.119772,-0.480864,-0.29104521235726616,-0.06254444220283475,-0.3488997714818949,0.11151418822264272,0.0751236592781493,0.07311058382207938,2000.0,1
300,-0.402943,-0.236498,-0.62389,-0.373329,-0.123997,-0.598138,-0.37861382774252145,-0.22315291651153393,-0.5408494004664092,0.10453690814333938,0.08234729579236488,0.07243150560608348,2000.0,1
301,-0.409721,-0.216962,-0.558377,-0.297027,-0.140851,-0.615714,-0.35128998975831455,-0.2037915215712992,-0.5892504093894179,0.10395874686463694,0.08183962864887648,0.07062546109733284,1366.2089208913153,0
302,-0.197099,-0.211113,-0.558209,-0.108497,-0.165195,-0.493853,-0.27073375598529287,-0.17325081784404547,-0.5922116184283225,0.1033747738178888,0.08078833728218486,0.07137428671265524,2000.0,1
303,-0.128131,-0.31989,-0.564764,-0.12019,-0.246356,-0.538803,-0.21788037733089666,-0.19018948212105802,-0.5940667990767765,0.10585127441336684,0.0815668850151183,0.07167297791231193,1175.8752489839585,0
304,-0.127305,-0.396596,-0.488915,-0.215796,-0.263092,-0.585896,-0.1694059067719891,-0.19226564001524568,-0.5650731792608045,0.10829637837046624,0.08085395597415333,0.073011807837231,2000.0,1
305,-0.199543,-0.649762,-0.47733,-0.138658,-0.23536,-0.564758,-0.17568482352031745,-0.2619777401400461,-0.5735520732744662,0.10270343931348327,0.0779854304525113,0.07267369894574727,2000.0,1
306,-0.090971,-0.041967,-0.513716,-0.009041,0.023238,-0.415525,-0.11306846582766875,-0.11719017276349046,-0.5258366512982166,0.10510591395391083,0.08286493879396077,0.071347767888201,1211.4579755249342,0
307,0.146677,-0.082596,-0.477227,0.128206,-0.137999,-0.391674,-0.028335355493904642,-0.07319961033779657,-0.4631603005565241,0.10539319976621461,0.08257416297792161,0.07002165177979304,2000.0,1
308,-0.355499,-0.122455,-0.34954,0.028685,-0.048472,-0.360411,-0.1064482066834113,-0.0646686894667641,-0.4043202478967885,0.10779715295336935,0.08041878158818588,0.07224894268425572,2000.0,1
309,0.104607,0.457049,-0.03899,0.0092,0.166742,-0.211604,0.07460399556592677,0.2015944253320233,-0.13247284616949617,0.10236026974772379,0.083006707863209,0.07159126739184614,2000.0,1
310,0.049547,0.077048,-0.309601,0.04966,0.075042,-0.118044,-0.005783239168690575,0.028158696813784273,-0.18104471378360426,0.10759042990919823,0.07912534849473135,0.07011533747581644,2000.0,1
311,0.053234,0.289596,0.048693,0.045295,0.095942,0.02086,0.07387998202821816,0.1516319364154531,-0.005585156987986965,0.107139794514694,0.08446003637330769,0.0710275237198641,2000.0,1
312,0.397652,0.179798,0.019954,0.205505,0.140585,0.157559,0.15742305229215892,0.11987294785683741,0.0694563658467924,0.1086447561456543,0.08404240309600247,0.07078869350449479,2000.0,1
313,-0.320695,0.206426,0.164834,0.069868,0.082465,0.228267,0.013926109245048899,0.1242528744540521,0.1363165283930131,0.10800060692356721,0.07935767859243202,0.06844647870770575,2000.0,1
314,-0.245289,0.149123,0.274005,0.149478,0.107237,0.310448,-0.021628919681048592,0.12414759513582933,0.20269496970221668,0.10377868458154821,0.0820491334744589,0.06961412888806733,2000.0,1
315,0.238368,0.434049,0.371862,0.183607,0.228731,0.413913,0.12620597640429462,0.22443665276108365,0.34104928559395215,0.11236513441244449,0.08181805449098739,0.06994355999415179,2000.0,1
316,0.128253,0.195244,0.250583,0.129677,0.186853,0.303963,0.08882220735707036,0.12931556531156424,0.31525386782971937,0.10742045977513794,0.08256005223800936,0.07027502584238828,1183.4233259313728,0
317,0.189033,-0.150498,0.076259,0.154997,-0.224916,0.075539,0.03294542429573646,-0.0439805403850261,0.17436472215815574,0.10933498316302251,0.08107343924336004,0.07261055677081206,2000.0,1
318,0.092249,0.045647,-0.018933,0.184675,-0.009303,0.034593,0.008492586845715909,-0.037649643974576444,0.06794799991228768,0.10659276645081024,0.0808072903437525,0.0701116174072355,1007.3209949806214,0
319,0.227868,0.117659,-0.043322,0.094997,0.160902,0.102923,0.055862599611149026,0.009324735780581928,0.03256786756186214,0.11147599990511058,0.07917775937634411,0.06717135977919517,2000.0,1
320,0.496317,0.233943,0.329283,0.309789,0.173196,0.251296,0.2636423710752774,0.16895041885896322,0.23440792786896195,0.10424259692432133,0.08141066123199911,0.06531327483685091,2000.0,1
321,0.537294,0.567008,0.430231,0.440498,0.23185,0.354944,0.3669757939099975,0.31918232943340424,0.43484210377051513,0.10038616098329961,0.07980749854408209,0.06566461579953749,2000.0,1
322,0.33331,0.187447,0.491134,0.385475,0.228006,0.406817,0.31392575061282246,0.2234681397825777,0.5078791285743398,0.10377496739859436,0.08282006888371542,0.07148525141571478,1389.1328772767833,0
323,-0.100193,0.199107,0.34996,0.321345,0.136187,0.504034,0.11917989172186952,0.1297504164837296,0.4352091309560098,0.11330506944176226,0.08058646375320448,0.0691088788943706,2000.0,1
324,0.446518,0.316282,0.550152,0.292671,0.127615,0.52026,0.24710855182798433,0.20293159108560405,0.5270600253100621,0.10660331736582679,0.077748484881804,0.06915509810149066,2000.0,1
325,0.530062,0.382242,0.596565,0.285716,0.211204,0.528968,0.3311979114129436,0.2543767570159495,0.6186250869044738,0.10386304957667865,0.07937441862389766,0.071235651679783,2000.0,1
326,0.281898,0.263723,0.461017,0.152986,0.261966,0.564137,0.2447195246870657,0.1691269298842966,0.5648690990124229,0.10157084653213552,0.07791088898579265,0.06953889438392573,2000.0,1
327,-0.179925,-0.183343,0.561679,-0.003997,0.174165,0.560761,0.08804761955350211,0.03498071791141998,0.4983644050927424,0.09860810235123864,0.08405064532277647,0.07126600274572449,2000.0,1
328,-0.02191,0.140536,0.473943,-0.156669,0.06303,0.48557,0.06655940374496078,0.07945215133836803,0.4624799704980601,0.10274432334925006,0.0820672383001266,0.07119770408491265,1277.206233826671,0
329,0.068543,-0.269277,0.513567,-0.103563,0.063644,0.329352,0.06639215583627461,-0.005122832110504659,0.41819081526400553,0.10601835142676964,0.0779864321236238,0.07116327972712226,2000.0,1
330,0.25166,0.20402,0.411536,-0.060103,-0.016471,0.219086,0.13738858381717384,0.0941259427557189,0.41731232138562646,0.10356903669711824,0.08269859969769482,0.0699680359786093,1001.0529378967956,0
331,-0.142259,0.175002,0.179935,0.032963,0.149581,0.34637,0.006621217508924936,0.042577933317855116,0.2889902288987453,0.1029031253683839,0.08182705065088175,0.07104664259667513,2000.0,1
332,0.115857,0.262112,0.632435,0.161147,0.112161,0.383042,0.16157162888891216,0.21210033339873038,0.47698918142804786,0.10908250605607689,0.07933018174159243,0.06946005061902746,2000.0,1
333,0.371169,-0.000604,0.333149,0.221715,0.134713,0.424672,0.16358453252273006,0.06803220550712476,0.40205664964808385,0.10835436470312394,0.07897603869468704,0.07291085839373304,2000.0,1
334,0.293401,-0.086872,0.530726,0.281919,0.146004,0.432659,0.21709194159154263,0.07460141137151127,0.4498343770764888,0.1047467052702457,0.08114041340866993,0.07017660950331876,2000.0,1
335,-0.011186,0.23919,0.585821,0.21228,0.200077,0.488771,0.17797805258369237,0.16763977393212104,0.5211912099640302,0.10762120871733034,0.07915603973118313,0.0695979045102611,2000.0,1
336,0.307996,0.229528,0.435004,0.225073,0.234568,0.534573,0.18690730781452006,0.14640061777275074,0.49622040241598,0.10096957177093556,0.08268543568901407,0.06993261773270086,1177.8259799363764,0
337,0.393923,0.164894,0.590196,0.27819,0.238625,0.540869,0.2509792498780401,0.17035167665594814,0.5579531423571912,0.10487791324214354,0.08311344304854376,0.07063300978913684,2000.0,1
338,0.412194,0.200318,0.511917,0.394602,0.187619,0.52267,0.26717071958495503,0.15590783442683476,0.5566907415414476,0.10514980842366131,0.07981421358294871,0.07016522587566836,1226.5928964064121,0
339,0.294554,0.482011,0.559753,0.250637,0.066896,0.50432,0.26930707439400897,0.24442981979504586,0.6066111645648611,0.10706955866374343,0.0820062853913891,0.07143058569964893,2000.0,1
340,0.146447,0.1844,0.526757,0.198188,0.059221,0.503689,0.1916501453018382,0.1577520622075545,0.5710260796845947,0.10595257752892438,0.08076889273955427,0.06895414287904345,1229.1320451297229,0
341,0.508013,0.282347,0.64801,0.212357,0.124923,0.528376,0.29763411550818397,0.21819263676320685,0.6457159256563406,0.10007839723837895,0.0872010166702772,0.06976105627419928,2000.0,1
342,0.072596,0.054077,0.426309,0.252735,-0.072514,0.418769,0.15162427313185872,0.07621037308454479,0.5172673831412071,0.10695699522558844,0.08262986059700499,0.06985660268844567,2000.0,1
343,-0.108024,0.192101,0.304975,0.00944,-0.029819,0.321762,0.027255607252308574,0.05692473370893854,0.3925953615367416,0.10720320277779744,0.07969976816994788,0.06805654245320453,2000.0,1
344,0.115247,0.109258,0.468649,0.11305,0.137769,0.359043,0.08781450994527149,0.09823472926747696,0.413841695347921,0.10833472707786901,0.08184050600895192,0.06915288372618954,1090.9731024597972,0
345,0.227499,-0.175301,0.395676,0.051708,0.132913,0.337637,0.1062502816978349,0.010329308254217781,0.3672615320305909,0.10727104667297181,0.07871975786367323,0.0710003152715072,2000.0,1
346,-0.253076,0.150702,0.414177,0.046398,0.17899,0.340995,0.03209910681013078,0.0815399167226168,0.3673830541630539,0.1018482581371754,0.08160416181036113,0.07060183429189164,2000.0,1
347,-0.139733,0.315693,0.28003,0.122326,0.193933,0.346488,-0.007883985076706998,0.10569843012056947,0.32667538967704596,0.1055393172427875,0.0826295506741765,0.07080226651952722,2000.0,1
348,-0.200063,0.083598,0.333791,0.207483,0.229068,0.438318,-0.04802192607116707,0.06585537688953697,0.3028086728286147,0.10650148248044015,0.08314205400804993,0.07124679220885267,1204.1107793733108,0
349,0.117042,0.035309,0.319981,0.110503,0.061764,0.376754,0.02572274315997194,0.049292706432522926,0.29412951440376456,0.10261447744856479,0.08069402706209676,0.07109318437591136,2000.0,1
350,-0.069949,-0.122332,0.282655,0.153712,-0.018567,0.344737,-0.008641032136185112,-0.010879328429089657,0.24076917974340434,0.10779188125290821,0.0839818452744631,0.06999041172745268,1233.6923937684223,0
351,-0.062745,0.199864,0.350005,0.014165,-0.025441,0.271385,0.030240812553559166,0.09774932304070112,0.29326366634582485,0.10399451094478615,0.08408836901295642,0.07257639330285598,2000.0,1
352,0.389537,0.039145,0.403123,0.257261,-0.073274,0.305524,0.15820952436176175,0.10049820156822686,0.3544909631678014,0.10490918783966767,0.08139214977670002,0.07094524010292931,2000.0,1
353,0.118211,0.176167,0.323346,0.24652,0.078436,0.338859,0.13367432428388462,0.10559185370148776,0.34843050269212705,0.10535074569376086,0.08353319940000847,0.07122312569954044,1349.5898139139597,0
354,0.312597,0.196992,0.592025,0.26634,0.103752,0.448933,0.24433916314729223,0.19908597536646436,0.4968456003600672,0.10699685576064792,0.08021394761257424,0.0741061900447991,2000.0,1
355,0.134192,0.21773,0.614246,0.194059,0.223317,0.477399,0.2263871872997019,0.20492170836359855,0.5739320584102537,0.10461337199534508,0.08407792401090594,0.07204738797370341,1202.7696064427075,0
356,0.303051,0.084684,0.490261,0.168628,0.055051,0.465921,0.20453385038397612,0.12201667663570931,0.5316761443538482,0.10195660774743909,0.08090791715714042,0.07002214670520066,2000.0,1
357,0.391303,-0.069105,0.394296,0.296278,0.108673,0.476485,0.20295480850598557,0.03553774772011899,0.4476587655753377,0.1067569172302858,0.08114499014197768,0.0696692208093932,2000.0,1
358,0.016802,-0.250003,0.529105,0.155188,0.077964,0.371568,0.14097758476758102,0.0033672715113571136,0.4282761503992627,0.10526532647500751,0.07796780017267639,0.07067803188154771,2000.0,1
359,0.014651,0.098687,0.404867,0.048382,0.076175,0.410969,0.10334995037776484,0.05800944418069465,0.39753937081797613,0.10755200891007155,0.08199631729960388,0.0711171255638283,1352.8782018248644,0
360,0.533213,0.125367,0.516434,0.324465,0.076768,0.503817,0.25997981585355967,0.12898940971878875,0.47629554638199517,0.1067295902851138,0.08167045800798971,0.07333043080856688,2000.0,1
361,0.395069,0.299567,0.51309,0.316393,0.118177,0.547051,0.29651944242799116,0.1934106666815012,0.5318569446298446,0.10738976488704521,0.08183160602400992,0.07104971598137139,1115.4576930357314,0
362,0.011553,0.393112,0.46514,0.290946,0.157412,0.554119,0.17957560599168204,0.20322605236039235,0.5275515446938165,0.10620407423773395,0.0811429423749535,0.06837598051424292,2000.0,1
363,0.253164,0.196455,0.333979,0.12204,-0.039044,0.480843,0.14298522483882906,0.11529411114810377,0.44430952880930324,0.10293187037354154,0.08117289701188847,0.06844184499918812,2000.0,1
364,-0.134756,-0.204185,0.437579,0.082166,-0.054481,0.374293,0.04624201031932373,0.002692929320600515,0.3834648909074475,0.10056872024509862,0.08003885965671437,0.069037944094271,2000.0,1
365,0.435945,-0.016011,0.237394,0.153443,0.036829,0.315734,0.12603488795062778,-0.00629952890298383,0.30077612137920917,0.10631677214012336,0.0796024035055273,0.06997370537921503,2000.0,1
366,0.465548,0.326601,0.762689,0.260728,0.254551,0.456736,0.3635523115661904,0.24706766362981392,0.5840440969803723,0.1334213060485542,0.07413539869646235,0.0897994602141885,2000.0,1
367,0.389998,0.730864,0.55523,0.332021,0.351078,0.663837,0.33723414803611446,0.3520717668062882,0.6456394497909302,0.10453776545968595,0.08495495691931851,0.07016567249746278,2000.0,1
368,0.391676,0.565457,0.675082,0.360229,0.343442,0.80082,0.333759459486834,0.3543787520376355,0.7362910947904077,0.1031334033636376,0.08347411387237359,0.06798358154251341,2000.0,1
369,0.172666,0.474045,0.819841,0.214472,0.306135,0.768827,0.28840057271074343,0.3387184811501493,0.8172653914238663,0.10467617600467678,0.0822003690741991,0.07030505262601655,1031.163135080706,0
370,0.24927,0.259326,0.991464,0.113565,0.317494,0.838533,0.3033782954198184,0.29536304352861603,0.9118436286126663,0.10828347070816317,0.08279790572172716,0.07160296945593429,2000.0,1
371,0.176793,0.074384,0.773294,0.250949,0.206864,0.766836,0.20480850427644978,0.1477149298720104,0.8109959501145649,0.10631792450174021,0.08016597959618803,0.06991782072413101,2000.0,1
372,0.248924,0.292514,0.802093,0.20181,0.174178,0.744869,0.222583675262364,0.2000258046368411,0.8005432740467983,0.10217938782092482,0.08137825916436385,0.07130063879081709,1183.8540098744008,0
373,0.469384,-0.025638,0.557872,0.294997,0.139461,0.742227,0.21655761219726943,0.058982174286299455,0.6569634627951608,0.10866465445533474,0.08311337812149566,0.07302059669268736,2000.0,1
374,0.054273,0.128987,0.641889,0.166635,0.164753,0.70964,0.16566842320746836,0.10849577144462268,0.6223010767657249,0.10676829109074583,0.08111720734981914,0.0714318016669728,1291.4159505546506,0
375,-0.048249,0.064074,0.506785,0.07499,0.08129,0.614146,0.07231964276543068,0.059447525268364346,0.5218450987695571,0.10575914613868063,0.07848381761195099,0.06914330679400946,2000.0,1
376,-0.198398,0.468859,0.419946,0.040475,0.229922,0.609451,0.007660766851066662,0.14878800674385315,0.4702009820610835,0.1079631477275764,0.0835455242824638,0.06973658855563113,2000.0,1
377,-0.200856,-0.144377,0.41137,0.012038,-0.091173,0.399672,-0.06305209335704565,0.0017672626335412404,0.3710822346538338,0.10861639726055694,0.08543919877216495,0.06953690439316006,2000.0,1
378,-0.381152,-0.484701,0.102039,-0.015473,-0.118814,0.326321,-0.22437724609828974,-0.226117517836481,0.1098483222443256,0.10820764234655736,0.08543657392881197,0.06780826015040882,2000.0,1
379,0.115546,0.135979,0.155995,-0.030419,0.060312,0.288214,-0.04266372425886444,-0.013805357373540548,0.1166740067312918,0.1064354596143325,0.08458289726785748,0.07116986961723111,2000.0,1
380,0.338128,-0.090673,0.179401,-0.023655,0.01418,0.23312,0.07908429954176623,0.003492841190889211,0.1442882680925773,0.0954793804549079,0.08246602123657902,0.07081320797469824,2000.0,1
381,0.435656,-0.173299,-0.056439,0.15059,-0.179694,0.02669,0.1235784674806896,-0.08244577425491957,0.03876384473752193,0.11278154829684747,0.08540616593164024,0.07074755596177562,2000.0,1
382,-0.244003,-0.077036,0.079726,0.081214,-0.06403,0.040085,0.013425190075639928,-0.032975016226650354,0.0336643760500473,0.10628432041326077,0.08258070340616999,0.0734052551479046,2000.0,1
383,0.265372,-0.075375,0.120499,0.120401,-0.034319,0.089941,0.09426309200456368,0.0054050422360545705,0.08063024483687237,0.10433869557131252,0.08157536561248897,0.07287280932380373,2000.0,1
384,0.495802,0.183212,0.284072,0.211381,0.06466,0.194692,0.24861730158811554,0.1440629908611886,0.2374706079394636,0.10460848956782247,0.07950827008923227,0.07124794170486715,2000.0,1
385,0.126145,-0.188496,0.330101,0.217507,0.041434,0.254863,0.1807043516891682,0.04689801347411846,0.2692551415938832,0.10582094752181741,0.08129834230625593,0.06722087872874076,2000.0,1
386,0.227107,0.005344,0.474431,0.206818,0.082896,0.36035,0.22639156449219483,0.10844457916745102,0.37026559284909705,0.10808577453914416,0.08175148847696866,0.07100427570018783,2000.0,1
387,-0.46053,-0.0154,0.157941,-0.058951,-0.118006,0.158133,-0.0719441873928485,-0.01722893276509343,0.21891109582827972,0.11632670440855482,0.07922417223996432,0.06820932756316446,2000.0,1
388,-0.036035,-0.203391,0.007972,-0.089382,-0.111278,-0.022375,-0.10475229901435357,-0.11903242535981867,0.05626846868113002,0.10847557633305177,0.08193595423405646,0.06997577517405354,2000.0,1
389,-0.391672,-0.436732,0.022625,-0.17896,-0.195411,-0.028526,-0.19035049000113596,-0.1933352978262185,-0.06288051968942925,0.10134848724441196,0.0836465039701474,0.0708200402617157,2000.0,1
390,0.059037,-0.032864,-0.089586,0.01911,-0.133147,-0.103752,-0.08539193553961527,-0.0885645307623167,-0.0957144417030637,0.10767278708682711,0.08154667655908546,0.07089671931401788,1034.1845183278972,0
391,-0.409962,-0.118239,-0.291461,-0.097721,-0.286703,-0.251741,-0.2091435687355649,-0.14293337215489801,-0.23459981585498282,0.11151602243756546,0.08230020048325888,0.07190793639164235,2000.0,1
392,-0.079162,-0.214906,-0.456273,-0.187734,-0.208157,-0.423028,-0.202371647394449,-0.19983522864099193,-0.3793021762791713,0.10604781266174534,0.08302585304987908,0.07166378784140753,2000.0,1
393,-0.040256,-0.45689,-0.532281,-0.245158,-0.162763,-0.450525,-0.19386468283529246,-0.27056994295458026,-0.4990934830390617,0.10465296198578615,0.08393820988413737,0.06902493700132387,2000.0,1
394,-0.335531,-0.161204,-0.444853,-0.178895,-0.267099,-0.487015,-0.19721240109349422,-0.16287067633439023,-0.49208878665000827,0.10665895891880688,0.08327387274099861,0.0717662839911192,1185.2157072281684,0
395,-0.468411,-0.391555,-0.519036,-0.241027,-0.142572,-0.509635,-0.2757042396084385,-0.2221626413720688,-0.556537368585245,0.10782050654413251,0.08040785011476281,0.07085799992781462,2000.0,1
396,-0.785767,-0.162955,-0.631307,-0.354563,-0.209274,-0.564989,-0.41855843332086673,-0.2092433292028821,-0.6396869372917353,0.11195842890473422,0.08299163035817958,0.07171879979855243,2000.0,1
397,-0.311093,-0.329199,-0.591229,-0.25781,-0.196079,-0.525004,-0.33523326033690903,-0.22125886794932226,-0.6540973451093333,0.10876028407115705,0.0844847096434603,0.07027052441750445,1118.2069899259855,0
398,-0.247597,-0.337064,-0.611337,-0.131278,-0.163088,-0.490297,-0.2764916949345113,-0.21549509040210943,-0.6581781118827298,0.10210804602120273,0.08412173946171603,0.07310934066835839,2000.0,1
399,-0.234975,0.070787,-0.272171,0.075229,0.137073,-0.370055,-0.1371258100055567,-0.002553429034797432,-0.45128135082871373,0.10019621607791876,0.08381298033359211,0.06304407058822098,2000.0,1
400,0.065657,0.18205,-0.241314,-0.024947,0.209544,-0.249175,-0.02077834584732674,0.08038496489671455,-0.2889878830172079,0.10782101278072619,0.08382356890403748,0.06922496310605947,2000.0,1
401,-0.244701,-0.08689,-0.29068,-0.154706,0.009741,-0.2044,-0.10385015415218898,-0.031734315658180974,-0.2836808149888975,0.11255539302712557,0.0832373588079844,0.0707968562343472,1026.9172872344006,0
402,-0.364623,-0.016723,-0.198785,-0.149475,-0.105029,-0.27964,-0.16019050317648062,-0.019325168590674204,-0.24326393566424584,0.10841753094183425,0.0785935108445478,0.07135034408608638,2000.0,1
403,-0.316676,-0.269104,-0.307924,-0.205762,-0.202194,-0.25188,-0.21866171737261547,-0.14075932354074283,-0.3165217491328125,0.10611469038603273,0.0822904876453235,0.06863767652333835,2000.0,1
404,0.058827,0.087977,-0.42722,-0.155434,-0.059051,-0.28657,-0.12623743150259056,-0.07300733695436476,-0.3481591588194725,0.10673112362430759,0.08420303506198697,0.0679339237600593,2000.0,1
405,-0.037899,-0.106251,-0.36563,-0.158487,-0.148427,-0.467752,-0.10322780790652356,-0.08567452041261454,-0.3489652693392507,0.10585652755947973,0.07912524478344876,0.06869892773368291,1390.5009878707078,0
406,-0.306444,-0.444041,-0.766192,-0.280439,-0.339407,-0.712482,-0.2687278546785016,-0.2946716072214402,-0.5995234242152111,0.10768634131290386,0.07617552556203998,0.07575802431773504,2000.0,1
407,-0.24811,-0.278678,-0.761877,-0.371931,-0.148787,-0.720987,-0.2758505687628091,-0.27008551729409525,-0.7091241819346857,0.1083205837348955,0.08146400753713931,0.07296196826724764,1164.640882036876,0
408,-0.437864,-0.342124,-0.62218,-0.205681,-0.095,-0.626298,-0.28503279050981306,-0.2300597233107445,-0.6991598595680923,0.10739804634490266,0.08043012977583582,0.07054181101392812,2000.0,1
409,-0.268729,-0.034056,-0.444217,-0.275203,-0.077666,-0.558476,-0.18217988676977265,-0.07258233267440525,-0.5569445840371594,0.10872161127459587,0.0801306681327365,0.07123169780635569,2000.0,1
410,-0.275883,-0.127671,-0.514779,-0.305347,-0.074483,-0.516783,-0.19675009650420308,-0.10133559482115281,-0.5306704732087482,0.10784531316832793,0.0827318122227438,0.07054586977909151,1367.4999940808812,0
411,-0.423735,-0.604278,-0.782722,-0.329768,-0.248449,-0.66281,-0.3273543096966506,-0.329011271819943,-0.7244549483471705,0.1001937595647257,0.0832896977236534,0.07032869552466875,2000.0,1
412,-0.201049,-0.258323,-0.662098,-0.288141,-0.177966,-0.716486,-0.24871709113974866,-0.22186989926159298,-0.711094095152664,0.10606681753297525,0.08248003558284485,0.07090884783891231,1218.2466250741932,0
413,-0.412755,-0.244085,-0.696576,-0.256668,-0.108929,-0.648077,-0.27784640579803693,-0.20353729910341206,-0.7224031953588662,0.1081555953386122,0.08011425812735565,0.07156694867779019,2000.0,1
414,0.026151,0.286841,-0.369652,-0.075813,0.050489,-0.558444,-0.049491011992035386,0.08704563292348605,-0.46006114197975595,0.10736261290127565,0.08746197947262198,0.07177088482493017,2000.0,1
415,0.210499,-0.253232,-0.373506,0.100127,0.002185,-0.373394,0.006742722910394755,-0.046903494875188724,-0.38653829047123367,0.10413012195414127,0.08217860167343437,0.0719766069535134,2000.0,1
416,-0.486519,-0.227251,-0.598745,0.096913,-0.011049,-0.375242,-0.20268655565309898,-0.18271704591554083,-0.5132366004144451,0.09697326839209207,0.08810249564049465,0.07218395288302795,2000.0,1
417,0.308126,0.026052,-0.2723,0.070065,-0.140443,-0.308037,0.0325429512269144,-0.004350610097956512,-0.34407405185162404,0.10735181705318571,0.08011543549338888,0.07180079720801208,2000.0,1
418,-0.394789,0.118023,-0.036669,0.214738,-0.085491,-0.231129,-0.03212648115909202,0.09000614315873859,-0.16414965238595,0.1149207190182831,0.08027550966305488,0.0671577431585107,2000.0,1
419,-0.002485,-0.181124,0.00087,0.120725,-0.069377,-0.156722,-0.005612197940536254,0.006176160313672457,-0.08580652933223418,0.10941225379715981,0.08381279035096308,0.06960422864471673,2000.0,1
420,0.309868,0.075903,0.139924,0.104799,0.170716,-0.043171,0.13849400399275058,0.08623470571527556,0.06337339943732455,0.1083847267422751,0.07767950050259652,0.06921445226555034,2000.0,1
421,0.130795,0.24581,0.018814,0.194252,0.153375,0.12079,0.11066350136694686,0.10302830998033488,0.08821972581844474,0.10588627826072404,0.0816350563849409,0.06983190722213917,1109.7178143290257,0
422,-0.163126,-0.2383,0.263477,0.130111,0.110765,0.172262,0.029061331338670744,0.020972165663764773,0.1438676063237719,0.1127397426564464,0.0799236917636781,0.07177641782599463,2000.0,1
423,-0.185253,-0.14754,0.170641,0.033494,0.131639,0.24284,-0.03808048631074846,-0.02601061638644123,0.11626765974379794,0.10629086194271849,0.08065128716342831,0.06931370514597213,1034.7818594708892,0
424,0.294882,0.204256,0.430252,0.089501,0.246366,0.407823,0.16211603736850033,0.15452073464436086,0.29970894002099174,0.11422169026409996,0.08315665194376545,0.0723023848858704,2000.0,1
425,-0.341245,0.405889,0.263097,0.043056,0.173405,0.390392,0.006358185119253879,0.17515266993681203,0.3017615024080382,0.10623734596489746,0.08547272440569655,0.0689729648051668,2000.0,1
426,0.266884,-0.026306,0.356615,0.041086,0.039053,0.421061,0.08393603800675004,0.09064823651118561,0.3240577395719294,0.10470501801991824,0.08123814684368935,0.06973299276383385,2000.0,1
427,0.062327,0.034868,0.353438,0.073347,0.019728,0.421063,0.08066295667986768,0.07143744371135963,0.32738102936013935,0.10503903189208932,0.08275345600372078,0.07081842601592274,1412.9702305869903,0
428,-0.389528,-0.066793,0.317858,-0.151049,-0.236861,0.228002,-0.05528988939327836,0.010248549393784294,0.2690366801471526,0.09758229891600803,0.08139167437978695,0.07311572750891414,2000.0,1
429,-0.24652,0.183678,0.103997,-0.129897,-0.132355,0.023925,-0.11388701074624728,0.013163633315170068,0.16395226807841176,0.10780904451321319,0.07865860228842608,0.07036721949716992,2000.0,1
430,-0.322676,0.011877,0.113388,-0.119231,0.098404,0.085706,-0.15899685988034337,-0.016216179652907114,0.09523593060963328,0.10391373403702146,0.0824931939020448,0.06931028615223565,1200.9005056647538,0
431,0.082908,-0.02433,-0.115176,-0.090337,-0.021805,0.019866,-0.11571951445448085,-0.07257862611988214,-0.029459306495715383,0.10275071166338104,0.08154718539152588,0.07293860267384011,2000.0,1
432,-0.147738,0.199903,-0.068544,-0.294223,-0.073405,-0.03738,-0.09930425629010906,0.00971362110687798,-0.04219234800028091,0.10399698017067514,0.08081617836842889,0.0707943874438023,2000.0,1
433,-0.766195,-0.457883,-0.361638,-0.422363,-0.229553,-0.287027,-0.3623829981063048,-0.24667560261953766,-0.2955132511702029,0.0940654597924135,0.06515694791617789,0.06012167370802268,2000.0,1
434,-0.55738,-0.09829,-0.46842,-0.476662,-0.252427,-0.555387,-0.39555751634341807,-0.2067712286288947,-0.4385692239523874,0.10334744876695397,0.08160803483405416,0.06777847524334958,1054.9391024173508,0
435,-0.540206,-0.313846,-0.493109,-0.367569,-0.161099,-0.610928,-0.40131390621850704,-0.23448330459092037,-0.5350828760353052,0.1028045459746932,0.08253966338914774,0.07179286216606798,2000.0,1
436,-0.320181,-0.338485,-0.614163,-0.578883,-0.353856,-0.719802,-0.35797851100400324,-0.2591857477386339,-0.6259277204069762,0.10551868130569708,0.08208643252778526,0.07105819400762707,1333.4179214758956,0
437,-1.068814,-0.487711,-1.095781,-0.798794,-0.451318,-1.020259,-0.6367574408864073,-0.44562029927825564,-0.9737643133571829,0.09050330215925827,0.07734917715346051,0.07314163699015973,2000.0,1
438,-0.317611,-0.62841,-1.440008,-0.638457,-0.484708,-1.166055,-0.571731251456329,-0.5484963027434204,-1.2791694224134007,0.10649266075261493,0.08103204546404495,0.06645272470765679,2000.0,1
439,-0.524724,-0.361616,-1.330376,-0.518066,-0.214151,-1.15368,-0.5079722967183099,-0.40436252107369275,-1.3261048331893672,0.10433903444659247,0.08326354232841016,0.07013418034487667,1382.376126796874,0
440,-0.661041,-0.342715,-0.99908,-0.428655,-0.384177,-1.141243,-0.4392494260702809,-0.25613468784576454,-1.1758158994362016,0.10810943007393839,0.07938521061814155,0.07349665146046246,2000.0,1
441,-0.597295,-0.237385,-1.239958,-0.46184,-0.386716,-1.199833,-0.4779457068881863,-0.28244307778508504,-1.2048630514410565,0.10794076594924358,0.07755713601783261,0.06885898051742842,1091.666895822465,0
442,-0.732268,-0.361525,-1.271986,-0.571944,-0.342064,-1.196914,-0.5428669820638747,-0.33110513353192844,-1.2573416703917861,0.09914756941402758,0.08012721285362996,0.06717272810892128,2000.0,1
443,-0.74038,-0.465042,-1.134326,-0.485457,-0.475559,-1.298592,-0.5330872078085244,-0.33323871934181853,-1.2343119916806455,0.10523620780771206,0.08471777701405477,0.0703714671647614,2000.0,1
444,-0.343743,-0.448715,-1.305833,-0.362708,-0.534391,-1.432349,-0.46168314963571444,-0.36634360590034637,-1.28142160364419,0.10944226018002329,0.08118741698899508,0.07075207333726447,1128.4436880485266,0
445,-0.484366,-0.457564,-1.326503,-0.238783,-0.311821,-1.328948,-0.4674485365438651,-0.3764228165102173,-1.3174550026438365,0.10773264377220072,0.08142333245538103,0.0736257731392019,2000.0,1
446,-0.465028,-0.006788,-1.124266,-0.028955,-0.117742,-1.094926,-0.3663228072409296,-0.17908777572055648,-1.1714315363207968,0.1032182756007525,0.07761107733007015,0.07040243489073947,2000.0,1
447,0.16908,0.116155,-0.883415,0.245015,-0.006747,-0.870205,-0.11595903226692371,-0.024662717429668895,-0.9290648590534906,0.11207965363264147,0.07804204371081967,0.06879565564972659,2000.0,1
448,-0.097278,0.510058,-0.587368,0.263293,0.119514,-0.610084,-0.019388754055098444,0.18131948539892567,-0.6262060846914751,0.10624440724107805,0.08637323922699515,0.06348305195425631,2000.0,1
449,-0.016708,0.274443,-0.119546,0.133724,0.330858,-0.279551,0.06725600354572399,0.23232858404953757,-0.28140483217757906,0.10650978892478044,0.07530895595662691,0.06567827830580841,2000.0,1
450,-0.134697,0.202447,-0.041847,0.047123,0.271159,-0.084094,0.029370261337477707,0.177634422120327,-0.09723439314370294,0.10831831785742874,0.0815422035788173,0.0704839729198847,1052.1281190874804,0
451,-0.157121,0.312289,0.04263,0.017123,0.196944,-0.029973,0.0019399361755638963,0.16901751720672212,0.023235703225700816,0.11088593525629895,0.08330507232866442,0.06901232634889913,2000.0,1
452,0.450866,0.427835,0.278877,0.050673,0.304969,0.16195,0.2071399258870939,0.26247529945748516,0.24055409486714066,0.11221204937262132,0.08219705436691756,0.07081978852310247,2000.0,1
453,0.019267,0.023906,0.045757,0.007985,0.104169,0.162725,0.05119940473016139,0.051645805801059506,0.1515263888765379,0.10743886387008893,0.08635410996913805,0.07131081382563836,2000.0,1
454,0.030864,-0.051633,0.25226,-0.01821,0.008841,0.176774,0.058220632728065505,0.038271859326395256,0.18842161179966127,0.10764237049622617,0.08169663935790789,0.07138584814538072,1181.70740074841,0
455,-0.54499,0.114877,0.07189,-0.18971,0.033708,0.101346,-0.13875080713351906,0.00425419685863264,0.10044254212735632,0.11178049390521379,0.0826640813094554,0.07218734645921383,2000.0,1
456,-0.263837,-0.259896,-0.198589,-0.133044,-0.135758,0.053021,-0.23910012575739292,-0.17645187696778067,-0.11873752948106518,0.1162718229263083,0.08350058407123477,0.07396768913978749,2000.0,1
457,0.047884,-0.032053,-0.23041,0.004824,0.029527,-0.017593,-0.13432816199331202,-0.11381586985320585,-0.1874593756680221,0.10995038217979677,0.08288164039515067,0.07140969912529457,1013.0424488000309,0
458,-0.117652,0.094864,-0.137986,0.087253,0.081425,-0.036175,-0.08552077961999756,-0.01131876316985563,-0.15523982000011297,0.1060667943872192,0.08152838859863062,0.07011546780236613,2000.0,1
459,0.257711,0.249386,0.117204,0.076098,0.099995,0.064081,0.10491858325509634,0.14812288640572227,0.03935607594837204,0.10855535911020008,0.08458906564851257,0.07463209499014795,2000.0,1
460,-0.154325,0.014295,0.206061,0.086215,0.104985,0.194681,0.04515284327648686,0.09710718405753192,0.12909093912522082,0.11028308124814283,0.08586365934598214,0.07430621928923759,2000.0,1
461,0.142923,-0.450512,0.111272,0.200197,-0.174154,0.092835,0.03800594093235995,-0.09499594856034486,0.06906265227027597,0.10733977910834679,0.07679626409314226,0.07203030191239364,2000.0,1
462,0.046501,-0.500663,0.200228,0.163712,-0.213173,0.005133,0.04292774189199791,-0.1285914253749359,0.07311715144369203,0.11051272665442398,0.07479794799710758,0.07162192549232524,2000.0,1
463,0.305081,-0.32249,-0.118328,0.272216,-0.133578,0.008581,0.059217933422743056,-0.16401150981381998,-0.05639165367531981,0.10745339411321075,0.07967633994157029,0.07007359435911838,2000.0,1
464,0.025314,-0.284932,0.064695,0.153412,-0.087957,0.067438,0.06362870993418086,-0.0910194885521221,-0.032398779367473624,0.10750334495757678,0.08233435832778475,0.07270966871237475,2000.0,1
465,0.029637,0.004196,0.02129,0.083815,0.027388,-0.009153,0.06591167017251129,-0.006145883368060077,0.0006243597354192526,0.10639040673898163,0.08377076163736563,0.07196332807280692,1367.4488246482638,0
466,0.21444,-0.025873,0.038487,0.261666,0.152459,0.112115,0.1057143865535683,0.012612596310384585,0.033849530046651095,0.10971551928804611,0.07919797671160092,0.0694458316598087,2000.0,1
467,0.146176,-0.08225,0.221844,0.293054,0.023164,0.219011,0.13748473351695825,0.04401071324517074,0.128197887707818,0.11117955613253636,0.08304948296370432,0.07183183637378947,2000.0,1
468,0.328369,-0.055533,0.067191,0.23135,0.06058,0.227186,0.15555452405445097,0.004115428423529684,0.10735555807323012,0.10969872505737148,0.08288675607633196,0.07087846269860254,1011.9768846025287,0
469,0.197827,0.078726,0.437965,0.15015,0.144802,0.296975,0.23425899181573812,0.13859764854704476,0.29997325821365856,0.1069413620514103,0.07994554654703036,0.074989526564353,2000.0,1
470,0.182587,0.32999,0.300947,0.20031,0.131614,0.369109,0.2065019279041607,0.1784994157208849,0.34774863921564353,0.1081180030868581,0.08255187234747367,0.07166543348671207,1097.3686742227576,0
471,0.052302,0.429591,0.612859,0.138394,0.330298,0.409719,0.221887458562526,0.2867919442122859,0.5285305021139335,0.10876784737405265,0.0813723368733547,0.07103196169391285,2000.0,1
472,0.409957,0.379554,0.520616,0.250648,0.377134,0.523864,0.26604436868099873,0.2542126072142246,0.5805816487959472,0.10852799495689922,0.08139536290887502,0.06995550618062672,1023.3672893174186,0
473,0.401344,0.353515,0.87149,0.448511,0.422669,0.768685,0.35183653169638535,0.32550518953033936,0.7672616595350754,0.09933111066282614,0.07843017578813724,0.06802256976000001,2000.0,1
474,0.345122,0.246566,0.836215,0.406462,0.311551,0.841545,0.3327711270414754,0.2638132116694323,0.8205012442192152,0.10210010100153569,0.08052319469212213,0.06899667148134657,1457.1703547068084,0
475,0.425807,0.466517,0.968878,0.404869,0.417355,0.971953,0.3824615377124064,0.33640866472516695,0.9363243772892681,0.10682569127502974,0.08341394984445175,0.06968249397016449,2000.0,1
476,0.612555,0.460717,1.00641,0.273237,0.373091,1.064813,0.44709905174243114,0.351600312246432,1.0225843049549204,0.1052025465630384,0.0831298505524605,0.07006339867368783,2000.0,1
477,0.043308,0.218367,1.089747,0.31138,0.354509,1.077835,0.3067729247679328,0.2708618067798595,1.0379053021193472,0.1091520293441923,0.08168108597935042,0.07002463558172366,2000.0,1
478,0.341314,0.15211,0.923082,0.187343,0.146638,0.891282,0.2722074815339238,0.18006351286765104,0.9525795963054549,0.10557355958560732,0.0833713619884516,0.07094942273913915,1270.6742040231004,0
479,-0.186331,-0.182078,0.712394,0.192303,0.122665,0.79082,0.06340725571424032,-0.008587132351805365,0.7313706903842344,0.10827689198944206,0.07800686661149081,0.07006593055676005,2000.0,1
480,-0.079034,-0.068389,0.601623,-0.122489,-0.100146,0.614127,0.011950322357865143,-0.014395560513645262,0.5851435121918247,0.10794415400340278,0.08157431954822345,0.07117114298834566,1322.48420109108,0
481,0.138314,0.047298,0.291905,-0.176703,-0.067025,0.352915,-0.0008681690771813998,-0.03506808195115981,0.38884205688866724,0.1051838101678535,0.08104482807310982,0.06920957152610206,2000.0,1
482,0.082572,-0.094474,0.497536,-0.015162,-0.052464,0.26757,0.06715158735793507,0.012669915876971334,0.3940473977812462,0.10641328924503948,0.08122372916530576,0.07029631021138215,2000.0,1
483,0.253057,0.463571,0.329087,0.218932,0.191092,0.33806,0.13867385478942323,0.1539336700877033,0.39933136753424836,0.1072160099544207,0.08002908718339784,0.07162516577845876,2000.0,1
484,0.025627,-0.027879,0.530163,0.137717,0.104307,0.37564,0.12006084528803873,0.10558472724151316,0.4410019783224532,0.10407492118925601,0.08123632782229222,0.07052638361446249,1048.4873954324923,0
485,0.119632,0.079272,0.400321,0.113423,0.046656,0.419883,0.10553452066454753,0.08092609484361173,0.4065765227718371,0.10741564997007956,0.07922874142358657,0.0692577457910878,2000.0,1
486,0.040247,0.275111,0.524747,0.09066,0.280485,0.498818,0.12399238384335536,0.16573170966050535,0.4720433644664716,0.10898410421871857,0.0787306442010628,0.07052435473694937,2000.0,1
487,0.10293,0.238967,0.494097,0.260126,0.254012,0.626234,0.12355367603355502,0.16262548111965333,0.4895697548383622,0.10790605872356294,0.07974158829259279,0.07097615198010855,1264.0244976364286,0
488,0.103677,0.072977,0.556658,0.161652,0.090126,0.601365,0.1289902918692746,0.12222532882471909,0.5048839707704048,0.1045560960096183,0.08424999800521014,0.07092635016052418,2000.0,1
489,0.284018,0.138457,0.54789,0.244342,0.122391,0.526837,0.18174382374155426,0.13544712912205864,0.5295139306871645,0.10406450876656512,0.08068933953712885,0.07105720212145501,1197.2602288588273,0
490,-0.069561,0.07084,0.480288,0.083882,-0.056353,0.321688,0.08511800701713224,0.08239753421505211,0.47397889013471994,0.10702668795188883,0.07938468978608353,0.07195813785977709,2000.0,1
491,-0.074814,0.316921,0.351296,0.086442,0.11026,0.329098,0.02497882736677229,0.11386623533126942,0.40846227978097527,0.1035475355914485,0.08253458385799503,0.06962107569996666,2000.0,1
492,-0.420292,-0.008756,0.359652,-0.148243,-0.008419,0.22128,-0.09942173587758255,0.027863060741348943,0.32771052587457533,0.1036392040219448,0.08281154587018709,0.07191815445097714,2000.0,1
493,0.154326,-0.004772,0.173265,0.076181,-0.127069,0.109192,-0.03467948735232594,-0.016898019662915605,0.22095330282438908,0.1041853190297092,0.08096252050261415,0.07052558384673835,1103.2881575864076,0
494,0.348213,-0.052057,0.352693,0.239148,0.053208,0.189953,0.11564518353672078,0.039579052928727446,0.27837201235886555,0.09656983537269832,0.08050883958076335,0.07038632807480064,2000.0,1
495,0.273024,0.242499,0.29408,0.226692,0.127606,0.299984,0.16945558377087636,0.12225776123743663,0.3149119546295908,0.1025975955627689,0.08315304797939804,0.06934150693674192,1079.2810879889157,0
496,0.316108,0.074232,0.529239,0.123074,0.188531,0.290217,0.23570442916761955,0.1586119531925375,0.4366459165658064,0.09738640572392866,0.08010196307182672,0.06919075415582145,2000.0,1
497,0.161177,0.31882,0.25915,0.143603,0.155221,0.30769,0.16110509402668113,0.1363831278029385,0.3803632363753697,0.10345262231541677,0.08157013621105859,0.07175186467123344,2000.0,1
498,0.205377,0.385045,0.16804,0.126974,0.053449,0.244686,0.12927760802465466,0.1272997587555902,0.3127016513373993,0.10837877871074282,0.08077026056038306,0.0708985598391351,2000.0,1
499,0.139683,-0.078313,0.076667,0.078916,-0.06,0.197672,0.044389042218227405,-0.025245660276420254,0.1735502361884341,0.10588208076696007,0.08032248036424548,0.07208176750856389,2000.0,1
