t,returns,jump_true,jump_size_true,p_jump,jump_size_hat,jump_pred,ess,resampled
0,0.00354717,0,-0.0,0.017968230429800724,2.071536513016584e-05,0,963.2981968376585,0
1,-0.00989984,0,-0.0,0.019522744054139056,-0.0002533282661580352,0,973.977311843138,0
2,0.00800451,0,-0.0,0.007331052562567757,1.2755435690865351e-05,0,981.2119430439533,0
3,0.00990565,0,0.0,0.02170065175441406,9.552646244839099e-05,0,958.3995685166739,0
4,-0.01901035,0,-0.0,0.08007943409168315,-0.0014858852026166129,0,799.6850713437013,0
5,-0.0125218,0,-0.0,0.03355928232852686,-0.0004121652276678682,0,962.982858938343,0
6,0.0017784,0,-0.0,0.0154872990746417,7.998149288641225e-06,0,968.6382469847005,0
7,-0.00266243,0,-0.0,0.011071427442446186,-6.35956499747598e-05,0,962.3693797285687,0
8,0.00033199,0,-0.0,0.015462885213643028,-3.6132678060438044e-05,0,964.1071951923863,0
9,-0.00803044,0,0.0,0.02277372292621452,-0.00017883579878028854,0,964.0098721438701,0
10,0.00929398,0,-0.0,0.015733870744284898,0.00010241107701460485,0,965.7691298574468,0
11,0.00827792,0,-0.0,0.017533677207575718,8.025012622651394e-05,0,961.3710374948636,0
12,0.00116031,0,-0.0,0.009768731782839938,-2.923662824212199e-05,0,965.8680397664479,0
13,0.01177241,0,-0.0,0.01911025302932247,0.00017170451421500587,0,968.1897446634345,0
14,0.00517509,0,-0.0,0.019892119317966406,2.6517306383948692e-05,0,966.8894526467436,0
15,-0.00809292,0,0.0,0.017766728432900163,-0.00022821785466864896,0,969.2973458235674,0
16,0.00418751,0,-0.0,0.013215677703330373,5.815572561316846e-05,0,960.3378071251609,0
17,-0.00908883,0,-0.0,0.023396986305308145,-0.00032509422713337976,0,966.6578674168342,0
18,0.0092845,0,0.0,0.01584211687430117,0.0001275316195411474,0,964.5659976762597,0
19,7.4e-07,0,-0.0,0.010070720445185139,-3.361307138908084e-05,0,961.4980558826646,0
20,-0.00134862,0,-0.0,0.014731334266783858,-7.261550926184364e-05,0,964.3740029210254,0
21,-0.0063093,0,0.0,0.017740795789152924,-0.00012350661950581772,0,974.4766216225308,0
22,0.01272541,0,-0.0,0.026434898820643437,0.0002361503155813463,0,957.6293205831645,0
23,-0.00104529,0,-0.0,0.012026063688766318,-1.9292149452436674e-05,0,974.1225574084705,0
24,-0.00378328,0,0.0,0.013308584586249516,-7.108792851654886e-05,0,971.7963560901819,0
25,-0.0182424,1,-0.01522107,0.08501065892220319,-0.0015550806476675935,0,834.5402585849419,0
26,0.00582309,0,-0.0,0.011883875388142342,5.3896081115399764e-05,0,961.991025822338,0
27,0.00415444,0,-0.0,0.017377471507580955,-2.9346940921892494e-05,0,961.1002756233718,0
28,0.00462733,0,-0.0,0.008412337430036363,3.1076410543342606e-05,0,966.10639161788,0
29,0.00480821,0,-0.0,0.011521916371225844,3.348612288273333e-05,0,964.7697652018524,0
30,0.00235688,1,-0.0195596,0.016989930996985245,-6.302903660942143e-06,0,967.9644614526691,0
31,-0.00356415,0,-0.0,0.012185122990710893,-5.1829538259165424e-05,0,967.4350083781662,0
32,-0.00462243,0,-0.0,0.01786591889193868,-7.616214328302875e-05,0,967.4350938191401,0
33,-0.00763773,0,-0.0,0.02100075424281833,-0.0002189712977246014,0,975.6766454425984,0
34,0.00665979,0,-0.0,0.012186611361407565,6.087506578084623e-05,0,965.2437931038271,0
35,0.01178972,0,-0.0,0.014410869850171393,5.6355876263122526e-05,0,966.8575698345697,0
36,-0.00063947,0,-0.0,0.012466633860359495,-4.4139825948805835e-05,0,967.4067543820615,0
37,-0.00790156,0,-0.0,0.019228528944370108,-0.00019712647452407053,0,975.4054666520742,0
38,-0.00774481,0,-0.0,0.02159241329372232,-0.0002445469853317977,0,969.0711003203069,0
39,0.00700593,0,-0.0,0.013743979072555123,4.9965151794844516e-05,0,957.9328410439857,0
40,0.00793254,0,0.0,0.0157456736118573,7.657617324090961e-05,0,966.6747820244324,0
41,0.00593154,0,-0.0,0.016669018235012434,4.2877774892844514e-05,0,972.1221829597059,0
42,-0.0061551,0,-0.0,0.01729762408476186,-0.00016628646414630177,0,970.4155298031685,0
43,0.00282161,0,-0.0,0.016385315188578387,-1.4050779355423202e-05,0,968.8031407664538,0
44,0.00166686,0,-0.0,0.0074854882719089045,-3.4697014903149803e-06,0,964.5990770960913,0
45,0.00268689,0,0.0,0.012470771296031014,-2.6885207054157685e-06,0,971.3953631408045,0
46,0.00921429,0,-0.0,0.018419362600263032,9.684218741103768e-05,0,968.7216222697956,0
47,0.00273596,0,0.0,0.010820224836279898,-8.799396945478574e-06,0,972.4215995886308,0
48,0.00728914,0,-0.0,0.018079165795575527,9.684376757625221e-05,0,960.0283403999839,0
49,-0.00998642,1,-0.01116221,0.024511706577420207,-0.000261027768205755,0,968.5435729734148,0
50,0.00339119,0,0.0,0.008785802539705147,2.7752706075837437e-05,0,972.3596063194408,0
51,0.00681288,0,-0.0,0.012129715695419806,3.0329351581664234e-05,0,971.7899345211038,0
52,-0.01407156,0,0.0,0.03685486552956276,-0.0005171981101464749,0,950.8760027913387,0
53,-0.00269671,0,-0.0,0.01329043802724891,-6.305519676305264e-05,0,968.5249812440508,0
54,-0.00420373,0,-0.0,0.021030409916683396,-0.00010773823113657131,0,965.9296267280866,0
55,-0.00588878,0,-0.0,0.016935922591585342,-0.0001415932258545969,0,968.9835408219202,0
56,-0.00225142,0,-0.0,0.01284802701244723,-4.1385580553853856e-05,0,967.3520392225442,0
57,0.01544941,0,-0.0,0.030643559813618448,0.00036671018514630184,0,937.0769031732501,0
58,-0.00815831,0,-0.0,0.018919309191738568,-0.0001785643373808563,0,965.459375099535,0
59,0.01018278,0,-0.0,0.010023177696594877,9.5533895224966e-05,0,961.8011732723522,0
60,-0.0163287,0,0.0,0.05436710342545249,-0.0010014292266849025,0,897.980063451944,0
61,-0.00284885,0,-0.0,0.014802401596150042,-6.848588898558052e-05,0,971.4101010177776,0
62,0.00212753,0,0.0,0.010508615461941338,-9.040594594859663e-06,0,970.8838615221493,0
63,0.00636222,0,0.0,0.00785789812369505,2.8059894181264657e-05,0,968.7323951686894,0
64,0.00761227,0,-0.0,0.01587260450288112,3.5922800663088244e-05,0,966.881656562045,0
65,0.00843347,0,-0.0,0.021379914172164005,0.00010806540513820745,0,963.5921390737939,0
66,-0.00298725,0,-0.0,0.017758278768336903,-0.00011318306476607503,0,968.024752176987,0
67,-0.00412352,0,-0.0,0.024192014416287277,-0.00013983588866541496,0,957.8888956966834,0
68,0.00907976,0,-0.0,0.021788802164775783,9.287942408528791e-05,0,958.2050186662459,0
69,-0.00141304,0,-0.0,0.011891425122001423,-3.0908149028149145e-05,0,972.0612238418004,0
70,-0.01225686,0,-0.0,0.03096897105359605,-0.0004843607551890393,0,971.9388566010047,0
71,-0.01083287,0,0.0,0.018170861113303495,-0.0002571590423642108,0,968.8264686626195,0
72,-0.00869452,0,-0.0,0.025448912914129068,-0.0002759951796952829,0,975.7346931617288,0
73,-0.00313777,1,-0.00860937,0.014913414981966737,-8.202533658791588e-05,0,968.3491322335406,0
74,0.00192426,0,-0.0,0.012372000442718706,9.935819589659634e-06,0,972.974719352877,0
75,0.00740485,0,-0.0,0.010194761640614999,5.4112825745162487e-05,0,964.7326578557027,0
76,-0.00377253,0,0.0,0.013263057666851041,-7.964914589254872e-05,0,974.3531257171957,0
77,0.0020854,0,-0.0,0.012361360198754086,-3.7936964484135516e-06,0,966.2955593077236,0
78,0.0067559,0,-0.0,0.013026014394300924,6.158560918542147e-05,0,965.9284688091581,0
79,-0.02847359,1,-0.02588013,0.5280000000000004,-0.013812734338017186,1,1000.0,1
80,0.00506775,0,-0.0,0.010770396327965472,-1.9056892495425846e-06,0,975.1366711722195,0
81,-0.00611926,0,-0.0,0.014010854271710673,-0.000138643020639558,0,968.0800868027042,0
82,-0.00313054,0,-0.0,0.018594391672849774,-5.674890134242476e-05,0,967.4973726129232,0
83,-0.00331738,0,-0.0,0.020802422981673296,-0.00011337275760058262,0,961.2443251370089,0
84,-0.0114584,0,-0.0,0.03162188937589618,-0.0003992907978092531,0,962.1470488740719,0
85,0.00536972,0,-0.0,0.01499625185200085,2.1936557558581866e-05,0,966.18157097544,0
86,-0.00419402,0,-0.0,0.011392796165869025,-7.44157196653612e-05,0,963.3300268193838,0
87,0.00062494,0,-0.0,0.015774006335102047,-7.177476646007029e-06,0,960.5405004078087,0
88,0.00530747,0,-0.0,0.008403037600214231,-6.172885190882385e-06,0,964.2934087630357,0
89,0.00496531,0,-0.0,0.01414156635103759,3.5173025143798044e-05,0,967.3572532910936,0
90,0.00715385,0,-0.0,0.012315068913659511,6.615789933305114e-05,0,971.9542526439083,0
91,-0.00048485,0,-0.0,0.012755234996624348,-2.2343720106346757e-05,0,966.9322689638259,0
92,-0.00373298,0,-0.0,0.00893500767907794,-8.233010951899933e-05,0,981.1960397805356,0
93,-0.00029718,0,-0.0,0.010267501453222605,-1.959650980677334e-05,0,966.0375988315598,0
94,-0.00570113,1,0.01067222,0.016361922442806806,-9.933368768022869e-05,0,975.6935044964087,0
95,-0.01065894,1,0.00331219,0.03791543179478043,-0.00042169642107856866,0,966.8225221622715,0
96,-0.012727,0,-0.0,0.023486534039028402,-0.00032049222430663297,0,967.1359688376402,0
97,-0.00947247,0,-0.0,0.02075351089047393,-0.00022618528863917894,0,967.3943280379825,0
98,0.00449774,0,-0.0,0.011659151562333447,1.3238069734823082e-05,0,956.6999046580137,0
99,-0.0145202,1,-0.00596541,0.03179642115867334,-0.0005573873210758923,0,955.119281485212,0
100,-0.00328163,0,-0.0,0.01179210599272409,-4.036744640851244e-05,0,961.7156510759022,0
101,0.01349228,0,-0.0,0.02549475213508231,0.00024381511236201665,0,959.0483855317674,0
102,-0.00306264,0,-0.0,0.012959308508000233,-6.27929635116341e-05,0,966.6723019741216,0
103,0.00787516,0,0.0,0.01496639257242608,8.537268008094434e-05,0,966.833391215298,0
104,-0.00883618,0,-0.0,0.02355197817245548,-0.0002230344948754785,0,980.2564285101121,0
105,-0.00155438,0,0.0,0.012265114715563618,-2.9345788957573735e-05,0,963.1533193168524,0
106,-0.00900022,0,0.0,0.023912906342848497,-0.0003271920923856517,0,976.167357128377,0
107,-0.00289033,0,-0.0,0.011276702544143818,-4.407162473094421e-05,0,973.7003698794322,0
108,0.00890308,0,-0.0,0.01881713863838128,0.00012281176426903972,0,968.1637514255677,0
109,-0.0167732,0,0.0,0.06317072855566114,-0.001249635960311864,0,895.4225273327784,0
110,0.00484424,0,-0.0,0.010359532831978407,-5.416641555022491e-06,0,968.1587371767753,0
111,0.00287736,0,-0.0,0.014363097059400032,-1.895427058610292e-06,0,958.5815517105226,0
112,-0.0054415,0,-0.0,0.016606972796115227,-0.00014481022022753512,0,964.1464214770559,0
113,-0.01396058,0,0.0,0.02957861718670806,-0.00047532645095094416,0,961.4731813934283,0
114,0.0012213,0,-0.0,0.010952351546974345,-3.085764497315491e-05,0,965.557325801174,0
115,-0.00479493,0,-0.0,0.016380779924651673,-0.0001185663360375336,0,977.3042275268326,0
116,0.00282676,0,0.0,0.01823827643865537,-1.5795958172403718e-05,0,966.5696262111597,0
117,0.00071852,0,-0.0,0.011071023209435581,-2.68982751651551e-05,0,974.8026060615833,0
118,0.01651779,0,-0.0,0.031776388109041924,0.0004097911085502052,0,940.7330290576302,0
119,-0.00189356,0,-0.0,0.017500693871240123,-2.9915287779231882e-05,0,978.4470135513401,0
120,-0.00973497,0,-0.0,0.02092369526954467,-0.0002084439091673752,0,970.9167554741051,0
121,0.00229276,0,-0.0,0.01405519538646075,-1.0758644048302926e-05,0,970.1970068149684,0
122,0.00269997,0,0.0,0.015137770098266008,-4.7759484550217036e-05,0,968.7372342768818,0
123,0.01409188,0,-0.0,0.016487138314829095,0.00010268395811741431,0,954.6684813280214,0
124,0.00885111,0,-0.0,0.011648113865543366,5.7436198390472714e-05,0,965.1977556705152,0
125,0.00406871,0,-0.0,0.015431893806454572,1.845714052413676e-05,0,961.4480270179411,0
126,0.01513303,0,-0.0,0.015117657228866408,0.00021017720353714507,0,959.4696697039983,0
127,-0.01138763,0,-0.0,0.02751940007133464,-0.0003499361603698119,0,964.0147208155264,0
128,-0.00589752,0,-0.0,0.014276210867404599,-9.911028433524638e-05,0,967.7841053902873,0
129,-0.00876576,0,0.0,0.020326291479840938,-0.00025949060236076714,0,978.2739340505882,0
130,-0.0033981,0,-0.0,0.01632659461604842,-0.00011298158691570182,0,975.9090777125496,0
131,-0.01326686,0,-0.0,0.045340149671318226,-0.0007504470841373971,0,946.3994658369256,0
132,0.00685151,0,-0.0,0.015637755851228036,3.2798285607747386e-05,0,960.1474211630508,0
133,-0.00172223,0,-0.0,0.012929922502460289,-2.2775762634205564e-05,0,960.1127962285917,0
134,-0.01420806,0,-0.0,0.050339354620392414,-0.0008998071370904052,0,943.8017121187669,0
135,-0.00965579,0,-0.0,0.021075702803900587,-0.0002584518047389644,0,977.536081596149,0
136,0.00363514,0,0.0,0.011083941597082508,-2.140165818701006e-05,0,973.220916637134,0
137,0.00888127,0,-0.0,0.016455194729321727,7.840541331323506e-05,0,959.7863867079022,0
138,0.02046731,0,-0.0,0.02241741442922798,0.00017185365331095405,0,935.1858961827002,0
139,0.02963862,0,0.0,0.2610000000000002,0.007844884796741312,0,1000.0,1
140,0.00464409,0,-0.0,0.01663727511081772,-2.36093176083758e-05,0,958.3363848257986,0
141,-0.00939538,0,0.0,0.027104958756729296,-0.000293532027385591,0,960.191120997102,0
142,-0.02082046,0,-0.0,0.13356251821438012,-0.0029452692194053827,0,623.9391638861742,0
143,0.00317711,0,-0.0,0.014400042485410661,5.517624170247751e-06,0,966.828805663097,0
144,-0.00762941,0,-0.0,0.02033141449059573,-0.00019532597120635196,0,969.7916247456244,0
145,-0.00365357,0,-0.0,0.01614256134307835,-7.348504609072708e-05,0,973.1162349923894,0
146,-0.00562097,0,-0.0,0.026639229964367545,-0.00020627092696074223,0,977.3545650314184,0
147,-0.00090791,0,0.0,0.015633068297032007,-3.4856780494649176e-05,0,970.6297930163882,0
148,0.0111598,0,-0.0,0.01358630070704809,4.970273458456441e-05,0,962.1375944875466,0
149,0.00207049,0,0.0,0.014551441262349954,1.524076553183827e-05,0,958.4290205078512,0
150,-0.00108635,0,-0.0,0.01004358988736886,-5.3280152899663476e-05,0,965.1247411054795,0
151,-0.00985654,0,-0.0,0.01968115659073549,-0.0001826206098705572,0,974.114068236113,0
152,0.04487272,1,0.06111955,0.9890000000000008,0.0370554370443123,1,1000.0,1
153,-0.00436308,0,-0.0,0.017738511367819,-0.00014580888351828038,0,960.9908057115712,0
154,-3.783e-05,0,-0.0,0.01568775901118038,-2.9035160915453453e-05,0,971.1032989930507,0
155,0.0181793,0,-0.0,0.017805664554877684,0.00022209238579122434,0,936.9815939626989,0
156,0.00180275,0,-0.0,0.014819808809339394,-9.561226226402592e-07,0,971.6809177881912,0
157,0.0103274,0,0.0,0.023948302986495067,0.00019395589693934503,0,954.3421740425683,0
158,-0.03542427,1,-0.03093132,0.9080000000000007,-0.031206190405796818,1,1000.0,1
159,-0.01134944,0,-0.0,0.03343612363764998,-0.000435792068754482,0,960.2340384062143,0
160,-0.00915117,0,-0.0,0.020088380285318872,-0.0002002666328369114,0,961.1333419075166,0
161,-0.00675226,0,0.0,0.020603180700921948,-0.0001618194016642669,0,964.2977134701508,0
162,0.0217847,0,-0.0,0.059477978201502295,0.0010239900841042726,0,748.0237532336091,0
163,-0.00771387,0,-0.0,0.0282227229974046,-0.000263233010319388,0,972.9843137915091,0
164,0.00888489,0,-0.0,0.014872940495623821,7.136180103591998e-05,0,961.4664587134574,0
165,-0.00852927,0,-0.0,0.03318875963861081,-0.0003207453803999231,0,966.9355064051149,0
166,0.00981573,0,-0.0,0.01593790968873227,4.009472842503173e-05,0,970.261768282873,0
167,0.00434951,0,-0.0,0.014552371743686267,1.3321625535652956e-05,0,958.2525448400074,0
168,-0.00106638,0,0.0,0.012462149994887754,-4.092290725426937e-05,0,970.8344328483741,0
169,9.237e-05,0,-0.0,0.015061494503207958,-3.523944234886726e-05,0,971.833997211455,0
170,-0.00604788,0,-0.0,0.016744287528646574,-0.00011834692074379692,0,961.632450629035,0
171,0.00496072,0,-0.0,0.02135501841089359,6.151670388320805e-05,0,963.7371474329914,0
172,-0.00404983,0,0.0,0.01755428804234446,-8.717604526185345e-05,0,970.5675286589363,0
173,-0.01175606,0,-0.0,0.0314817795643917,-0.0004299276497423235,0,967.9708628063138,0
174,-0.01227938,0,-0.0,0.03746483235543888,-0.0004796137593817259,0,954.3508393381778,0
175,0.00222588,0,0.0,0.011411937003145314,1.3209741150035297e-05,0,960.9828676867222,0
176,0.01629091,0,0.0,0.030007727267310356,0.00045283224791749894,0,951.0631781203675,0
177,0.00209992,0,-0.0,0.017148383843851072,-1.3528705319719834e-06,0,965.4178178858709,0
178,-0.00068638,0,-0.0,0.01623781947590798,-6.867613023933115e-05,0,970.8271126450504,0
179,0.00335826,0,-0.0,0.013664862448084122,2.873760122147455e-05,0,971.2396049487949,0
180,0.01356002,0,-0.0,0.030188554618143036,0.0003048494351779245,0,962.0551372084304,0
181,0.00269383,0,-0.0,0.019652994179614285,-2.1409621032956856e-05,0,963.346662833476,0
182,-0.00360927,0,-0.0,0.0153359563674251,-0.00010098732567672157,0,968.0884623015925,0
183,0.01156289,0,-0.0,0.015414141676957666,0.00014597804913047096,0,967.5822671066006,0
184,0.00478756,0,-0.0,0.011647013673723712,7.4919532355637185e-06,0,965.5067813475391,0
185,0.01585756,0,-0.0,0.026620281497187218,0.00036510225521314187,0,942.0578181412818,0
186,0.00233234,0,-0.0,0.018034369484612733,3.603093063540762e-06,0,966.7771748974807,0
187,-0.01174469,0,-0.0,0.02886184255744089,-0.0002961515603430418,0,966.0835001783496,0
188,-0.01318159,0,-0.0,0.02843499232387446,-0.0003547122568868178,0,963.8099649557793,0
189,0.01700928,0,-0.0,0.034003143820783295,0.00037376744377422006,0,926.8849431219977,0
190,0.01773666,0,0.0,0.041724419425126266,0.0006674323757632978,0,896.3699352770202,0
191,-0.00129519,0,-0.0,0.012302671203642366,-2.1548684653192925e-05,0,965.4238291073149,0
192,-0.00333187,0,-0.0,0.015804691856610296,-0.0001141178609839158,0,970.4839673480972,0
193,0.01511444,0,-0.0,0.028988127314784944,0.00037287969368273333,0,947.0204901807093,0
194,-0.01057046,0,-0.0,0.017971899113699844,-0.00016594028997708496,0,967.2185551063315,0
195,-0.00844727,0,-0.0,0.023834589142543418,-0.00024139853807864605,0,969.091603349245,0
196,0.00693327,0,-0.0,0.006897503778644231,1.724752931760802e-05,0,969.4432779764096,0
197,-0.00344605,0,-0.0,0.015139306545856036,-8.685297915431828e-05,0,977.9906176683312,0
198,0.00044878,0,0.0,0.013153913643002484,-3.57886189165817e-05,0,959.0298840009146,0
199,-0.00113443,0,-0.0,0.007829698831222058,-5.912608664430696e-06,0,967.9247631494117,0
200,0.00387575,0,0.0,0.0160799611123607,4.002732601261867e-05,0,957.9482781702449,0
201,0.01457482,0,-0.0,0.022329228204252056,0.0002591451113772142,0,944.9527647859298,0
202,0.00140585,0,-0.0,0.010863723208057627,-1.2689325635599255e-05,0,976.5304800021407,0
203,0.00693939,0,-0.0,0.016208931154717204,9.286091663867795e-05,0,965.546378428222,0
204,-0.02000172,0,-0.0,0.10567931326398765,-0.0021023386267189186,0,733.6904509539957,0
205,1.282e-05,0,-0.0,0.014070389650104455,4.807841035499819e-06,0,969.9175806879431,0
206,-0.0079323,0,-0.0,0.02385365570605683,-0.0002593261360749482,0,973.4341005036687,0
207,-0.01168813,0,-0.0,0.028412881126397227,-0.00033736453733046256,0,970.2904945293603,0
208,-0.00828152,0,-0.0,0.03308884605834667,-0.0003368940468276754,0,959.4044840816148,0
209,-0.00284123,0,-0.0,0.01547581894311883,-0.00013415802797459722,0,967.6986926256545,0
210,0.00965903,0,-0.0,0.020330874112971214,0.0001421194258261387,0,962.2830857587381,0
211,-0.01276393,0,-0.0,0.03837316131661383,-0.0005994881402844355,0,963.3256390215913,0
212,0.00080631,0,-0.0,0.011512069137002376,-2.704563812117624e-05,0,974.452961501216,0
213,-0.00434169,0,-0.0,0.014431331804475686,-8.62045721399354e-05,0,967.3790931699037,0
214,-0.00277673,0,0.0,0.014004874125162829,-7.004295387943668e-05,0,980.1045006250013,0
215,0.01052758,0,-0.0,0.017772992009035978,6.358534984207856e-05,0,959.5211802566052,0
216,0.00588115,0,-0.0,0.017067569528819056,2.1542745338789526e-05,0,957.8266072071971,0
217,0.01387398,0,-0.0,0.014910854335912379,0.00016679369163404974,0,961.1926063861595,0
218,-0.00104506,0,-0.0,0.009631471137362476,-3.180282859629547e-05,0,971.39565568816,0
219,-0.00645943,0,-0.0,0.017172526746536805,-0.00016857509898374808,0,972.4142002977893,0
220,-0.00173859,0,0.0,0.010976530113146912,-7.236020357824224e-05,0,967.6810968591932,0
221,0.00292497,0,0.0,0.012158612549725428,-7.4723193572494e-06,0,960.9701642327108,0
222,0.00226573,0,0.0,0.01065906302989699,-4.7869041582838733e-05,0,961.8139173055139,0
223,-0.01034388,0,0.0,0.014019418159895727,-0.00016588553532603426,0,964.2615446296955,0
224,-0.04458759,1,-0.04599248,0.9940000000000008,-0.03998361481032866,1,1000.0,1
225,0.00278228,0,-0.0,0.013238707065450469,-1.6598277018993037e-05,0,970.3144981550515,0
226,0.02567474,0,-0.0,0.1560000000000001,0.0030658283586761513,0,1000.0,1
227,0.01926845,0,-0.0,0.05968414049522867,0.0008849002181219464,0,849.6334830874588,0
228,-0.00803243,0,-0.0,0.018150044436635093,-0.00012769925048984832,0,968.7636370909344,0
229,-0.00237383,0,-0.0,0.014383788611877482,-8.1822467757309e-05,0,965.3490647307385,0
230,-0.01413442,0,-0.0,0.059025668809961254,-0.0009466795576175968,0,941.1525156256661,0
231,-0.00540707,0,-0.0,0.012172449874890417,-0.0001185797062350333,0,971.2820058024206,0
232,-0.01376415,1,-0.0174202,0.05306039597756162,-0.0006347954695756214,0,944.0132228449945,0
233,0.01255854,0,-0.0,0.015298299963241797,8.88964423861018e-05,0,964.9982422070585,0
234,-0.00679084,0,-0.0,0.025113228024322216,-0.0002824845397147718,0,968.573493663512,0
235,-0.01901251,1,-0.01297105,0.07912162101948765,-0.001622952121071632,0,798.1596497606847,0
236,-0.02097289,0,-0.0,0.09585530716933705,-0.00206942357250865,0,651.9792738464706,0
237,-0.00112666,0,-0.0,0.01908650766209633,-0.00010044373948970653,0,969.5281401185828,0
238,-0.01012414,0,0.0,0.0294550378369125,-0.0002985094796989383,0,967.4979550177007,0
239,-0.00479439,0,-0.0,0.013878615823838406,-0.00010506148529778095,0,963.8271228963745,0
240,-0.00826861,0,-0.0,0.024557090232663063,-0.00023633942928177903,0,968.6523345902276,0
241,-0.00044263,0,-0.0,0.01384017469968391,-6.69471025939665e-05,0,956.35968178015,0
242,-0.01707728,0,-0.0,0.07243585413281146,-0.0014642958805978624,0,888.1996194834248,0
243,-0.01417045,0,0.0,0.039345341226950825,-0.000645437068385031,0,948.8744651071703,0
244,0.02179247,0,-0.0,0.047353327189181324,0.0008479984780937613,0,773.7579575374433,0
245,-0.01237423,0,-0.0,0.03641910607170555,-0.0005328960501130404,0,963.2211514616621,0
246,-0.01046786,0,-0.0,0.027335576146036836,-0.0003652227076480943,0,976.1460737872186,0
247,0.01886914,0,-0.0,0.03616478453443575,0.0006792054308894317,0,908.6919898674577,0
248,0.02955067,0,-0.0,0.32900000000000024,0.0075055647417540585,0,1000.0,1
249,-0.01121567,0,-0.0,0.025357971047391126,-0.00036158656022932225,0,968.8199967584483,0
250,-0.00318249,0,0.0,0.014851462841397062,-7.884827960701605e-05,0,966.3662777623847,0
251,0.00391556,0,-0.0,0.01411496034887508,6.409972398337315e-05,0,973.7614664662254,0
252,0.01778698,0,-0.0,0.02693290252022991,0.000236661520777671,0,930.5336870466941,0
253,-0.00936857,0,0.0,0.01997752467074501,-0.00021944520424135668,0,969.9928906507315,0
254,-0.00195278,0,-0.0,0.01174835475338871,-5.74262796132711e-05,0,973.9071792248602,0
255,0.00827338,0,-0.0,0.013600934430434428,3.2843768070649376e-05,0,965.8501507129639,0
256,0.00484766,0,-0.0,0.009788351812419462,-2.8514658851271074e-06,0,965.7434298755815,0
257,-0.00326156,0,-0.0,0.011838543475082678,-7.81225653047272e-05,0,967.4455859651192,0
258,-0.00083823,0,-0.0,0.01750526918142063,-4.2401628181532965e-05,0,972.3431514799272,0
259,-0.01324896,0,0.0,0.03440883343370763,-0.0005070509030980785,0,964.3124625474062,0
260,-0.00188174,0,-0.0,0.011099511960778918,-3.5682660711986805e-05,0,970.7143626254966,0
261,-0.00216387,0,-0.0,0.01292577727052397,-5.1561652321365344e-05,0,971.6230012724241,0
262,0.0028217,0,0.0,0.015235782281407479,8.300307499850448e-07,0,978.4999711787673,0
263,-0.00505327,0,-0.0,0.016453317498842983,-0.0001420067234567406,0,972.7862896774785,0
264,0.00521539,0,0.0,0.01863048316664664,4.6575911254202013e-05,0,968.0438927901326,0
265,0.01062716,0,-0.0,0.02101466121039262,0.00011668149282649256,0,959.0035480529979,0
266,0.00205429,0,-0.0,0.011504564099664362,1.0526553675433716e-05,0,966.1315279483186,0
267,0.00401756,0,-0.0,0.02248616762146621,2.1037070952502824e-05,0,974.219169785431,0
268,0.00103155,0,0.0,0.0094766077234744,-5.3338617413522634e-05,0,967.0909349746352,0
269,0.00050084,0,-0.0,0.012410221195834991,-1.1841643822525936e-05,0,966.6975048374115,0
270,-0.00671558,0,-0.0,0.017883877831573938,-0.0001427602192614411,0,965.3124661298805,0
271,0.00366494,0,-0.0,0.015092366472520598,1.0063288128391995e-05,0,967.0142503969435,0
272,-0.00047287,0,-0.0,0.017774924740709977,-6.263786527983891e-05,0,971.4165418106415,0
273,0.02143168,0,-0.0,0.04935108667897203,0.0007818901160665782,0,794.7717356151932,0
274,0.01623355,0,-0.0,0.03373019087355461,0.00046055430664711906,0,932.1011820594154,0
275,0.00435847,0,0.0,0.01094170477883366,-4.829406172530717e-06,0,975.353327197363,0
276,-0.00713057,0,-0.0,0.014669565991525678,-0.00014078886536533414,0,963.8258845106608,0
277,-0.01062411,0,-0.0,0.028444220368806446,-0.0004002779190412188,0,973.1201620263196,0
278,0.01241143,0,-0.0,0.025129816035723382,0.00024558483660375456,0,961.9953378566635,0
279,0.00312749,0,-0.0,0.014249156143575723,2.869015506619793e-05,0,958.7621599306104,0
280,0.00530143,0,-0.0,0.012383796196130866,3.148902470375521e-05,0,964.119469410101,0
281,-0.01694586,0,-0.0,0.07127442647864517,-0.0011776840128839012,0,870.4568342159229,0
282,0.00977438,0,-0.0,0.016322741923022487,0.00013827049859995686,0,968.8811654831673,0
283,0.0050442,0,0.0,0.014480388141825527,1.8311841940691103e-05,0,966.860846437648,0
284,-0.01060431,0,-0.0,0.02997324328243655,-0.0003245185109527234,0,967.2856566324491,0
285,-0.00421525,0,-0.0,0.01730498872380459,-8.976886001892744e-05,0,977.9667476718475,0
286,0.00313717,0,-0.0,0.01359659991610736,9.826054500037974e-06,0,960.6975300446658,0
287,0.00102467,0,0.0,0.015520516142677862,-1.2942408067107907e-05,0,970.5375301325668,0
288,-0.00242171,0,-0.0,0.010360577488739161,-6.312128430195025e-05,0,970.72985940989,0
289,-0.00053488,0,-0.0,0.020639277662788422,-5.177938557440182e-05,0,967.323885946373,0
290,-0.00201977,0,0.0,0.019119279419056875,-9.216819770905806e-05,0,969.5809255605812,0
291,0.00202563,0,-0.0,0.012762361082205305,2.7524175600104888e-05,0,965.5787785720485,0
292,0.01521492,0,0.0,0.025812553672287342,0.00033177298478548355,0,955.8315842550951,0
293,-0.02516658,0,-0.0,0.23000000000000018,-0.005731699684313851,0,1000.0,1
294,-0.0018685,0,-0.0,0.01383806366929074,-4.9514193318242335e-05,0,970.4106178292678,0
295,0.00226512,0,-0.0,0.0068637022186308514,-6.948817458145891e-06,0,966.369530811627,0
296,0.00345994,0,0.0,0.013193513715069063,4.3727723014949e-05,0,963.7333419356321,0
297,-0.00321915,0,0.0,0.018738108119025352,-6.810274031693176e-05,0,976.0650771294039,0
298,-0.00793703,1,0.00913019,0.022392633444264946,-0.00024119200689446145,0,969.2884235102606,0
299,-0.06363022,1,-0.06741018,1.0000000000000007,-0.059999956011177476,1,1000.0,1
300,0.0177735,0,-0.0,0.02732092888027779,0.0002721114968901212,0,930.8339366699723,0
301,-0.01483861,0,0.0,0.047475875403429374,-0.0007778722755535668,0,954.8349856664213,0
302,0.00913828,0,0.0,0.01310491095460208,7.62765201990073e-05,0,977.1611680444679,0
303,-0.00278525,0,-0.0,0.011657555743422478,-8.060572436680684e-05,0,971.8481530180944,0
304,-0.00011324,0,0.0,0.016181928777663366,-6.313546202379861e-05,0,964.988048051145,0
305,-0.01002899,0,0.0,0.03559836184274535,-0.0003580900401904636,0,967.9157501077742,0
306,-0.00284456,0,0.0,0.0155864729298352,-8.206400398275886e-05,0,971.3679890245812,0
307,0.01350045,0,-0.0,0.033924680773104954,0.00037303700662122055,0,957.2206555470669,0
308,0.00632655,0,-0.0,0.01866456563684157,0.00010936182016032835,0,970.5380305045338,0
309,-0.01136046,1,-0.02918357,0.025800252699534853,-0.00030790751256797776,0,978.6539610650333,0
310,0.01227412,0,-0.0,0.03222283642335022,0.00024678132278085885,0,948.9092978168844,0
311,0.00489087,0,-0.0,0.009382626696131723,1.2062037394952153e-05,0,970.1793602496629,0
312,0.01793935,0,-0.0,0.03704739884465923,0.0005507124176040953,0,921.1321060952585,0
313,0.00488993,0,-0.0,0.01455824733800896,8.35750678263765e-05,0,963.9436133970391,0
314,0.00877988,0,-0.0,0.010139826081714732,1.6110624286095295e-05,0,950.0552285824716,0
315,-0.00246571,0,-0.0,0.009149303255135513,-5.3766420702645016e-05,0,959.9971025864797,0
316,0.00116546,0,0.0,0.010691636777110599,-4.280143880627613e-05,0,970.0992325799256,0
317,-0.00647424,0,-0.0,0.019997026147691076,-0.00016047438416175468,0,964.1462595539396,0
318,0.01039584,0,0.0,0.019412120061118497,0.00013137105820017873,0,944.8795138686609,0
319,-0.01128304,0,-0.0,0.03234311131674853,-0.000440226209240969,0,968.3490044744448,0
320,0.0083235,0,0.0,0.014925567355058417,6.602209119236091e-05,0,962.4353706323449,0
321,-0.00140651,0,-0.0,0.010560048903169915,-6.718103429815882e-05,0,970.0124546379726,0
322,0.01221247,0,0.0,0.013993214825555192,0.00011827808785862967,0,976.1330852773265,0
323,0.00800869,0,-0.0,0.019697374378685406,7.68253262291495e-05,0,968.9384896435324,0
324,0.01870646,0,-0.0,0.027143173202402303,0.0004502403294040356,0,926.9452020229129,0
325,0.00780775,0,-0.0,0.017041618621753556,0.00011459448185129174,0,969.5545874824855,0
326,-0.0152204,0,-0.0,0.05742105800945305,-0.0009608160628413286,0,923.6321950243579,0
327,-0.00016953,0,-0.0,0.018901438421600893,-1.5850753818703797e-05,0,960.4194276803706,0
328,-0.01122007,0,0.0,0.02197708872461804,-0.00026190009477420674,0,965.2066674499351,0
329,-0.0046828,0,-0.0,0.01881304291575642,-0.00014813931344735036,0,968.9202278271723,0
330,0.01561228,0,-0.0,0.01848347466850124,9.764111765028651e-05,0,960.718915402501,0
331,0.00687534,0,0.0,0.01784306281888982,5.8440939163280717e-05,0,960.8940073295913,0
332,-0.0064893,0,0.0,0.01516548404838932,-0.00010836439432372333,0,985.0137491702777,0
333,-0.00963717,0,-0.0,0.02220182306662482,-0.0002580306688090639,0,977.9718341874012,0
334,0.00082782,0,-0.0,0.009406406972802355,-4.542936359520276e-06,0,960.9494127983202,0
335,-0.0116656,0,-0.0,0.03158966586567749,-0.0004363917109196022,0,969.5742970451514,0
336,-0.0062114,0,-0.0,0.016529992557440244,-0.00015258011928019293,0,973.50750651957,0
337,0.00362009,0,0.0,0.0172661809954829,3.298979206163423e-05,0,959.2541687861981,0
338,0.01205312,0,-0.0,0.02000149717859701,0.0001410746046344384,0,954.9148438372799,0
339,0.01657784,1,0.00999022,0.024288845452838416,0.00023321725598391766,0,942.149024077761,0
340,-0.0224129,0,-0.0,0.13609448477616382,-0.0029995152819668734,0,548.8338644773705,0
341,0.00354367,0,-0.0,0.013965207057969175,-1.4349607710411332e-05,0,968.3027728652081,0
342,0.00122034,0,-0.0,0.011743874187801696,-4.394816579352614e-05,0,971.1320439069624,0
343,0.0046389,0,-0.0,0.016748654984949145,4.666419242906202e-05,0,962.9557808473016,0
344,0.0166621,0,-0.0,0.045862747023735835,0.0005248647199787607,0,928.1336241697295,0
345,-0.02013238,0,-0.0,0.10986720859100839,-0.002618272795656095,0,688.1241714699122,0
346,-0.00541103,0,0.0,0.018259077408619807,-0.00012193443087194908,0,976.5379804706353,0
347,0.00640906,0,0.0,0.014283666001001987,6.830914186230296e-05,0,964.6671863005975,0
348,-0.00383099,1,0.01148496,0.01733920303819005,-0.0001441262590066517,0,971.2579331231678,0
349,0.0205776,1,0.00531811,0.04153313389525211,0.0003934706289845841,0,867.8073243437623,0
350,0.00418357,0,0.0,0.006485941714063325,-7.811576327052187e-06,0,969.4696908043777,0
351,0.00896584,0,-0.0,0.016806236333531423,8.396563601029898e-05,0,961.6470993237334,0
352,-0.00520944,0,-0.0,0.01596949710194513,-0.00011725321854084632,0,974.230749952958,0
353,0.00863764,0,-0.0,0.005873722052784919,3.5533986650333686e-05,0,972.7234156292179,0
354,0.01118472,0,0.0,0.013687776160133532,0.0001418168479841909,0,970.0294690578386,0
355,0.00282878,0,-0.0,0.015944982657225118,1.725280230655724e-05,0,965.9777008263729,0
356,0.00284401,0,-0.0,0.013377422217252218,2.889458291243382e-05,0,970.7605183264234,0
357,0.00320343,0,-0.0,0.011219090834065587,-2.1753040578951616e-05,0,955.7003317713175,0
358,-0.00813345,0,0.0,0.025473718270268342,-0.00020361862790766662,0,973.6744072420477,0
359,-0.00097529,0,0.0,0.017041061219145757,-1.1477797986550147e-05,0,960.2701539918173,0
360,-0.00102523,0,-0.0,0.01535406611406328,-6.871052760089284e-05,0,961.3233908991126,0
361,0.00433394,0,-0.0,0.01681088914518898,1.842879651862884e-05,0,964.7332270297284,0
362,0.01049824,0,-0.0,0.019426523717621706,0.00015514938058383757,0,958.008541130719,0
363,-0.01008536,0,-0.0,0.025630011048519464,-0.0002919506270764925,0,970.0833922775996,0
364,-0.00075009,0,-0.0,0.012590434499635986,-3.576190782912518e-05,0,959.5514819843492,0
365,0.01531456,0,-0.0,0.02625552660770201,0.00033471714470947975,0,946.1900415194368,0
366,-0.00693588,0,-0.0,0.02034751115826743,-0.00018228204386383403,0,970.2442135445756,0
367,-0.01800279,1,-0.01028029,0.09557062210884198,-0.0018547537237462944,0,815.1084097780928,0
368,0.00252306,0,0.0,0.008056459533801495,-2.0276552645684244e-05,0,967.7725754896865,0
369,0.00894385,0,0.0,0.02185582138035039,0.00013248443210372887,0,961.6225195537884,0
370,0.00061426,0,0.0,0.016690499691571794,3.025417124210451e-06,0,961.7364178856001,0
371,-0.0361511,1,-0.04994071,0.9360000000000007,-0.03593182833260317,1,1000.0,1
372,0.00906794,0,-0.0,0.011613271842399717,0.00010724868713674811,0,964.1027144030267,0
373,0.0089182,0,-0.0,0.013019230961318238,6.52721528781733e-05,0,962.0294726549198,0
374,0.00604117,0,0.0,0.019767785105279302,6.735829830039476e-05,0,954.8427111308878,0
375,0.02377653,0,0.0,0.12000000000000009,0.0024403416777181784,0,1000.0,1
376,0.0120303,1,0.01358191,0.019600354915618182,0.00012444140948601477,0,968.9257880024988,0
377,-0.01953522,0,-0.0,0.07419450654876764,-0.0014738010185725244,0,812.9425555454065,0
378,0.01654254,0,-0.0,0.029024157150671852,0.00033496882452309563,0,936.3669334482215,0
379,-0.00407699,0,0.0,0.014423741776696862,-9.226148158541451e-05,0,968.934767110178,0
380,0.0015788,0,-0.0,0.01543606303536628,2.2400324009431016e-05,0,974.4485106751705,0
381,0.01359551,0,-0.0,0.027591419724989446,0.0002961684134180309,0,948.8062171433357,0
382,-0.0155226,0,-0.0,0.05090875198267783,-0.0010858144742660928,0,931.9296594528491,0
383,-0.01201647,0,0.0,0.04291760873836792,-0.000489808701482839,0,958.8110957181681,0
384,-0.0461537,1,-0.03064092,0.9970000000000008,-0.04514862412880197,1,1000.0,1
385,-0.00744136,0,-0.0,0.018964636713354924,-0.0001401946261050152,0,972.6305250355457,0
386,0.00489637,0,-0.0,0.013018593179892443,7.713897328688397e-05,0,973.4222961392682,0
387,0.00574188,0,-0.0,0.015612548920007305,2.246654787041592e-05,0,974.5607110804948,0
388,0.00326274,0,-0.0,0.014016752381039568,1.7243760295038302e-06,0,962.9438195482937,0
389,-0.01362766,0,-0.0,0.0422908382636776,-0.0006911132604046652,0,945.0395424062044,0
390,-0.02260103,0,-0.0,0.19200000000000014,-0.004860665072946171,0,1000.0,1
391,0.00104354,0,0.0,0.012528412651613969,-1.34209514728952e-05,0,967.4541683097953,0
392,-0.00421776,0,-0.0,0.022302189939544925,-0.00014093943587026954,0,971.2087944314684,0
393,0.00509386,0,-0.0,0.012965549065909278,1.860937473471783e-05,0,969.005887808668,0
394,0.00751954,0,0.0,0.012734130885935283,7.065495223099995e-05,0,967.7634453597121,0
395,0.00188241,0,-0.0,0.012666379267396525,-2.8427503631242783e-05,0,968.0233756977079,0
396,0.00810133,0,-0.0,0.018436349296311622,6.662717211483477e-05,0,961.6518533151337,0
397,0.00279211,0,0.0,0.01122293665991071,-3.834974283221101e-05,0,971.7904362686305,0
398,0.00580065,0,0.0,0.00896609427751693,4.4022044459899744e-05,0,956.5503407872343,0
399,-0.00654673,0,-0.0,0.017599215579347488,-0.00017965245021791656,0,966.4845316977216,0
400,-0.08012148,1,-0.07882537,1.0000000000000007,-0.07708347378812397,1,1000.0,1
401,0.00246776,0,0.0,0.01170951088827919,-5.0273736333273646e-06,0,964.705646357337,0
402,0.00870528,0,-0.0,0.016962795226655548,6.536389510214048e-05,0,968.8630785910625,0
403,-0.00343741,0,-0.0,0.020071184929889813,-0.00013905707574719838,0,963.4602857889887,0
404,-0.04091224,1,-0.04662391,0.9850000000000008,-0.03732617436426693,1,1000.0,1
405,-0.00215839,0,-0.0,0.011103015294739388,-6.0628080314593995e-05,0,965.5712494997722,0
406,-0.00067542,0,-0.0,0.01792695688320961,-7.831905775710867e-05,0,977.4908424011703,0
407,0.00879519,0,-0.0,0.016794964098553217,8.821452074740901e-05,0,966.0357356436961,0
408,-0.0194306,0,-0.0,0.09372504142980825,-0.0018996536470730029,0,755.234966179893,0
409,-0.01246472,0,-0.0,0.03910341359526398,-0.0006882919503059717,0,956.2148639235494,0
410,-0.01432185,0,-0.0,0.05855024462407521,-0.0008969388020306704,0,934.7057468793408,0
411,-0.02283616,0,0.0,0.19200000000000014,-0.004610820284790326,0,1000.0,1
412,-0.00628264,0,-0.0,0.021575122146811673,-0.00013247831710859413,0,966.5725104989452,0
413,0.00799434,0,-0.0,0.013782630672667833,7.933290742362735e-05,0,962.5532539269815,0
414,-0.00234884,0,-0.0,0.0166096021292158,-0.00010396016754662326,0,965.7806859431611,0
415,0.0024779,0,-0.0,0.012887665186401352,-1.9009044049936198e-05,0,967.2756082014404,0
416,0.01139217,0,-0.0,0.01700082303081947,0.0001382986792020627,0,964.4992694445965,0
417,0.01377686,0,-0.0,0.01373360096669166,0.00011740256141100862,0,960.1331292468244,0
418,-0.00019138,0,-0.0,0.010519831868993992,-4.038879888040363e-05,0,964.5736455567117,0
419,0.01403586,0,-0.0,0.025097690677699704,0.0002461422874875683,0,944.8421873187967,0
420,0.00142127,0,-0.0,0.010402506729222414,-1.8330774701737804e-05,0,966.4825109208216,0
421,-0.00787398,0,0.0,0.026175647028478535,-0.00031159414905013324,0,969.2207010792381,0
422,-0.005444,0,-0.0,0.014704312527031638,-8.195081359183531e-05,0,969.2457919894086,0
423,-0.01430537,0,-0.0,0.06145826517367078,-0.0009398119831961868,0,931.2752510805241,0
424,-0.00838134,0,0.0,0.019983396904454838,-0.00019133662071182397,0,977.9474741299995,0
425,-0.00308017,0,0.0,0.009861294629198047,-4.17136886227554e-05,0,965.571770370824,0
426,0.00853585,0,-0.0,0.020994664641820638,0.00011518926640715114,0,960.2271636944121,0
427,0.0177077,0,-0.0,0.032288274521021385,0.0004632391031646819,0,920.8182139715133,0
428,-0.01332182,0,-0.0,0.03580687076376246,-0.00042994276932338467,0,957.8445424012701,0
429,0.00442827,0,-0.0,0.02301353072598546,2.8976732434583936e-05,0,963.17943254556,0
430,-0.00990544,0,-0.0,0.029224719969777987,-0.0003363793244918064,0,958.4738056104626,0
431,0.00524697,0,-0.0,0.009735162308992072,1.6751134265581376e-06,0,966.0442660461093,0
432,-0.00081087,0,0.0,0.013387992761555664,-3.339081992516268e-05,0,969.1741828999523,0
433,-0.01780906,0,-0.0,0.07164982076878894,-0.0011668073031016214,0,854.1952431349808,0
434,0.00978297,0,-0.0,0.019209850766676747,0.00013352990543293903,0,964.650222018522,0
435,-0.00555001,0,0.0,0.017831518840771048,-0.0001778519612085707,0,964.6869288031777,0
436,-0.004839,0,0.0,0.014083911446753743,-6.0971490580792104e-05,0,971.59078894531,0
437,-0.01019752,0,-0.0,0.02868708640498723,-0.00030851219601269825,0,963.7393311972098,0
438,-0.00604283,0,-0.0,0.0216570140289861,-0.00018924432089872955,0,977.0509202141005,0
439,0.0047789,0,0.0,0.008238314741137143,2.9396316457513505e-05,0,969.0841370306493,0
440,-0.00139244,0,-0.0,0.014215820845331555,-5.7750008030829224e-05,0,979.23476625103,0
441,0.00378662,0,0.0,0.015346618578226272,1.5016719934601548e-05,0,972.2994523807101,0
442,-0.04643025,1,-0.05054947,0.9970000000000008,-0.0444861978106444,1,1000.0,1
443,0.01370662,0,-0.0,0.02965101779948808,0.00023733899541671983,0,945.9596676290876,0
444,-0.00292786,0,-0.0,0.012599956044132672,-7.929072450391818e-05,0,965.2407543682737,0
445,-0.01426858,0,-0.0,0.05028562754321717,-0.0008221962619332135,0,939.7744646929509,0
446,0.01117222,0,-0.0,0.01416363722068684,8.899903302278444e-05,0,962.65199323721,0
447,-0.00281488,0,-0.0,0.012919169905229918,-7.017690584776325e-05,0,968.7685714252298,0
448,0.01164592,0,0.0,0.016163496070961892,9.542804134433453e-05,0,970.3594499599578,0
449,0.00433377,0,-0.0,0.011719333159716528,2.0481568399917105e-05,0,977.8939636489856,0
450,-0.00081138,0,-0.0,0.014157806114999434,-2.0854135469056322e-05,0,967.9119602534696,0
451,0.00112298,1,-0.00286478,0.011849611537005937,-3.910825848116958e-05,0,968.2175734880107,0
452,0.02001013,0,-0.0,0.05472942353372373,0.0008481411828893348,0,814.694896869484,0
453,0.02126981,0,0.0,0.03772581926448715,0.000583782497331177,0,849.0860754304606,0
454,0.00119381,0,0.0,0.01195571096175796,1.584424570823664e-05,0,967.8721179004413,0
455,0.00210191,0,0.0,0.015867014099247203,-3.8704678602222416e-05,0,966.4858439547238,0
456,0.0112624,0,-0.0,0.027445451731793132,0.00027016000982210854,0,966.4141793666794,0
457,-0.00795661,0,-0.0,0.021936116576485927,-0.00016172744668802695,0,958.6311062870573,0
458,0.0038307,0,0.0,0.012018247918423267,1.968827593912946e-05,0,969.7469741073924,0
459,0.00024137,0,0.0,0.009312960554654956,-3.218210694044568e-05,0,971.7733139407344,0
460,0.00363908,0,-0.0,0.012530914190726857,3.724296147755408e-05,0,959.6381715542623,0
461,-0.00783369,0,-0.0,0.027326848321613754,-0.00021585424221452068,0,973.2630482152945,0
462,-0.01539567,0,-0.0,0.0348549183000506,-0.0006154906739502143,0,949.1934796221943,0
463,-0.02022983,0,-0.0,0.1105206174398323,-0.00222933283604689,0,662.1263770408586,0
464,-0.01067384,0,-0.0,0.029200781314388052,-0.0003793588135965912,0,973.6183823026033,0
465,-0.00408675,0,-0.0,0.016277233501776532,-9.242343887237161e-05,0,974.4963159405712,0
466,0.00744624,1,0.00987816,0.012430423509381824,2.4574936739901863e-05,0,972.4742385869595,0
467,0.01987231,0,-0.0,0.03865585301842162,0.00042389487680097933,0,877.2900208072857,0
468,0.01155993,0,-0.0,0.021753005008271348,0.0002011122110760685,0,961.623636901815,0
469,-0.00912091,0,-0.0,0.028513898982068575,-0.0003184052609136962,0,965.4472441297542,0
470,0.00397708,0,-0.0,0.015259204403144839,3.2218270840105553e-05,0,969.420407810002,0
471,-0.00357078,0,-0.0,0.01785727772755665,-9.210467191052677e-05,0,961.7364106291706,0
472,-0.00234364,0,-0.0,0.017434807858187306,-7.453282566929076e-05,0,967.3588987539442,0
473,0.00235326,0,-0.0,0.014620928603769281,3.446555938593633e-05,0,968.3024511135628,0
474,0.00669171,0,-0.0,0.01310133431549747,1.2996368922556115e-05,0,967.3804471740385,0
475,-0.00289258,0,-0.0,0.013560611292271419,-9.327419691522587e-05,0,967.0329497821385,0
476,0.01113852,0,-0.0,0.022954487994167685,0.0002047372770584667,0,959.1922222405383,0
477,-0.01091938,0,0.0,0.014168871686833407,-0.00019857905296031587,0,969.1270164128574,0
478,0.00056339,0,-0.0,0.017616465473607693,-4.026300032113296e-05,0,964.3894731706561,0
479,0.02647674,0,-0.0,0.1520000000000001,0.002837006995059643,0,1000.0,1
480,0.0027308,0,-0.0,0.007205322020964511,-1.1635821074672424e-05,0,966.8021221223177,0
481,0.01483215,0,-0.0,0.027929425410398622,0.0003116793514958435,0,950.23407867556,0
482,-0.0087524,1,-0.01016761,0.026745723005343603,-0.00023361207103243708,0,968.4557351333885,0
483,0.00630777,0,-0.0,0.010526868206670736,1.9132499367803465e-05,0,963.4052198309412,0
484,-6.783e-05,0,-0.0,0.008325916735439599,-2.5898490966891598e-05,0,969.874333141076,0
485,-0.00120408,0,-0.0,0.01308850604693868,-7.839188618341582e-05,0,970.6875387983512,0
486,-0.00729482,0,-0.0,0.025480543425056314,-0.00022020760604460582,0,975.0240710528094,0
487,0.00480301,0,-0.0,0.009259072585007112,4.297125368730457e-06,0,961.2188863913493,0
488,-0.00801537,0,0.0,0.02150427791972053,-0.00016671657215653994,0,978.2688420876757,0
489,0.00715585,0,-0.0,0.015320575035905844,8.777667224045556e-05,0,970.0177279423388,0
490,0.01135287,0,0.0,0.015049993493151052,5.8909807599612084e-05,0,956.0900063209177,0
491,0.00416531,0,-0.0,0.018304787334235125,3.7633419562355883e-05,0,969.6867675459584,0
492,-0.00236249,0,-0.0,0.011374807218921356,-5.8021887198351594e-05,0,972.4823852619671,0
493,0.00503966,0,-0.0,0.014105413903336795,3.816175503778178e-05,0,971.7757009375026,0
494,-0.00258673,0,-0.0,0.01348407214086679,-6.885032384785219e-05,0,958.5775072567678,0
495,0.00985547,0,-0.0,0.011555639759065681,8.605614019326518e-05,0,965.7172179042198,0
496,-0.01781406,0,-0.0,0.08286043517808211,-0.0014821719851775836,0,836.6041023485222,0
497,-0.00285607,0,0.0,0.011829723968676431,-0.00011390518650806291,0,969.9537306458026,0
498,-0.01940812,0,0.0,0.08749328159350624,-0.0016129811007379953,0,769.6520594146255,0
499,-0.01445061,0,-0.0,0.05514330111814995,-0.0008349333244099899,0,936.3380001942921,0
500,0.01413862,0,0.0,0.02831713456555185,0.0002498248755649428,0,947.0962075736226,0
501,0.00945185,0,-0.0,0.018441303741182753,0.00010064839189630393,0,957.5756482927362,0
502,-0.0066948,0,0.0,0.013595316196044286,-0.00013640863849569986,0,969.9770727001226,0
503,-0.01452503,0,-0.0,0.06125098711964377,-0.0009891782783515962,0,934.0627141237527,0
504,-0.02914529,0,0.0,0.5960000000000004,-0.017712248157226815,1,1000.0,1
505,-0.00493496,0,0.0,0.011711719429215539,-0.00011388156668279905,0,967.6439641534118,0
506,0.02470415,0,-0.0,0.10700000000000008,0.0021612761114320855,0,1000.0,1
507,0.00484884,0,-0.0,0.009444878673882584,2.9572016225390105e-05,0,967.4370115009278,0
508,-0.00509572,0,-0.0,0.015528586174734058,-0.0001024746648031519,0,972.0449962695742,0
509,0.0051508,0,0.0,0.014143012294129545,-2.3788388634390176e-06,0,965.9193782371648,0
510,-0.01510958,0,-0.0,0.05714979622873369,-0.0010436278129876725,0,927.3896630509705,0
511,-0.00247323,0,-0.0,0.019285468106835107,-8.224533675551355e-05,0,975.7844731874295,0
512,0.00149477,0,0.0,0.015861247169204146,-2.594155269443401e-05,0,963.0341366563172,0
513,-0.00036101,0,-0.0,0.017193021388387783,-5.5394694537986414e-05,0,974.9801208752189,0
514,0.00840806,0,0.0,0.005369646929597976,-1.9217693011527083e-05,0,966.0763495961291,0
515,0.00394645,0,0.0,0.019664644149768006,4.016961510764703e-05,0,972.1750239850421,0
516,0.00718326,0,0.0,0.011227543163381403,3.131964715157021e-05,0,965.3324140410577,0
517,-0.00638372,0,-0.0,0.01795226809136986,-0.00019786150201944213,0,977.6690803237651,0
518,0.00947815,0,0.0,0.015259186564412315,0.0001108485833203153,0,968.3291279913583,0
519,0.01678937,0,-0.0,0.04329887095546091,0.0005745314554190602,0,907.8948959418541,0
520,-0.0092015,0,-0.0,0.020764576489004503,-0.00019756081557352454,0,970.5149036732631,0
521,-0.00837696,0,0.0,0.030235084535925504,-0.00028547873970829156,0,964.4367631404788,0
522,0.01385784,0,-0.0,0.018034181072131842,0.0002197216376920875,0,958.2412659983192,0
523,-0.00141344,0,0.0,0.012657819047643473,-1.1161970600650957e-05,0,967.7223698535302,0
524,0.01453821,0,-0.0,0.03266939372259039,0.00028755734406498806,0,954.0038617799333,0
525,-0.04152083,1,-0.03759547,0.9830000000000008,-0.036416954289600866,1,1000.0,1
526,0.01505046,0,-0.0,0.01969468834285872,0.00017664624584421383,0,956.3136021922763,0
527,0.00181486,0,0.0,0.008969862711636014,-4.897955682922353e-06,0,970.9012188495658,0
528,0.00308229,0,-0.0,0.013599492638529026,-1.4086103740750616e-05,0,968.3220166506388,0
529,0.01614718,0,-0.0,0.016222223998222714,0.0001385396450896681,0,967.9970152021648,0
530,-0.0031177,0,-0.0,0.0162290958059916,-7.111091390110273e-05,0,963.0575337492124,0
531,-0.00891122,0,0.0,0.03058985277888686,-0.00031154125854709495,0,955.0366276014823,0
532,-0.00398564,0,-0.0,0.01380624067375183,-8.534662684704456e-05,0,970.586229313453,0
533,0.00502334,0,-0.0,0.009994193828917827,2.4940328956200745e-06,0,968.277992122478,0
534,-0.01515759,0,0.0,0.052154258842995994,-0.0007682808048863575,0,933.4907647316764,0
535,0.00687471,0,0.0,0.014207649837184363,2.4152730811449268e-05,0,958.2117834606867,0
536,-0.00488771,0,-0.0,0.014668298594024312,-8.886099802615391e-05,0,966.9935823027148,0
537,0.01197813,0,-0.0,0.025026018835701106,0.0002663838016576913,0,962.9361331095516,0
538,-0.0234426,0,0.0,0.3010000000000002,-0.007088396756167004,0,1000.0,1
539,-0.00736566,0,-0.0,0.019820182089867678,-0.00014781514380634585,0,967.4061254415888,0
540,-0.01636468,0,0.0,0.05001875081342226,-0.0007925753170337063,0,915.0921366726323,0
541,-0.00776229,0,-0.0,0.01813792898055085,-0.0001465476943016949,0,970.9368001265108,0
542,0.00297666,0,-0.0,0.008362295745006871,-3.89712530891364e-06,0,967.1009174601257,0
543,-0.01692682,1,-0.01563456,0.06747719156788752,-0.0011005828332255254,0,896.2459362645869,0
544,-0.00203378,0,-0.0,0.007621813353246851,-1.4314789096515097e-05,0,977.1997331976563,0
545,-0.00109185,0,0.0,0.01682933637221194,-4.965703077673331e-05,0,974.0554501746259,0
546,0.00253388,0,-0.0,0.011661053521162956,-1.9911408588570593e-05,0,969.2002958802306,0
547,-0.00958536,0,-0.0,0.035192925453661074,-0.0003375399433812014,0,968.32693048497,0
548,0.0075685,0,-0.0,0.01569750930525729,7.71493665669937e-05,0,965.6221123461581,0
549,0.00712666,0,-0.0,0.013151035344954307,7.339491708702008e-05,0,965.5160982867395,0
550,0.00435038,0,-0.0,0.012040008813517161,5.091682893116173e-05,0,966.8957266804547,0
551,0.00606533,0,-0.0,0.015766270123707637,2.766357139785733e-06,0,968.530458421407,0
552,0.00346418,0,-0.0,0.01527878164940521,-1.787736950475893e-05,0,963.8468544877458,0
553,0.02085073,0,0.0,0.08279341803914902,0.0014881298405395333,0,732.6320093498053,0
554,-0.00037094,0,-0.0,0.014060881866814244,-3.599751424509688e-05,0,967.679316680569,0
555,-0.00257083,0,-0.0,0.015998913943103845,-5.6545074293377096e-05,0,972.0245878922416,0
556,-0.00703528,0,-0.0,0.018501766366463678,-0.00015932398527636682,0,970.8206849893309,0
557,-0.00982263,0,0.0,0.025529056211753498,-0.00026353838327584055,0,970.1194186437672,0
558,-0.01194472,0,-0.0,0.04112043645117621,-0.00053662054338523,0,970.301165698906,0
559,-0.00838797,0,-0.0,0.03704736475477447,-0.0003638061254360132,0,965.7011905622181,0
560,-0.0002068,0,-0.0,0.01734656925756822,-7.825908023962511e-05,0,965.3430507987683,0
561,0.00384295,0,-0.0,0.011936214029018205,7.932903370227785e-07,0,972.8678506378519,0
562,0.00101142,0,-0.0,0.012119404446897204,-2.2461230623723725e-05,0,967.9656753023824,0
563,-0.00715535,0,-0.0,0.01650760652809848,-0.00017883077173790697,0,971.9740505454185,0
564,0.00950185,0,-0.0,0.014527720174241927,8.488557771072709e-05,0,959.8707658755005,0
565,0.00789413,0,-0.0,0.01205513639909609,5.555604511950343e-05,0,957.2485964737591,0
566,-0.00109648,0,-0.0,0.017283888121134017,-3.636754078496804e-05,0,968.6031776849665,0
567,-0.00602916,0,0.0,0.022731042983546067,-0.00020643702523365272,0,979.8872848653483,0
568,0.00598428,0,0.0,0.013551544625369302,2.23760993651966e-05,0,974.5094828057246,0
569,0.00237974,0,0.0,0.013242010356789916,-3.369975095461685e-05,0,960.0751752425099,0
570,-0.01398127,0,-0.0,0.06682671757705166,-0.0009446641055981106,0,932.5023747928276,0
571,-0.01879806,1,-0.01861826,0.10574840116470503,-0.0016854880922180487,0,762.5722999832108,0
572,0.00312036,0,0.0,0.01059778559220131,2.2004377501147863e-05,0,964.5631454422892,0
573,-0.00849695,0,0.0,0.02072920433604434,-0.000254632908029326,0,975.6275506312659,0
574,0.00239843,0,0.0,0.016658441179071854,1.13741787593327e-05,0,971.0456660890674,0
575,-0.01404822,0,-0.0,0.048161411712942095,-0.0006313358451982909,0,950.9303101196845,0
576,0.01386186,0,-0.0,0.0152882991026563,0.00010054348292317777,0,953.2400214439833,0
577,0.0129795,0,-0.0,0.01033571306351494,0.00011058653120073768,0,966.6082003111028,0
578,-0.00202517,0,-0.0,0.014088557413311038,-7.645770293213473e-05,0,964.1164659179653,0
579,0.00413454,0,-0.0,0.012277879339825517,3.310416015620078e-05,0,970.5157154714985,0
580,-0.02359922,0,0.0,0.2490000000000002,-0.005660234054090894,0,1000.0,1
581,-0.01106348,0,-0.0,0.03521709577534945,-0.0004979036790138301,0,961.3622770872112,0
582,-0.00243779,0,0.0,0.018491787025045836,-9.244815009189755e-05,0,964.2487754437493,0
583,-0.02473389,1,-0.01451256,0.33600000000000024,-0.008035143918192222,0,1000.0,1
584,0.00764396,0,-0.0,0.012805899111973992,8.86241802283819e-05,0,966.573021888928,0
585,0.02047297,0,-0.0,0.05537453004405174,0.0007792423257252561,0,806.7544338570907,0
586,-0.01126615,0,-0.0,0.024717648914348765,-0.0003165206256521881,0,963.8977186737321,0
587,-0.00787463,0,-0.0,0.02170241515322993,-0.00025121114693862955,0,962.9776044006411,0
588,0.00285448,0,0.0,0.012338357614352766,3.1872509082391486e-05,0,957.0096790255451,0
589,0.01661116,0,0.0,0.020517884901504743,0.00015972555762130446,0,944.9581711547039,0
590,-0.01172374,0,-0.0,0.04397716308234765,-0.0007020810658888977,0,966.1605153820141,0
591,0.00299036,0,0.0,0.012000690208280247,2.2307747989967347e-05,0,959.7180287568799,0
592,0.01871299,0,-0.0,0.03189894700802848,0.00044014692651847895,0,899.2314297145102,0
593,-0.01601759,0,-0.0,0.0634415750218208,-0.0011324365638720427,0,915.9143559199496,0
594,-0.01231069,0,-0.0,0.03771140126903925,-0.0005632503285565346,0,965.9094027915526,0
595,-0.00373607,0,0.0,0.01700562658873158,-0.00010041300561151068,0,964.3025882327481,0
596,-0.00470588,0,-0.0,0.020660923443314026,-0.00010110251489609657,0,961.2811896919782,0
597,0.00862601,0,0.0,0.011954950510150898,7.800112408181817e-05,0,964.4836163282544,0
598,0.0029166,0,-0.0,0.01244595432917119,-2.641559776886365e-05,0,959.4259491631154,0
599,-0.01852409,1,-0.00127447,0.0693469716217172,-0.0012193649257564963,0,846.0571294856048,0
600,0.0056541,0,-0.0,0.014640654914122565,4.0065715791317715e-06,0,953.0019352348768,0
601,-0.00527539,0,0.0,0.018130019730002445,-9.809646754487425e-05,0,962.7912556609008,0
602,0.01324447,0,-0.0,0.01840145956864369,0.00011313757162479569,0,967.6737346872322,0
603,-0.00577588,0,0.0,0.02106424702100966,-0.0001713405427785094,0,972.4691881515207,0
604,-0.00586615,0,-0.0,0.012250748756107445,-9.899674476303251e-05,0,966.7779908378698,0
605,0.00591132,0,-0.0,0.015980480544044245,6.377864644827994e-05,0,962.7460233749566,0
606,0.00812926,0,0.0,0.015987358925622256,0.00011724604165455378,0,961.0733184246726,0
607,0.00498099,0,-0.0,0.01258163094351558,1.7446410316829913e-05,0,972.7290291613792,0
608,-0.01635597,0,-0.0,0.05860931888384685,-0.0010787702652842082,0,920.6532278044074,0
609,0.00588034,0,0.0,0.014395122450957554,8.713559033054836e-05,0,958.9453110966773,0
610,-0.00984308,0,-0.0,0.018567691090994074,-0.0002301357399124054,0,976.6767794637806,0
611,0.00285276,0,0.0,0.015240958441768518,1.9348411744398005e-05,0,971.1853510781668,0
612,-0.01373734,0,-0.0,0.036441410981489564,-0.0004961495282915018,0,944.3726410779959,0
613,0.00496322,0,-0.0,0.011310989787769041,2.3846048724105867e-05,0,968.102589913987,0
614,-0.00756599,0,0.0,0.023127390316277786,-0.00018729702329851552,0,975.8664924050858,0
615,-0.01232635,0,-0.0,0.040315721111426533,-0.00045506749431185775,0,956.4018625795312,0
616,0.0076382,0,-0.0,0.02187727443417423,0.0001240767333456282,0,958.8576904956569,0
617,0.00291645,0,-0.0,0.0085229003302642,-1.3767995505501908e-05,0,965.6143315402686,0
618,-0.00563977,0,0.0,0.011660700322795413,-0.00010315085752046378,0,970.8103396418956,0
619,0.01501179,0,-0.0,0.038103848855996096,0.0005082652453783055,0,931.1056333009981,0
620,-0.00390652,0,-0.0,0.011298048880345083,-3.912149281421478e-05,0,966.1014757619088,0
621,0.00082108,0,0.0,0.009233386931026925,-2.8389713352397604e-05,0,969.6244351764389,0
622,0.00318913,0,-0.0,0.010352453699762182,-6.534974522398388e-05,0,963.364400241484,0
623,-0.00569666,0,-0.0,0.019366713716410154,-0.00016641580998980174,0,963.9681308350249,0
624,0.00521136,0,-0.0,0.014926904222914391,3.505078299741026e-05,0,963.2444433269465,0
625,-0.00483452,0,-0.0,0.009754059955337215,-6.457868591367916e-05,0,965.4006795907993,0
626,-0.00361638,0,-0.0,0.015249080725074374,-7.784484942913335e-05,0,966.0780914819755,0
627,0.01412643,0,0.0,0.03375285069723225,0.0003533040667716196,0,947.6945888954602,0
628,-0.00990586,0,-0.0,0.028116942778239357,-0.0003014739750794558,0,969.1402963690416,0
629,-0.0236278,0,0.0,0.23200000000000018,-0.005510691448806187,0,1000.0,1
630,0.01660937,0,-0.0,0.03636889434361119,0.0005220942413397693,0,929.0437612775311,0
631,0.02599328,0,-0.0,0.20000000000000015,0.005159241549897633,0,1000.0,1
632,-0.00355269,0,0.0,0.017060787570893788,-9.182607892770739e-05,0,973.9361698601703,0
633,-0.01886838,0,-0.0,0.09792973618777505,-0.0019394917739571453,0,780.3569164134606,0
634,-0.00260484,0,-0.0,0.01429674587788787,-2.236078125533958e-05,0,962.9900630644581,0
635,-0.00236223,0,-0.0,0.014442987746247271,-6.260720097797691e-05,0,966.2022562844384,0
636,-0.00139924,0,0.0,0.018135864316513088,-6.909672860527891e-05,0,965.2737080365818,0
637,-0.01063388,0,0.0,0.03307936660856306,-0.00043085602837641447,0,969.4081016623569,0
638,0.00629561,0,-0.0,0.014304042315721197,6.283598806345221e-05,0,975.3058235134159,0
639,0.00574507,0,-0.0,0.010173097592748771,6.271130329202647e-05,0,960.9770234047252,0
640,-0.01444406,0,-0.0,0.06024230411386111,-0.0009390831543930341,0,929.4730567919477,0
641,0.00749197,0,-0.0,0.01560013598896255,4.1954245647339985e-05,0,959.2445867819931,0
642,0.02102685,0,-0.0,0.05168838337923365,0.000933997421110628,0,808.5335084707012,0
643,0.0022196,0,-0.0,0.012109054904530745,4.129843259602908e-05,0,961.8661346285935,0
644,-0.00287325,0,0.0,0.01444021954164043,-9.643908568452594e-05,0,958.3787845257784,0
645,-0.00092003,0,0.0,0.014954290987505229,-5.221224570809647e-05,0,964.7310463566853,0
646,0.00665257,0,-0.0,0.015221816613617174,5.05150146411096e-05,0,966.489313522638,0
647,-0.01680672,0,-0.0,0.0626170673826196,-0.0010092047180616302,0,899.1844883653307,0
648,0.00214391,0,-0.0,0.01200977562013073,-2.679387570709577e-06,0,968.9021936327214,0
649,-0.00340464,0,-0.0,0.015287975084983843,-6.775157583722564e-05,0,968.9051038589764,0
650,0.01897825,0,-0.0,0.060264339396946566,0.0008567350066291064,0,845.3067655050169,0
651,-0.00124173,0,-0.0,0.018356331766527855,-4.716577807488041e-05,0,963.8550337530235,0
652,0.01717888,0,-0.0,0.029405082326298664,0.00035038186567068534,0,923.6607399147643,0
653,-0.01053741,0,-0.0,0.026190599470739474,-0.0002517820179145177,0,968.9907022779736,0
654,0.00637259,0,0.0,0.011732906841138577,6.425753971039193e-05,0,953.7832323357742,0
655,0.003694,0,-0.0,0.009367243058009228,2.308214212883014e-05,0,967.7449894073006,0
656,-0.00819047,0,0.0,0.022697734841185476,-0.00011279471948686846,0,964.306468727686,0
657,0.00227396,0,-0.0,0.013620142601448042,3.153253034630043e-05,0,971.6845159899925,0
658,0.01262519,0,-0.0,0.01934366606382473,0.00012634389630166703,0,969.2329370070873,0
659,-0.00273792,0,0.0,0.013151919502955918,-0.00013409674465188255,0,969.311629299466,0
660,-0.01641963,0,-0.0,0.0826344998246148,-0.0013688064919376807,0,873.9968709992138,0
661,0.00032437,0,-0.0,0.017888894519156304,-2.1637612398507403e-05,0,964.9635896973076,0
662,-0.00852423,0,0.0,0.027143436502560854,-0.0001998789860347699,0,959.8839423227517,0
663,-0.04772768,1,-0.04480427,1.0000000000000007,-0.04683544667876761,1,1000.0,1
664,-0.00031588,0,-0.0,0.012591360248067035,-7.272418617956905e-05,0,964.8431818755752,0
665,-0.01655652,0,-0.0,0.05609710048066188,-0.001053154681594804,0,911.5630004495794,0
666,-0.0276117,1,-0.01195512,0.43600000000000033,-0.011673196295294758,0,1000.0,1
667,0.00532067,0,-0.0,0.014556593874176,8.243167687462715e-05,0,965.6496379494884,0
668,-0.00472719,0,-0.0,0.013038590749885039,-6.311728481719588e-05,0,967.4696337439045,0
669,-0.02514744,0,-0.0,0.2900000000000002,-0.007077498029485684,0,1000.0,1
670,-0.04190083,1,-0.05024927,0.9930000000000008,-0.043365142975844526,1,1000.0,1
671,0.0032237,0,-0.0,0.01489698516233035,2.4436991384092476e-05,0,974.5750526126442,0
672,-0.00663875,0,-0.0,0.029850740657532574,-0.0002788383778822581,0,977.0909147031675,0
673,-0.0126683,0,-0.0,0.03811125508815994,-0.0006452151122608546,0,958.352176344072,0
674,0.00885808,0,-0.0,0.012777780603577982,8.901845416945804e-05,0,965.4925031567137,0
675,0.00399351,0,-0.0,0.01795137142059299,3.154140024051562e-05,0,972.5191673959476,0
676,0.02432602,0,-0.0,0.10800000000000008,0.001773807207496887,0,1000.0,1
677,-0.02343941,1,-0.02814129,0.22800000000000017,-0.00493007611450495,0,1000.0,1
678,0.00437703,0,-0.0,0.015033485606853275,1.4051205590531727e-05,0,970.1838368351059,0
679,-0.00116928,0,-0.0,0.016400417520333596,-3.6367307150863275e-05,0,973.5018134496366,0
680,0.00866776,0,0.0,0.023169782847892683,0.00012724087528075015,0,964.9064547984578,0
681,0.00675085,0,0.0,0.011087639624180282,1.1108992646436719e-05,0,958.4628700844613,0
682,0.01301725,0,-0.0,0.022035587453374385,0.0001825514371412293,0,963.2597959226223,0
683,-0.00471323,0,-0.0,0.021271629113159204,-0.000103124046060394,0,962.3461664215869,0
684,-0.00385407,0,-0.0,0.016185080302269457,-8.151780098174125e-05,0,973.043652511471,0
685,-0.00429103,0,-0.0,0.018568887332735012,-8.574435188761564e-05,0,962.8781494401596,0
686,0.00840802,0,0.0,0.014969916746597901,7.469961974501717e-05,0,964.7127494289897,0
687,0.01548374,0,-0.0,0.02559473458037051,0.0003663501804027246,0,946.884145950976,0
688,-0.0040884,0,-0.0,0.015394573109451918,-8.828372193238393e-05,0,967.3402197233202,0
689,-0.00374774,0,-0.0,0.0121282812326639,-8.797498742509813e-05,0,963.8284640000327,0
690,0.00364077,0,0.0,0.015141249520089755,-9.105365303743113e-06,0,969.8571524561228,0
691,-0.00195762,0,-0.0,0.015996828661214088,-5.390765206744486e-05,0,964.0007877849055,0
692,0.01002054,0,0.0,0.013719799954029851,0.00012138732257109017,0,972.5999194711411,0
693,-0.02201777,0,-0.0,0.1570000000000001,-0.0035812874921094555,0,1000.0,1
694,-0.00776705,0,-0.0,0.016906645850633825,-0.00019526359674063444,0,968.4229330800237,0
695,-0.00732416,0,-0.0,0.014704684338634064,-0.00010888292967775055,0,965.2245404032044,0
696,-0.02270356,0,-0.0,0.22300000000000017,-0.004975156181555086,0,1000.0,1
697,-0.00913638,0,-0.0,0.02980479105556088,-0.0002542441630158275,0,973.4072946276308,0
698,-0.00865156,0,0.0,0.019178291189283894,-0.00022340697318161978,0,978.5216236287914,0
699,-0.00151105,0,-0.0,0.02241385678503586,-6.238936362982418e-05,0,985.4902129781415,0
700,0.01162966,0,-0.0,0.016217574330563898,0.00013995400324161964,0,957.8149226955358,0
701,-0.00195061,0,-0.0,0.014008570683872876,-5.528021277532606e-05,0,970.5574313526689,0
702,-0.00980814,0,-0.0,0.038576741165116696,-0.0004137309050673484,0,963.2555564345665,0
703,-6.955e-05,0,-0.0,0.01087706602981672,1.5009789584240077e-05,0,970.989937555315,0
704,0.01099174,0,0.0,0.024632429859859913,0.00022967135390140734,0,962.2749212132984,0
705,-0.00925959,0,0.0,0.022571283141323954,-0.00026350209201297725,0,976.8087713073159,0
706,-0.00860575,0,-0.0,0.027208000039211172,-0.0001962132404112179,0,975.5057883083188,0
707,0.00608549,0,-0.0,0.016633754633183763,7.931363488783555e-05,0,958.6667781213247,0
708,-0.00991847,1,-0.00820311,0.024765196632458502,-0.0002736015534529274,0,957.4108553985252,0
709,0.00697485,0,-0.0,0.012216821587163432,3.6210034731274586e-05,0,963.906340281298,0
710,0.00036353,0,0.0,0.016861710716111856,-5.1395807704855695e-05,0,964.2495380269194,0
711,0.00751664,0,-0.0,0.020137431466875785,8.738928212854912e-05,0,967.0026309605581,0
712,-0.00985078,0,0.0,0.03737988948260587,-0.0004214846174848343,0,968.6424353893013,0
713,0.00037915,0,0.0,0.011253554026834383,-1.3586417278637504e-05,0,961.4341409589605,0
714,-0.0016069,0,-0.0,0.013483069538766811,-7.642979747570259e-05,0,963.4716574035302,0
715,-0.01165891,0,-0.0,0.02103773537787946,-0.00026680237316529826,0,975.8425814149653,0
716,-0.01513478,0,-0.0,0.05743555312745165,-0.0008069452258763431,0,932.9789438422171,0
717,0.00735749,0,-0.0,0.008545157071535702,5.810765725545669e-06,0,974.0165491992116,0
718,-0.00300952,0,-0.0,0.01488343834360522,-4.937935032160708e-05,0,968.6017848825454,0
719,-0.0097228,0,-0.0,0.021275065417514092,-0.0002737858794644946,0,970.5401495119688,0
720,-0.00046179,0,-0.0,0.015205842367915626,-2.7285701500659943e-05,0,969.4298716047233,0
721,0.01178019,0,0.0,0.014687859535238035,0.00011606445755245475,0,949.6652045512038,0
722,-0.04455045,1,-0.02224307,0.9970000000000008,-0.04436394260374805,1,1000.0,1
723,-0.01446639,0,-0.0,0.03155444864921561,-0.0005149872394956019,0,956.3510036309574,0
724,-0.00872886,0,-0.0,0.028851047296581486,-0.00026181961496267664,0,972.0092647957629,0
725,0.01511179,0,-0.0,0.029942423861159924,0.0003402509730811962,0,944.636652672468,0
726,0.00332587,0,-0.0,0.01837149439561039,1.338112586181003e-05,0,953.8007238087054,0
727,0.00817317,0,-0.0,0.019463340086297132,0.00010022589189775198,0,975.0318267557411,0
728,-0.01090161,0,0.0,0.042153162256056635,-0.0005312857869884439,0,957.899316039897,0
729,-0.01069536,0,-0.0,0.030637193122731082,-0.0003621086218404595,0,968.0859247898378,0
730,0.00497814,0,-0.0,0.008429813473118662,-8.96834894308614e-06,0,962.350907446429,0
731,0.01978063,1,0.01869789,0.0454820765242199,0.0007699804315349135,0,840.5597805186757,0
732,0.00598739,0,-0.0,0.01433995139662955,3.173376440261125e-05,0,962.9985996807234,0
733,-0.00137671,0,-0.0,0.012015621486891859,-5.9223353695409114e-05,0,969.4608422787338,0
734,0.00328144,0,-0.0,0.008388301064898266,-1.3936145331106861e-05,0,968.639413198754,0
735,0.00208119,0,-0.0,0.010098081868118582,1.1906390494474097e-05,0,970.058755929361,0
736,0.00827767,0,-0.0,0.01754506833163179,6.891164835243589e-05,0,950.4342181342715,0
737,0.00857008,0,-0.0,0.01123700697626021,4.509862678954267e-05,0,960.6268572239574,0
738,-0.01569872,0,0.0,0.025986026957261547,-0.00045623108051255054,0,949.8658526523889,0
739,-0.02197269,0,-0.0,0.10325387258888999,-0.0023396186155266964,0,617.0077866621968,0
740,0.01051745,0,-0.0,0.009323208256050434,5.9530762832062404e-05,0,965.6442082221969,0
741,0.01237725,0,-0.0,0.015720070576741917,0.0001661688616821369,0,964.0019135305915,0
742,-0.00970623,0,0.0,0.020573225963192828,-0.0002477726210660032,0,974.3804816050658,0
743,-0.01809835,0,-0.0,0.05668543848362337,-0.0008821693862480201,0,866.9132565778438,0
744,0.00149035,0,-0.0,0.019255754387542436,-6.212323276722579e-06,0,959.0698407215331,0
745,0.00980838,0,-0.0,0.010850204289167994,6.617496053369663e-05,0,956.2276416137108,0
746,0.01847595,0,-0.0,0.03695228688012593,0.0004654321781819505,0,898.7396389351152,0
747,0.00566298,0,-0.0,0.02040453751515355,0.00010450706587134208,0,959.6704149930582,0
748,-0.00321717,0,0.0,0.019973401040194443,-0.00011667134377732142,0,966.6365725613068,0
749,-0.00843131,0,0.0,0.026168567174986355,-0.0002644201631345051,0,972.3641455217114,0
750,0.00061451,0,-0.0,0.01174544059041877,-2.4453862100127557e-05,0,967.7940927092053,0
751,-0.00249265,0,-0.0,0.010209868116264372,-2.4295575375859608e-05,0,971.071446569771,0
752,-0.00965068,0,-0.0,0.03423237474610264,-0.000377948196635039,0,968.2255843692418,0
753,0.02098756,0,-0.0,0.06438137389637832,0.001078086731617557,0,771.9910189408306,0
754,0.01835168,0,0.0,0.0208511517189482,0.00028370577094880044,0,935.6501711045446,0
755,0.01186049,0,0.0,0.0177014382078038,0.00010723843500308622,0,963.488171007484,0
756,-0.0087085,0,0.0,0.022393307867668015,-0.00025666187833111166,0,970.5849822864825,0
757,0.00905019,0,-0.0,0.01930642800238546,0.0001206031194853055,0,963.3218134757133,0
758,0.00689626,0,-0.0,0.005100096041842731,-1.1303076845650101e-05,0,972.6062955340412,0
759,0.00492546,0,0.0,0.010166551564026204,4.0479959517064744e-05,0,969.9681805491825,0
760,0.01299665,0,-0.0,0.022593009520698027,0.00022018503991078406,0,958.9288168059846,0
761,0.00685371,0,-0.0,0.015119263911477767,7.16363086395904e-05,0,960.7936768055969,0
762,0.00790014,0,-0.0,0.013682676147535442,0.0001444069146491562,0,971.3387869390933,0
763,0.00686906,0,-0.0,0.011913473863270943,3.265475673471319e-05,0,966.9992151719144,0
764,0.00390791,0,0.0,0.014373367967901082,1.8594964199418738e-05,0,964.807236781077,0
765,-0.01733611,0,-0.0,0.0760015360038386,-0.0014961890181702246,0,868.2139544343223,0
766,0.00133621,0,-0.0,0.00885599468905472,-3.8613255281166534e-06,0,964.3113866192767,0
767,-0.00506192,0,-0.0,0.01567413150692695,-0.00013303336195980082,0,968.337158087469,0
768,-0.01229841,0,0.0,0.0424688532920727,-0.0006064916821236945,0,962.7424229625095,0
769,0.01731817,0,0.0,0.029782680221117488,0.00032456815991986485,0,938.1023973223477,0
770,0.01778995,0,-0.0,0.02666005341780743,0.0002622053325941882,0,934.5751641080055,0
771,0.01409221,0,-0.0,0.018008237726769762,0.00017627540613453067,0,961.4026864284518,0
772,0.00305213,0,-0.0,0.02141588053672654,-9.561310181153737e-06,0,963.2892454947887,0
773,0.01400625,0,0.0,0.019726015972145742,0.00016247286721875133,0,952.2948664394651,0
774,0.00062053,0,-0.0,0.011093060618567244,-3.664594978819787e-05,0,963.2794159207416,0
775,0.00252797,0,-0.0,0.014780057798151452,-2.079094980556053e-05,0,970.0577341321516,0
776,-0.01043471,0,-0.0,0.028089752618914283,-0.0003888019758949859,0,966.027467076104,0
777,0.00446991,0,0.0,0.009107832096593566,3.855229578007302e-05,0,977.3103458038802,0
778,0.00110386,0,0.0,0.013165399454401316,-8.784364479676623e-06,0,969.0788841175672,0
779,-0.01252652,0,0.0,0.029082191337791836,-0.00042301407133174036,0,967.2348539541388,0
780,-1.197e-05,0,0.0,0.014183704257301984,-6.357311140643598e-05,0,966.2441906525736,0
781,-0.0002973,0,-0.0,0.01567813182332707,6.073546955791682e-06,0,970.3052513968393,0
782,0.01847561,0,-0.0,0.04819661017829439,0.0007015707307852229,0,884.4235993941593,0
783,0.00944213,0,-0.0,0.010591781739803265,6.846972673780977e-05,0,971.7062378504652,0
784,0.00061445,0,-0.0,0.012619311605622921,-1.788834169162907e-05,0,964.4648392309111,0
785,0.00298787,0,0.0,0.016589932847622887,1.0466638796321154e-05,0,975.7435484021996,0
786,0.00094212,0,-0.0,0.01605839572623573,-1.2953422897023694e-05,0,955.031070977823,0
787,-0.00152914,0,-0.0,0.01967121844439141,-0.00011795806162735239,0,971.9002983353766,0
788,-0.01032427,0,-0.0,0.030373200181872482,-0.0004733043547050359,0,970.9198852349206,0
789,-0.00101052,0,-0.0,0.016426962251431667,-6.488704074618125e-05,0,961.7309669956278,0
790,-0.00696098,0,0.0,0.021130602857297235,-0.00016506489733092384,0,973.6203820879887,0
791,-0.01200316,0,-0.0,0.02602005915021895,-0.000410785215677658,0,970.5511933359867,0
792,0.00561222,0,-0.0,0.013342034005656691,1.1606322620397464e-05,0,966.2832909191515,0
793,0.00441265,0,0.0,0.013070551025808086,1.992172005540244e-05,0,965.8890661762069,0
794,-0.01736708,0,-0.0,0.08191840594240563,-0.0015606020168455201,0,851.5591657576713,0
795,-0.00072685,0,-0.0,0.01832019593441489,-5.1839323152011805e-05,0,964.7901788890501,0
796,-0.00921892,1,-0.01967594,0.01964820851941225,-0.00016957841912904173,0,970.2702337737132,0
797,0.01109224,0,-0.0,0.02048882961962889,0.00015135766608096653,0,960.7363437125575,0
798,0.01075837,0,-0.0,0.01701936326879288,0.0001482861328403286,0,961.4268808510325,0
799,0.00088913,0,-0.0,0.01036706431631144,-3.259004015009529e-05,0,966.115497717223,0
800,-0.00795045,0,0.0,0.018638706405056115,-0.00010129524283731941,0,965.015791532986,0
801,-0.01033699,0,-0.0,0.02858244550592999,-0.00032912800495659577,0,964.0343037826445,0
802,0.00394605,0,-0.0,0.013989728478349972,-1.8937093430966199e-06,0,972.2403450509998,0
803,0.0042928,0,-0.0,0.015599311598703583,2.6262389714382293e-05,0,967.4328274845961,0
804,0.01337331,0,0.0,0.018814396364422722,0.0001882076403817946,0,949.9869329889372,0
805,0.0114998,0,0.0,0.018911640888487267,0.0001324958029330568,0,956.604988476516,0
806,-0.00082229,0,-0.0,0.01990687184544171,-9.077953387554061e-05,0,967.5673906253621,0
807,-0.01194206,0,-0.0,0.022886278905727864,-0.00025835406502600056,0,965.7117590378795,0
808,-0.00269107,0,-0.0,0.015327587095475248,-6.22015495388249e-05,0,969.1931607997819,0
809,0.00267231,0,-0.0,0.013636136229331951,2.8211303275176587e-05,0,961.8172677588672,0
810,-0.00152083,0,-0.0,0.01942477468945095,-3.4749001986154394e-05,0,971.8616252636986,0
811,-0.00527894,0,0.0,0.012318455920889147,-0.00010209099789127782,0,973.1913929315398,0
812,0.00302885,0,0.0,0.0119972989283709,1.19530977973531e-05,0,973.3835868953051,0
813,-0.00453958,0,-0.0,0.014391332169375458,-7.593546345587303e-05,0,973.4951133841079,0
814,-0.00578066,0,-0.0,0.021298481759173503,-0.0001587478815285738,0,973.1124923081412,0
815,0.00361453,0,-0.0,0.017247763031600895,-3.399780329533954e-05,0,963.936389155475,0
816,-0.00351993,0,0.0,0.012842781236903572,-8.050307402375063e-05,0,969.4797633015862,0
817,0.00294104,0,-0.0,0.01398825631094649,-1.5126611171261255e-05,0,964.672195030386,0
818,0.00323204,0,-0.0,0.012919381959997648,1.8107600934891927e-05,0,953.5636818769392,0
819,-0.01089429,0,-0.0,0.023035760350749612,-0.00027237993751317186,0,969.5440506640024,0
820,-0.04334234,1,-0.03902993,0.9970000000000008,-0.043217553716419735,1,1000.0,1
821,0.01487777,0,-0.0,0.03794865663900997,0.0004787681957910042,0,933.973695579866,0
822,-0.0111208,0,-0.0,0.03013869576008805,-0.0003307362560360268,0,962.7365221860573,0
823,-0.02066654,0,-0.0,0.1411826949468472,-0.0028479249976043563,0,604.4109344838686,0
824,-0.01811845,0,-0.0,0.06247460262281535,-0.0010724458873737673,0,852.8064106545831,0
825,0.0007911,0,-0.0,0.019242425610719163,-3.733301396524683e-05,0,971.0103189378021,0
826,-0.06306455,1,-0.06387372,1.0000000000000007,-0.06213220315726373,1,1000.0,1
827,0.00271998,1,0.00339609,0.011267225381794184,1.0121659800414766e-05,0,976.4329436793261,0
828,0.0126419,0,0.0,0.017596283059725448,0.00015183032309487368,0,964.1682277251921,0
829,-0.02622834,0,0.0,0.3000000000000002,-0.009133047774692976,0,1000.0,1
830,0.00445934,0,-0.0,0.018667321754763388,3.379765663933449e-05,0,958.1084395732639,0
831,0.01611438,0,-0.0,0.02984662020482823,0.0002833740549723748,0,959.2520132826301,0
832,-0.01077781,0,0.0,0.027702925040261405,-0.00039817081312926085,0,980.4781457810133,0
833,-0.00329807,0,-0.0,0.016924490696707897,-8.522039250948684e-05,0,971.3744537773782,0
834,-0.00702892,0,-0.0,0.023001911375668094,-0.00017024559724409545,0,963.283151039717,0
835,-0.00844346,0,-0.0,0.019931154683594555,-0.00019933982557711834,0,978.5339834451576,0
836,-0.00276262,0,0.0,0.01746041642146675,-9.038191385696836e-05,0,966.7452109544065,0
837,0.05250973,1,0.03773488,0.9980000000000008,0.04374168300981257,1,1000.0,1
838,-0.05105683,1,-0.06993069,1.0000000000000007,-0.046990141193769645,1,1000.0,1
839,-0.00285939,0,0.0,0.018708679536430173,-7.479234805115181e-05,0,974.6466001443757,0
840,0.0195506,0,-0.0,0.061876992330823284,0.0008721292283743874,0,836.1939108015838,0
841,0.00085576,0,0.0,0.013921896406115063,-4.1479872719505746e-05,0,957.4601324210432,0
842,0.01803691,0,0.0,0.04862969593328912,0.0007601427730417232,0,878.7897782961408,0
843,-0.00043299,0,-0.0,0.011194591406083563,-5.831802488063591e-05,0,973.7192527699691,0
844,0.00181058,0,-0.0,0.012939306691658917,-7.862313793642546e-06,0,974.4568715770973,0
845,0.00415474,0,-0.0,0.018938591505060852,2.7481710266646618e-05,0,971.0002567652845,0
846,0.03228854,0,-0.0,0.16400000000000012,0.0027276783389475873,0,1000.0,1
847,0.00901286,0,-0.0,0.010998396705344369,5.620209687315627e-05,0,958.5226658395509,0
848,-0.00657265,0,0.0,0.025844529799204104,-0.0002003560448119605,0,973.0418041774059,0
849,0.01018998,0,-0.0,0.02036833917183837,0.00012486167253900543,0,953.963395709801,0
850,-0.00311833,0,-0.0,0.018231877580298875,-0.00011067147722996439,0,974.1268516948447,0
851,-0.0043975,0,0.0,0.014529306708472096,-7.399449396535175e-05,0,964.827639001664,0
852,0.00958601,0,-0.0,0.014975645518752932,7.606682765640019e-05,0,964.4373851301212,0
853,0.00081086,0,0.0,0.016126368824336382,-6.166613153690232e-05,0,963.2616941111669,0
854,0.00328576,0,-0.0,0.011526204190654678,-9.1060059799185e-06,0,962.5185628680852,0
855,0.00063985,0,-0.0,0.009583848695581411,-2.8379183550599443e-05,0,969.4423646554308,0
856,0.00386583,0,-0.0,0.012901912702701333,-3.6381372850024634e-05,0,966.7953479832013,0
857,0.00474966,0,-0.0,0.016031433836739124,8.192795488258585e-06,0,963.0393704153978,0
858,-0.01886967,0,0.0,0.10452693107202153,-0.0018450592126517487,0,748.7644187921776,0
859,0.00716573,0,0.0,0.012284505164250194,5.71511011886016e-05,0,964.1617273609398,0
860,-0.00932019,0,-0.0,0.027143484212253696,-0.0002973118576191237,0,970.0456465043358,0
861,-0.01392299,0,0.0,0.058538049987949134,-0.0009325084964930247,0,945.966263608581,0
862,-8.411e-05,0,0.0,0.009420299422049831,-3.316042276322788e-05,0,952.6484010583757,0
863,0.00133981,0,-0.0,0.012794077888749218,-3.163001800359542e-05,0,963.2377444377294,0
864,-0.00643506,0,-0.0,0.020166393916263754,-0.00018724585724498978,0,972.0530133203963,0
865,0.00881032,0,0.0,0.017732186411300085,8.103698065813269e-05,0,966.3265280262499,0
866,-0.01292175,0,-0.0,0.038576625527721196,-0.0005971116812049979,0,956.969454617291,0
867,-0.00356944,0,-0.0,0.014589381675752723,-0.00010345802055453165,0,961.6000273502427,0
868,-0.00534874,0,-0.0,0.022652588894968496,-0.00017576485169703727,0,970.8895599216944,0
869,3.413e-05,0,-0.0,0.01403064895232781,-5.8471476125797984e-05,0,973.326755064678,0
870,0.00328864,0,-0.0,0.012055570411078818,-6.132623645853473e-06,0,966.9004796814692,0
871,-0.00957893,0,-0.0,0.026399793874624846,-0.0002830580844850084,0,971.0022858919821,0
872,0.00774283,0,-0.0,0.015168172623543755,3.4215068363281626e-05,0,970.1926755196997,0
873,0.00113002,0,0.0,0.012438315152556481,-2.8894603268809884e-05,0,967.2258575637526,0
874,-0.01841946,0,-0.0,0.09831415241383902,-0.0018673477349489746,0,784.756415773621,0
875,-0.01908591,0,-0.0,0.0757273339906389,-0.0013842939098246583,0,795.3249932778496,0
876,0.00037681,0,-0.0,0.015137097757091648,-6.960374150407009e-05,0,958.1350384392879,0
877,-0.00170967,0,0.0,0.013059117610491269,-7.097824321181136e-05,0,966.5184810948397,0
878,-0.0005342,0,-0.0,0.01756791140020699,-2.955506257068149e-05,0,963.533126611593,0
879,0.00022018,0,-0.0,0.01492606285343201,-3.774756042702387e-05,0,972.5656511634336,0
880,0.0027556,0,-0.0,0.011290183861688018,-9.985039403006418e-06,0,962.905502210714,0
881,0.0099765,0,-0.0,0.012143751097290567,8.828953705847946e-05,0,980.4271250025141,0
882,-0.01061105,0,-0.0,0.029991210082090117,-0.0003553964174909381,0,959.7358570059844,0
883,-0.01121972,0,-0.0,0.03209364089132455,-0.00043208198467982765,0,962.3596107028312,0
884,-0.02692383,1,-0.01649059,0.3940000000000003,-0.010512614286820002,0,1000.0,1
885,0.00338917,0,-0.0,0.013939108851522523,4.148708508295902e-05,0,964.6752029686231,0
886,0.01294947,0,-0.0,0.02582799082135317,0.0001729549033653749,0,958.941392398953,0
887,-0.00381339,0,-0.0,0.010674856126116558,-9.735481303611982e-05,0,962.9666779050485,0
888,-0.024517,0,-0.0,0.2960000000000002,-0.007330358446954536,0,1000.0,1
889,-0.01653993,0,-0.0,0.07148909107443464,-0.0011477302963678001,0,875.5348584889547,0
890,-0.00783037,0,-0.0,0.01680775513319071,-0.00018128524365699085,0,975.8459623160838,0
891,-0.00507729,0,0.0,0.014306826652206645,-8.79854438378236e-05,0,967.3990182966788,0
892,-0.00358389,0,0.0,0.018778253376590972,-8.643785752065507e-05,0,959.4979994392646,0
893,0.00088581,0,0.0,0.008824871462213169,3.7621920994561747e-06,0,959.3368072259666,0
894,-0.00261746,0,-0.0,0.015700173388985637,-0.00012516682681478825,0,969.197520669172,0
895,0.0109934,0,-0.0,0.01434967882254415,4.435398971658628e-05,0,959.1961781736055,0
896,-0.00626017,0,-0.0,0.019214596117735374,-0.00014791334413120046,0,970.986753123471,0
897,-0.00812318,0,-0.0,0.018065130879918935,-0.00017080425317807964,0,970.897669545978,0
898,0.00528876,0,-0.0,0.01052070154255489,2.3125702095050287e-05,0,967.6375350721834,0
899,-0.01485642,0,-0.0,0.05694317911285087,-0.0008348828961589104,0,921.5082673781391,0
900,0.00439692,0,-0.0,0.015933421894632153,4.4208525434925354e-05,0,969.4832365282134,0
901,0.00152553,0,-0.0,0.012986135237222312,5.924633053725573e-06,0,964.3653512844139,0
902,-0.00097442,0,-0.0,0.013652676397728412,-4.349105202138913e-05,0,969.8643532900568,0
903,0.01638276,0,-0.0,0.023770524896872564,0.00021769409032909443,0,942.8683252999876,0
904,-0.00572207,0,-0.0,0.01948002096186082,-6.328105281071391e-05,0,974.0934384772626,0
905,0.02110298,0,-0.0,0.07577754530877544,0.0013266473014767227,0,707.0543138727277,0
906,-0.00175431,0,0.0,0.012573674142976414,-6.122153661568894e-05,0,961.2526414113513,0
907,-0.01227016,0,-0.0,0.04155014764096956,-0.0006164400615087688,0,963.0342099795129,0
908,0.0011992,0,-0.0,0.00886140714645033,-1.2471769042165361e-05,0,964.9566722928173,0
909,-0.01026245,0,0.0,0.0259099671992233,-0.00037487503240251203,0,962.3645310698556,0
910,-0.00701756,0,-0.0,0.01368655560055577,-0.00010651619285050727,0,978.4069252423714,0
911,0.00447033,0,-0.0,0.007034853090892965,9.487644326206937e-06,0,961.9480255429771,0
912,0.00605582,0,0.0,0.013714444809748027,5.584809416241617e-05,0,968.4995298652833,0
913,-0.00572168,0,-0.0,0.014433866642399335,-9.466392951298065e-05,0,971.0697287011507,0
914,0.01037405,0,-0.0,0.010255739826513083,3.881832574526859e-05,0,969.5122689372278,0
915,-0.00668952,1,-0.0187646,0.020507350675429126,-0.00013044848383241206,0,967.4010811264568,0
916,0.01486302,0,0.0,0.03652743528854049,0.00031517118148453627,0,934.2320182716566,0
917,0.00579413,0,-0.0,0.014801309250046274,1.0753961824319258e-05,0,966.7152528022581,0
918,-0.04183923,1,-0.05597351,0.9890000000000008,-0.03913294464314084,1,1000.0,1
919,-0.01830798,0,-0.0,0.09207757154852322,-0.0015390414432482932,0,796.2310558749634,0
920,-0.03722876,1,-0.03454969,0.9520000000000007,-0.032865031955353244,1,1000.0,1
921,-0.00817005,0,0.0,0.028640514328379257,-0.0003608472938729082,0,965.4637746612706,0
922,0.00169226,0,-0.0,0.012929906388907165,1.4382990240661282e-05,0,967.0775991361604,0
923,-0.00521449,0,-0.0,0.01183150071676813,-0.00011896788655966092,0,979.562956696673,0
924,-0.00116158,0,-0.0,0.012307464107809984,-7.153596997825986e-05,0,972.9293563429196,0
925,0.01932175,0,0.0,0.037666467334827404,0.0005687454277950887,0,909.929914459249,0
926,-0.0011972,0,0.0,0.01133795169855356,-1.4750129503680121e-05,0,960.5492638955823,0
927,0.00463792,0,0.0,0.012011950597930551,5.4181530492989376e-05,0,963.1423145527124,0
928,-0.00182269,0,-0.0,0.008617357868832744,-2.1219543234453953e-05,0,963.0704421326838,0
929,0.00125713,0,0.0,0.00938198575400503,-1.2059550565394494e-05,0,958.2863762945708,0
930,0.00056017,0,-0.0,0.012281803546520772,-4.891982744058147e-05,0,962.74673702639,0
931,0.00498324,0,-0.0,0.016232617009387284,6.335409028928165e-06,0,960.4011431541443,0
932,0.01215308,0,-0.0,0.010432372273321324,5.0208663940025894e-05,0,971.030620199384,0
933,0.01697394,0,-0.0,0.028913464975323187,0.00030878945229021316,0,933.6599023853477,0
934,0.0035962,0,-0.0,0.012348145133722975,-6.365894056817608e-06,0,970.9503274215011,0
935,0.00639547,0,0.0,0.011931163019462475,5.5376283498003176e-05,0,972.6097733889108,0
936,-0.00698707,1,0.00402157,0.0161663033153385,-0.0001277098606466861,0,976.01609047522,0
937,-0.00037877,0,-0.0,0.011868787857618067,-4.837041719167285e-06,0,960.3017043919132,0
938,0.00990289,0,-0.0,0.01375527359869088,8.90630291765864e-05,0,962.7945429975786,0
939,0.00915969,0,-0.0,0.026732637441573545,0.00016508906050994465,0,962.9589992759334,0
940,0.0026161,0,-0.0,0.010887913898245498,2.8902603970217682e-05,0,950.8748751465814,0
941,0.00936394,0,0.0,0.01605357829633992,0.0001335809130799004,0,957.9082993374609,0
942,0.00540767,0,0.0,0.016484093770875567,6.879241279810024e-05,0,961.2240851534566,0
943,0.01250306,0,0.0,0.02753344360551662,0.0002191305895687069,0,957.4585230219785,0
944,0.00339359,0,-0.0,0.01411801164732492,8.967307979694885e-06,0,974.1654672952166,0
945,-0.00305698,0,-0.0,0.012615063616343394,-3.4137480736211176e-05,0,971.1142837691186,0
946,0.00385841,0,-0.0,0.011111447147962548,1.2559948019780658e-05,0,961.7614529155791,0
947,-0.02880594,0,0.0,0.5190000000000003,-0.014348588567002066,1,1000.0,1
948,0.00432886,0,-0.0,0.012869570870354313,2.0380319304867206e-05,0,967.0027300536699,0
949,-0.03598413,0,-0.0,0.9050000000000007,-0.03108876379185016,1,1000.0,1
950,-0.01673463,0,0.0,0.07096628927121104,-0.0011679247535355283,0,885.8644551082084,0
951,0.00501769,0,0.0,0.01442347784890027,1.2214823401425661e-05,0,962.5325065856492,0
952,0.00527529,0,-0.0,0.012383030431947089,3.351348424155437e-05,0,971.1490308153018,0
953,-0.03992638,1,-0.02880209,0.9880000000000008,-0.03885930427465583,1,1000.0,1
954,-0.00662102,0,-0.0,0.00972558675002201,-0.00010855684556153962,0,975.3571140859466,0
955,0.01420541,0,-0.0,0.01800072862148366,0.00022653487178726905,0,960.978085128539,0
956,-0.0043403,0,0.0,0.018524156529059334,-9.494293224960832e-05,0,970.2583670599514,0
957,0.0229292,0,-0.0,0.034492017198584794,0.0003324689039504875,0,838.0746659710293,0
958,0.0004808,0,0.0,0.011376396262667314,-3.544999092570372e-05,0,968.3261534430397,0
959,0.00458036,0,0.0,0.007936221767397311,2.095472358092523e-05,0,964.021931660123,0
960,0.01666874,0,-0.0,0.038928011192762554,0.0004979921611777303,0,939.1051351392815,0
961,0.00181027,0,0.0,0.017646430848626413,2.4550258914258943e-05,0,958.1605455810599,0
962,-0.00952344,0,-0.0,0.014789050254334012,-9.382186004484016e-05,0,977.8389439653865,0
963,-0.00059727,0,-0.0,0.011548062113373522,-2.004029305504628e-05,0,975.1184178527562,0
964,0.00014389,0,-0.0,0.012351694695977643,-4.756538520359594e-05,0,966.8982596990271,0
965,-0.01314742,0,-0.0,0.04004020624943692,-0.0005143169600998847,0,957.4600863465304,0
966,-0.00205832,0,-0.0,0.0182020466592246,-2.9833776701514574e-05,0,971.0029189250228,0
967,-0.02350793,1,-0.01658601,0.22300000000000017,-0.0050122583584154955,0,1000.0,1
968,0.00974358,0,-0.0,0.014432914047319155,0.00010172716444317107,0,964.1500095090012,0
969,0.00084612,0,0.0,0.00913213946766568,-1.7875913539506867e-05,0,966.3328223580187,0
970,-0.00232796,0,-0.0,0.011944805783134844,-3.519807954800907e-05,0,974.2621353433085,0
971,-0.00056182,0,-0.0,0.011748547008830712,-2.055429272515878e-05,0,967.0133419604941,0
972,0.00273122,0,-0.0,0.011376869176172786,1.7913108669397868e-05,0,959.9462347489886,0
973,0.00666814,0,-0.0,0.015081124459932706,8.387622157393282e-05,0,969.5547055275666,0
974,-0.00949712,0,-0.0,0.041615307998637475,-0.0004863471430253616,0,959.3690435797928,0
975,-0.00991588,0,-0.0,0.025144943788290297,-0.0003409976754440421,0,969.0332319069904,0
976,0.01154679,0,0.0,0.02715107188851594,0.00013431730992667504,0,951.0638390632515,0
977,-0.00362337,0,-0.0,0.016656086030010654,-0.00012417250798081532,0,961.6324833117051,0
978,-0.01366842,0,0.0,0.04747131040125733,-0.0006961426634357884,0,954.3873406199987,0
979,0.00493813,0,-0.0,0.005752377582481828,-2.1355207737788066e-06,0,972.9314938214221,0
980,0.0051337,0,0.0,0.014374259815535487,1.016418398810137e-05,0,966.7202493947723,0
981,-0.01480715,0,-0.0,0.04626583511113891,-0.0008051812240623549,0,948.0750161298857,0
982,0.00279482,0,-0.0,0.013482012629122011,1.4400818856499332e-05,0,962.3273183111738,0
983,0.00785583,0,-0.0,0.006149310754963947,4.3259176580505616e-05,0,956.2341446184739,0
984,0.00424386,0,-0.0,0.01173665515143498,-1.0066051194306459e-05,0,962.8249009262887,0
985,0.00681981,0,-0.0,0.02135276980456041,6.0808419841436056e-05,0,968.6874559722359,0
986,-0.01354269,0,-0.0,0.03523201813071455,-0.0005419914661342391,0,952.5107644841212,0
987,0.0038104,0,-0.0,0.017623650387878102,-2.300278217606345e-06,0,955.8744413490498,0
988,-0.0025262,0,-0.0,0.021041417769932628,-0.0001073619831106996,0,971.4576383600692,0
989,-0.0043279,0,0.0,0.013028715934423056,-6.32463409030322e-05,0,969.672680527087,0
990,0.00920556,0,-0.0,0.01579939073841572,4.238142934879782e-05,0,961.0857728192162,0
991,0.01529275,0,0.0,0.02920454527446935,0.0003539217362125549,0,948.976627431711,0
992,0.0184437,0,-0.0,0.036915964056604605,0.0007214408871978177,0,903.9805892804336,0
993,0.01364808,0,-0.0,0.020678534759157135,0.0001818511026809222,0,959.2307151147787,0
994,-0.00059734,0,-0.0,0.011245535044555697,-2.7606541190662488e-05,0,958.7463479902126,0
995,0.0040272,0,-0.0,0.010980626631655653,-1.1433746990086088e-05,0,972.3519984602077,0
996,0.00816823,0,-0.0,0.01565863173206341,8.22558839101323e-05,0,967.3897141549216,0
997,0.00171178,0,0.0,0.00823642323987971,-1.0444367536496636e-05,0,965.6155479378498,0
998,0.00180764,0,-0.0,0.018874585674103623,-8.072338924971701e-06,0,958.5619047895543,0
999,0.00873753,0,0.0,0.014688015503433549,0.00010888952694950879,0,960.9778800155962,0
