t,merton_return,merton_log_price,kou_return,kou_log_price,bates_return,bates_log_price,bates_variance
0,0.004298304256641035,0.004298304256641035,0.004738545248347377,0.004738545248347377,0.004298304256641035,0.004298304256641035,0.03397777134240375
1,0.009914026265835627,0.014212330522476661,0.010354267257541967,0.015092812505889345,0.01139276847944928,0.015691072736090314,0.022185283896046168
2,-0.024121502988968962,-0.0099091724664923,-0.02368126199726262,-0.008588449491373273,0.0016940768544705873,0.0173851495905609,0.021059408996286142
3,0.002069867594844897,-0.007839304871647404,0.0025101085865512386,-0.006078340904822035,-0.007301386782705933,0.010083762807854968,0.027035121881213833
4,0.0002475552196961068,-0.007591749651951297,0.0006877962114024486,-0.005390544693419586,0.0011688809221866298,0.011252643730041598,0.031222024968082636
5,0.01153860297891158,0.003946853326960284,0.011978843970617922,0.006588299277198336,-0.009088051551349303,0.0021645921786922952,0.03620944508877933
6,0.0012911385013031143,0.005237991828263398,0.001731379493009456,0.008319678770207792,0.010996738465135844,0.013161330643828139,0.03238546512862713
7,0.0063492939801373886,0.011587285808400787,0.006789534971843729,0.01510921374205152,-0.007244945134764787,0.005916385509063352,0.040187022716741835
8,0.00510505310034726,0.016692338908748047,0.0055452940920536,0.02065450783410512,-0.004950165448245695,0.0009662200608176567,0.04048863627573258
9,0.011526663414377896,0.028219002323125943,0.011966904406084236,0.03262141224018936,0.005090459477887078,0.006056679538704735,0.04072572868252945
10,-0.0018698169527895936,0.02634918537033635,-0.0014295759610832535,0.031191836279106103,0.02768368542073451,0.033740364959439245,0.029337424649768004
11,0.015861803001228726,0.042210988371565075,0.016302043992935066,0.04749388027204117,-0.008300005161102724,0.02544035979833652,0.03499530784867297
12,-0.004937193411537734,0.03727379496002734,-0.004496952419831397,0.04299692785220977,-0.0008736337967756511,0.02456672600156087,0.032029336864111774
13,0.007165695267619308,0.04443949022764665,0.007605936259325645,0.05060286411153542,0.007809754721991507,0.03237648072355238,0.03261236786610245
14,0.005659172042284555,0.050098662269931205,0.006099413033990891,0.05670227714552631,-0.012849668614874011,0.019526812108678366,0.03962851612233609
15,0.027441453468913884,0.07754011573884509,0.02788169446062022,0.08458397160614653,0.003371310851404366,0.022898122960082732,0.039139405018976246
16,-0.005994421863779839,0.07154569387506525,-0.0055541808720735025,0.07902979073407303,0.01132116029340505,0.03421928325348778,0.036350406909207156
17,0.008219841169040398,0.07976553504410565,0.008660082160746749,0.08768987289481978,0.0012781170197833855,0.03549740027327117,0.03737864351330077
18,-0.0009763731183443092,0.07878916192576134,-0.0005361321266379726,0.0871537407681818,-0.017282264301167933,0.018215135972103235,0.04225182083468913
19,-0.009928257032060323,0.06886090489370102,-0.009488016040353986,0.07766572472782782,-0.007817804634343162,0.010397331337760073,0.04383040042486863
20,0.009823352278791858,0.07868425717249287,0.010263593270498195,0.08792931799832601,-0.01096717460356563,-0.0005698432658055568,0.05231075018654927
21,-0.014296442270803053,0.06438781490168982,-0.013856201279096717,0.0740731167192293,-0.0043901253053138965,-0.004959968571119453,0.05459251134177314
22,-0.007925404285498656,0.056462410616191165,-0.007485163293792313,0.06658795342543698,0.010898530343015557,0.005938561771896104,0.05480859519799139
23,0.0019293329197489148,0.05839174353594008,0.0023695739114552583,0.06895752733689224,-0.006388774154453784,-0.00045021238255768016,0.061419374872161175
24,0.011438200535173304,0.06982994407111338,0.011878441526879654,0.0808359688637719,-0.019499003215515093,-0.01994921559807277,0.06164736148083534
25,0.009012736810607408,0.07884268088172079,0.009452977802313745,0.09028894666608564,0.008192234993532487,-0.011756980604540284,0.059291693060012314
26,0.004101791946518038,0.08294447282823883,0.0045420329382243885,0.09483097960431003,-0.006132669687940554,-0.017889650292480838,0.06207102911824316
27,-0.017899207810371298,0.06504526501786753,-0.017458966818664948,0.07737201278564508,-0.004439564396638104,-0.022329214689118942,0.06589213809437443
28,-0.005466908505493036,0.059578356512374496,-0.005026667513786692,0.07234534527185839,-0.005462812076277732,-0.027792026765396674,0.06522901081457198
29,-0.003007236625150976,0.05657111988722352,-0.0025669956334446326,0.06977834963841376,0.008243911565822215,-0.01954811519957446,0.05928965202134886
30,-0.010449216804168375,0.046121903083055145,-0.010008975812462031,0.059769373825951724,0.007794996209710253,-0.011753118989864206,0.0587716669101408
31,-0.020742936304632986,0.02537896677842216,-0.02030269531292664,0.039466678513025086,-0.0010820435955371868,-0.012835162585401393,0.05661735966111049
32,0.0025097257905328865,0.027888692568955046,0.00294996678223923,0.042416645295264316,-0.02486530613324879,-0.03770046871865018,0.05739451080152113
33,0.009419842555149941,0.03730853512410499,0.009860083546856288,0.052276728842120604,-0.014625320172760886,-0.05232578889141107,0.06447118773928184
34,-0.003934293030818291,0.033374242093286696,-0.0034940520391119473,0.04878267680300866,-0.005638010700585207,-0.057963799591996275,0.07352301707593091
35,0.01126870996823081,0.044642952061517506,0.011708950959937153,0.06049162776294581,0.012990164213194384,-0.04497363537880189,0.06275453382938796
36,-0.01561290705641865,0.029030045005098856,-0.015172666064712306,0.045318961698233504,-0.014577793620328981,-0.05955142899913087,0.06563983285357826
37,-0.011124780050093052,0.017905264955005804,-0.010684539058386712,0.03463442263984679,-0.027469306228187378,-0.08702073522731825,0.07739181365971283
38,0.002253625516993308,0.020158890471999112,0.002693866508699648,0.03732828914854644,-0.010027179602231553,-0.0970479148295498,0.07124545161138779
39,-0.004923647469381639,0.015235243002617473,-0.004483406477675297,0.03284488267087114,-0.008505804241903475,-0.10555371907145328,0.07513853042121571
40,0.00834092802694787,0.023576171029565343,0.008781169018654209,0.04162605168952535,0.028048330353877646,-0.07750538871757563,0.0632849426044528
41,0.0062140569726662764,0.02979022800223162,0.00665429796437262,0.04828034965389797,0.0032540293665649506,-0.07425135935101068,0.06307345169882353
42,-0.004114818618600115,0.025675409383631505,-0.0036745776268937713,0.0446057720270042,0.013625412618900712,-0.06062594673210997,0.06000745293990602
43,-0.014606933473855525,0.01106847590977598,-0.014166692482149183,0.030439079544855016,-0.01792461878816741,-0.07855056552027738,0.06250585446350115
44,-0.005454683697036127,0.005613792212739853,-0.005014442705329785,0.02542463683952523,-0.005724639447304197,-0.08427520496758158,0.05646608938814831
45,0.006516068493908511,0.012129860706648364,0.006956309485614851,0.03238094632514008,-0.002899898561016301,-0.08717510352859788,0.049442164276712226
46,0.008842294309800772,0.020972155016449136,0.009282535301507112,0.041663481626647195,0.00483191766439639,-0.08234318586420149,0.05190974371560947
47,-0.004873827540150911,0.016098327476298226,-0.004433586548444571,0.037229895078202624,0.04225648468129654,-0.04008670118290495,0.03915990637219421
48,-0.020799185762944428,-0.004700858286646202,-0.020358944771238084,0.01687095030696454,-0.026116790071257216,-0.06620349125416217,0.04967039853195572
49,-0.016205218823336805,-0.020906077109983007,-0.015764977831630462,0.0011059724753340779,-0.00539132416449295,-0.07159481541865512,0.0484510206961376
50,0.0054959117386377265,-0.015410165371345281,0.005936152730344068,0.007042125205678146,0.01522334385673299,-0.056371471561922126,0.043887604446381
51,-0.004305170440546156,-0.019715335811891437,-0.003864929448839812,0.003177195756838334,-0.013215863007803155,-0.06958733456972528,0.04070257410012076
52,-0.004029274228048989,-0.023744610039940425,-0.003589033236342648,-0.0004118374795043138,-0.00022568540577939944,-0.06981301997550468,0.048950755975605165
53,-0.011303247239469794,-0.03504785727941022,-0.010863006247763454,-0.011274843727267767,0.014138230549943738,-0.05567478942556094,0.04149449087553454
54,-0.011509922936616138,-0.046557780216026357,-0.011069681944909801,-0.022344525672177568,-0.01192813072083821,-0.06760292014639915,0.04247642941407855
55,0.011046117319079549,-0.03551166289694681,0.011486358310785894,-0.010858167361391674,-0.010209714335161046,-0.0778126344815602,0.05004680988721594
56,0.005932453357616503,-0.029579209539330305,0.006372694349322845,-0.004485473012068829,0.01356748499721154,-0.06424514948434866,0.04718968610735293
57,-0.007026355922015261,-0.036605565461345566,-0.006586114930308921,-0.01107158794237775,-0.00011284286155406609,-0.06435799234590273,0.04404279009561361
58,0.0013679762868141487,-0.03523758917453142,0.0018082172785204888,-0.00926337066385726,0.05339081095547663,-0.010967181390426094,0.040282283751352316
59,0.0033906746279800323,-0.031846914546551384,0.003830915619686375,-0.005432455044170886,0.0024814746894330376,-0.008485706700993056,0.03903310573453771
60,0.020639747058945026,-0.011207167487606359,0.02107998805065137,0.015647533006480484,0.016715140276949234,0.008229433575956178,0.03433832280240455
61,-0.012435626439738397,-0.023642793927344755,-0.011995385448032055,0.0036521475584484295,0.013384373217099824,0.021613806793056002,0.03171791458339246
62,0.003230927598470084,-0.02041186632887467,0.003671168590176424,0.007323316148624854,0.0025313598004456407,0.024145166593501643,0.02625756775627738
63,0.010980642639970653,-0.009431223688904018,0.011420883631676993,0.018744199780301847,0.017338637961661702,0.041483804555163345,0.02691452345534552
64,0.018895113445520566,0.009463889756616549,0.019335354437226913,0.03807955421752876,-0.0034748891085920677,0.03800891544657128,0.03395318489854586
65,-0.007600881789988901,0.0018630079666276476,-0.007160640798282561,0.0309189134192462,0.01678424579210675,0.05479316123867803,0.024655213022605565
66,-0.004451911986355457,-0.002588904019727809,-0.004011670994649115,0.026907242424597085,-0.0034134883450372758,0.05137967289364075,0.026307690617718333
67,0.008461379670898493,0.005872475651170684,0.008901620662604838,0.03580886308720192,0.0039355369160749346,0.05531520980971569,0.030507147298652934
68,-0.01807118762558049,-0.012198711974409806,-0.017630946633874146,0.018177916453327777,0.007563150808031355,0.06287836061774704,0.02016108108748066
69,0.004409133112184836,-0.0077895788622249695,0.004849374103891177,0.023027290557218954,-0.007043690198857019,0.05583467041889002,0.019301828368167375
70,0.025615674548415575,0.017826095686190604,0.026055915540121922,0.049083206097340876,-0.0024238943906372684,0.053410776028252754,0.02359819558362676
71,0.005680298009705043,0.023506393695895647,0.006120539001411386,0.05520374509875226,0.0007881930231981166,0.05419896905145087,0.022146898030419124
72,-0.026402028389831852,-0.0028956346939362047,-0.02596178739812551,0.029241957700626754,0.009895180623480965,0.06409414967493184,0.021012244288653992
73,-0.009782865181452487,-0.012678499875388691,-0.009342624189746147,0.019899333510880607,-0.0009139445294246845,0.06318020514550715,0.019613625854309792
74,-0.007252464895144615,-0.019930964770533306,-0.006812223903438275,0.013087109607442332,0.0026390429927412723,0.06581924813824842,0.019825575836470485
75,0.013889318446694764,-0.006041646323838542,0.014329559438401106,0.027416669045843438,0.0013018825883070462,0.06712113072655547,0.020667775457627394
76,-0.0015393811783098576,-0.0075810275021484,-0.0010991401866035158,0.026317528859239922,0.017494690827947967,0.08461582155450344,0.012343219683670867
77,-0.020639791980659548,-0.028220819482807948,-0.020199550988953204,0.006117977870286718,-0.009728006436412112,0.07488781511809132,0.015000517814006593
78,-0.00021836654147339152,-0.02843918602428134,0.00022187445023295026,0.006339852320519668,0.009812355297304995,0.08470017041539632,0.010231743335065187
79,0.0021005346029321775,-0.02633865142134916,0.0025407755946385193,0.008880627915158187,-0.013164193387120243,0.07153597702827608,0.015241147825124111
80,-0.005831303351491353,-0.032169954772840514,-0.00539106235978501,0.003489565555373177,-0.003609062329352264,0.06792691469892381,0.014738516957136317
81,-0.01170009837321978,-0.043870053146060295,-0.011259857381513437,-0.00777029182614026,-0.012933096870179316,0.0549938178287445,0.015938462223357208
82,0.02727542793229615,-0.016594625213764144,0.027715668924002495,0.019945377097862236,-0.009731711089107677,0.04526210673963682,0.016884830489971244
83,0.011023200908235699,-0.005571424305528445,0.011463441899942039,0.031408818997804275,0.024284677758919196,0.06954678449855602,0.0055963231794228345
84,0.012195946670452283,0.006624522364923838,0.012636187662158627,0.0440450066599629,0.0021370708141381783,0.0716838553126942,0.008624459254139034
85,-0.0015142221069558894,0.005110300257967949,-0.0010739811152495476,0.042971025544713354,-0.0009134248157071784,0.07077043049698702,0.011372999636289518
86,-0.007790319633431974,-0.002680019375464025,-0.007350078641725634,0.03562094690298772,-0.002010970931281289,0.06875945956570573,0.012504432563672853
87,-0.005273023138065677,-0.007953042513529702,-0.004832782146359335,0.030788164756628385,-0.0011639590597832816,0.06759550050592245,0.01296714995475376
88,-0.015641270152782282,-0.023594312666311984,-0.015201029161075939,0.015587135595552446,-0.003470689759513257,0.06412481074640919,0.016105558614262865
89,0.02035390972651951,-0.003240402939792473,0.020794150718225855,0.0363812863137783,0.001749208742251665,0.06587401948866085,0.017148873407096088
90,-0.001035472505796062,-0.004275875445588535,-0.0005952315140897238,0.03578605479968858,0.0005052656292720281,0.06637928511793288,0.015476609405456287
91,0.016913305242876323,0.012637429797287788,0.01735354623458267,0.05313960103427125,-0.0002545262146041172,0.06612475890332876,0.02208732150772215
92,-0.004717966567142594,0.007919463230145194,-0.00427772557543625,0.048861875458835,0.004107088147704191,0.07023184705103296,0.01862757942063351
93,0.005861053284846455,0.01378051651499165,0.0063012942765527935,0.05516316973538779,0.0027469687390772324,0.07297881579011019,0.014850707537188992
94,0.002767766824488562,0.016548283339480212,0.003208007816194902,0.05837117755158269,0.002526170391097468,0.07550498618120766,0.015959868787909913
95,-0.01677795578342258,-0.0002296724439423692,-0.016337714791716237,0.042033462759866455,0.007887661662288478,0.08339264784349613,0.015144899206868716
96,0.02217537676776218,0.02194570432381981,0.02261561775946852,0.06464908051933498,-0.0031468759815950487,0.08024577186190109,0.017647459599261353
97,-0.004368476555468147,0.017577227768351664,-0.003928235563761803,0.06072084495557317,-0.0019414161401775376,0.07830435572172355,0.018637477241076027
98,-0.013488234685925691,0.004088993082425973,-0.01304799369421935,0.04767285126135382,0.0018136378853488982,0.08011799360707245,0.023120753921535335
99,0.008564385672009893,0.012653378754435866,0.009004626663716236,0.05667747792507006,-0.0017759666131461072,0.07834202699392634,0.024853413860616038
100,0.000394700452575383,0.013048079207011249,0.0008349414442817282,0.05751241936935179,-0.003204199123707424,0.07513782787021892,0.02021719378002913
101,0.0047122694557017765,0.017760348662713026,0.0051525104474081165,0.0626649298167599,0.0159702716004142,0.09110809947063311,0.010288878808992163
102,0.0016004924610881627,0.019360841123801188,0.0020407334527944992,0.0647056632695544,-0.0015810129621248586,0.08952708650850826,0.011473185494624984
103,-0.025370510683715798,-0.00600966955991461,-0.024930269692009455,0.03977539357754495,-0.0017409062856311996,0.08778618022287706,0.01596129202152525
104,-0.01016447291679122,-0.01617414247670583,-0.009724231925084877,0.030051161652460072,0.014293608004517872,0.10207978822739493,0.014958844882227765
105,-0.010604449978503135,-0.026778592455208965,-0.010164208986796795,0.019886952665663277,0.013945191313353561,0.11602497954074849,0.011960703453019174
106,0.01199851729941129,-0.014780075155797675,0.012438758291117635,0.03232571095678091,-0.0015283169238898692,0.11449666261685862,0.013395853808664466
107,0.00084515043962906,-0.013934924716168615,0.0012853914313354017,0.033611102388116314,0.007727036346027449,0.12222369896288607,0.008330867255435775
108,0.006613930154990954,-0.007320994561177662,0.007054171146697298,0.04066527353481361,-0.0005741200172918043,0.12164957894559426,0.011747519067011318
109,-0.0036690630398961534,-0.010990057601073815,-0.0032288220481898125,0.0374364514866238,0.012946065771887436,0.1345956447174817,0.009738916294403013
110,0.007238847159941856,-0.0037512104411319587,0.0076790881516482015,0.045115539638272,0.00010304861210547189,0.13469869332958717,0.007883413366295
111,-0.0014873586800561531,-0.005238569121188112,-0.001047117688349808,0.04406842194992219,0.00897548863722697,0.14367418196681414,0.006835514281589009
112,-0.0023611260839256788,-0.007599695205113791,-0.0019208850922193405,0.04214753685770285,-0.00475458205122925,0.1389195999155849,0.009402369381555148
113,0.002683845120278767,-0.004915850084835024,0.003124086111985107,0.04527162296968796,-0.0035795680250783612,0.13534003189050653,0.012124813423970263
114,0.0015992939952878754,-0.0033165560895471484,0.002039534986994218,0.04731115795668218,0.004737181348389963,0.1400772132388965,0.005524882939094988
115,0.032176421504795216,0.028859865415248067,0.03261666249650156,0.07992782045318374,0.0008649172973803076,0.1409421305362768,0.006782856337780089
116,-0.010290625870321837,0.01856923954492623,-0.00985038487861549,0.07007743557456825,-0.010179092888282948,0.13076303764799385,0.010093380643781761
117,-0.017978406259031826,0.0005908332858944043,-0.017538165267325483,0.052539270307242765,-0.009490949770101342,0.12127208787789251,0.01752547112267251
118,0.004435479203134502,0.005026312489028907,0.004875720194840845,0.05741499050208361,0.00756382106230391,0.12883590894019642,0.013800261599153086
119,-0.008726363042645707,-0.0037000505536168007,-0.008286122050939364,0.049128868451144246,0.008418115483624034,0.13725402442382045,0.012168038757975588
120,-0.026594068976357632,-0.030294119529974434,-0.02615382798465129,0.022975040466492958,0.00239301406161202,0.13964703848543247,0.009920614754588372
121,-0.012925933535432373,-0.043220053065406806,-0.012485692543726029,0.010489347922766928,-0.0004380691430036776,0.1392089693424288,0.011711323830578635
122,0.028315740222314863,-0.014904312843091943,0.028755981214021203,0.03924532913678813,-0.0067008389325439455,0.13250813040988485,0.014493978022192057
123,-0.010588177489654554,-0.025492490332746497,-0.010147936497948214,0.029097392638839918,-0.005129473763226061,0.1273786566466588,0.014747155839030923
124,-0.021686066263317642,-0.04717855659606414,-0.0212458252716113,0.00785156736722862,0.006968768861097069,0.13434742550775586,0.013018613225814081
125,0.02728522199457105,-0.01989333460149309,0.027725462986277392,0.03557703035350601,0.006671031195550958,0.14101845670330682,0.01355907570805997
126,-0.013358969531059722,-0.03325230413255281,-0.012918728539353379,0.022658301814152633,0.017585603659884458,0.15860406036319127,0.00757046717786147
127,0.03705963596370982,0.0038073318311570084,0.037499876955416164,0.0601581787695688,0.00931651804653752,0.1679205784097288,0.0042406099055802265
128,-0.004180270855188298,-0.0003729390240312892,-0.0037400298634819584,0.05641814890608684,0.005902183544736511,0.1738227619544653,0.0007229814899324862
129,0.022238773046432965,0.021865834022401675,0.0226790140381393,0.07909716294422614,-0.0021750915035155804,0.17164767045094972,0.0019712746549130134
130,-0.0026309804849803733,0.0192348535374213,-0.00219073949327403,0.07690642345095211,0.002000772416619473,0.1736484428675692,0.0024885926076136876
131,0.00593676758170009,0.02517162111912139,0.006377008573406437,0.08328343202435855,-0.006725865255659436,0.16692257761190976,0.005834689640532241
132,-0.0012267809675633769,0.023944840151558015,-0.0007865399758570368,0.08249689204850151,-0.010350432416335792,0.15657214519557397,0.00694497448116261
133,-0.0025414772131027406,0.021403362938455274,-0.0021012362213963937,0.08039565582710512,0.004515291179680692,0.16108743637525466,0.006633822970702489
134,0.0033842955738044994,0.024787658512259773,0.00382453656551085,0.08422019239261597,-0.0030900764858918517,0.1579973598893628,0.008232221821326926
135,0.006400056880341995,0.03118771539260177,0.0068402978720483315,0.0910604902646643,0.005212035261376952,0.16320939515073976,0.006417543095358207
136,0.002417455371844235,0.033605170764446,0.0028576963635505714,0.09391818662821487,-0.0008156746957830585,0.1623937204549567,0.007341596053548344
137,0.0011289243389275908,0.034734095103373594,0.0015691653306339343,0.0954873519588488,-0.01023357252172069,0.152160147933236,0.009256045162406084
138,-0.008631546822021996,0.026102548281351598,-0.00819130583031566,0.08729604612853314,-0.013622781150166852,0.13853736678306916,0.013348299052518059
139,-0.000766466022242604,0.025336082259108994,-0.0003262250305362674,0.08696982109799688,-0.001561279034909463,0.1369760877481597,0.015116799760114841
140,0.020281638460115867,0.04561772071922486,0.020721879451822203,0.10769170054981908,0.01079172547970017,0.14776781322785987,0.011820214759861739
141,-0.009154387296841246,0.036463333422383615,-0.00871414630513491,0.09897755424468417,-0.0001566155409408465,0.14761119768691902,0.015924645746945743
142,0.003749507869214047,0.04021284129159766,0.004189748860920384,0.10316730310560455,-0.006149819097771625,0.1414613785891474,0.01704500893533819
143,0.015466220525860816,0.05567906181745848,0.015906461517567153,0.11907376462317171,-0.006799493677578428,0.13466188491156897,0.019005586595732378
144,0.00650846818882346,0.06218753000628194,0.006948709180529811,0.12602247380370152,0.015444757941210918,0.1501066428527799,0.009905704405581086
145,0.012143856472118408,0.07433138647840035,0.012584097463824745,0.13860657126752626,-0.006004892193733957,0.14410175065904593,0.013848863295899965
146,-0.013530881707168568,0.06080050477123178,-0.013090640715462232,0.12551593055206403,-0.01306178763401114,0.1310399630250348,0.021575498795491137
147,0.00378175438003385,0.06458225915126563,0.0042219953717402,0.12973792592380423,-0.004444365031910008,0.12659559799312478,0.020135694367461206
148,-0.0032217810345928355,0.06136047811667279,-0.002781540042886499,0.12695638588091773,0.004323503879005736,0.13091910187213052,0.018587092677943586
149,-0.002715386657709179,0.058645091458963614,-0.0022751456660028424,0.12468124021491489,0.00360999680634283,0.13452909867847335,0.02197402656246917
150,0.018998286178086785,0.0776433776370504,0.019438527169793107,0.144119767384708,-0.013295924241246634,0.12123317443722671,0.030716987198550337
151,-0.002524802939152068,0.07511857469789833,-0.0020845619474457178,0.14203520543726228,0.012783314852284608,0.13401648928951132,0.028105559081428387
152,0.004188403651964004,0.07930697834986233,0.004628644643670354,0.14666385008093263,0.004166174189699251,0.13818266347921057,0.0344095629872341
153,-0.021673384183513708,0.057633594166348626,-0.021233143191807358,0.12543070688912528,0.0012810603803816156,0.1394637238595922,0.03490511819643928
154,0.022221797021062625,0.07985539118741125,0.022662038012768976,0.14809274490189425,-0.00948335413596571,0.12998036972362648,0.03988935099848416
155,0.011342439906699336,0.09119783109411059,0.011782680898405673,0.15987542580029993,0.004408847352659756,0.13438921707628623,0.03476538898281702
156,-0.0003133842273633086,0.09088444686674728,0.00012685676434304183,0.16000228256464297,-0.023878709965911724,0.11051050711037451,0.03870485606699328
157,-0.00375452178987451,0.08712992507687277,-0.0033142807981681732,0.1566880017664748,-0.0031717739643033482,0.10733873314607116,0.04857503118991624
158,0.00779999595722948,0.09492992103410225,0.008240236948935803,0.1649282387154106,-0.012915200856717948,0.09442353228935321,0.054803746834647823
159,0.015293225378839648,0.1102231464129419,0.015733466370545984,0.18066170508595658,-0.003763667471872331,0.09065986481748088,0.056953633291827226
160,0.02243073971261808,0.13265388612555998,0.022870980704324445,0.20353268579028103,-0.004674654722497451,0.08598521009498343,0.06411313284204416
161,0.01089090040446361,0.1435447865300236,0.011331141396169947,0.21486382718645097,0.0005124973547636219,0.08649770744974705,0.07839423912126153
162,0.0012976283818376677,0.14484241491186126,0.0017378693735440043,0.21660169655999498,0.02566164980004297,0.11215935724979002,0.06936132547213912
163,0.012926815585682594,0.15776923049754385,0.01336705657738893,0.2299687531373839,-0.000541085992010637,0.11161827125777939,0.06809898930556976
164,0.010315917737113878,0.16808514823465773,0.010756158728820242,0.24072491186620415,0.007477115127507469,0.11909538638528686,0.06006732236299116
165,0.0013461553081929312,0.16943130354285066,0.0017863962998992955,0.24251130816610345,0.009875577205869873,0.12897096359115673,0.0600287568449501
166,0.009919289961923955,0.1793505935047746,0.010359530953630292,0.25287083911973374,0.006076547883436617,0.13504751147459335,0.05607385911386938
167,0.009666125608587844,0.18901671911336246,0.010106366600294181,0.2629772057200279,-0.004177122343315298,0.13087038913127805,0.062349606973024406
168,-0.0003843007825942435,0.18863241833076821,5.5940209112093076e-05,0.26303314592914,-0.004864070970429651,0.1260063181608484,0.05257224917746747
169,-0.0060704823419446,0.18256193598882361,-0.005630241350238263,0.25740290457890175,0.020133481401605424,0.14613979956245382,0.05004493235362905
170,0.008491400936481625,0.19105333692530524,0.008931641928187961,0.2663345465070897,-0.02073432772554537,0.12540547183690845,0.04233908630321924
171,-0.012312408431800342,0.1787409284935049,-0.011872167440094006,0.2544623790669957,0.03182789651514148,0.15723336835204993,0.033324811878263375
172,-0.014867987283730927,0.16387294120977397,-0.01442774629202459,0.2400346327749711,0.005820721156662656,0.16305408950871259,0.025175783516122208
173,0.004390179757389673,0.16826312096716364,0.004830420749096009,0.24486505352406712,0.0014829396758574975,0.16453702918457008,0.024814617906648972
174,0.008128903542352267,0.1763920245095159,0.008569144534058604,0.2534341980581257,0.003909357169989108,0.1684463863545592,0.026286999396687733
175,0.004293890252413363,0.18068591476192927,0.004734131244119699,0.2581683293022454,0.009656183941722352,0.17810257029628154,0.029290262073405227
176,0.005673757360915521,0.1863596721228448,0.00611399835262183,0.26428232765486726,-0.00908981843193643,0.1690127518643451,0.037994606497894004
177,-0.0255351290250678,0.160824543097777,-0.025094888033361462,0.2391874396215058,0.017700640675034435,0.18671339253937955,0.030061016196507532
178,0.007903949804178245,0.16872849290195524,0.008344190795884582,0.24753163041739037,0.001915036175229562,0.1886284287146091,0.030762662095856305
179,0.019054440045631726,0.18778293294758697,0.019494681037338063,0.26702631145472844,-0.003519540168542612,0.1851088885460665,0.028632031253942713
180,0.011125185576676327,0.1989081185242633,0.011565426568382664,0.2785917380231111,0.005303316751731207,0.1904122052977977,0.021210604908769352
181,0.010711688715501988,0.20961980723976528,0.011151929707208352,0.28974366773031945,-0.0044463770242713085,0.1859658282735264,0.027073546654061174
182,0.003393217179650465,0.21301302441941575,0.0038334581713568294,0.2935771259016763,-0.0076679329319448986,0.1782978953415815,0.02394176949715579
183,0.0038652345733220517,0.2168782589927378,0.004305475565028416,0.2978826014667047,0.002905129291001507,0.181203024632583,0.022791686163422167
184,-0.001399456754928502,0.2154788022378093,-0.0009592157632221654,0.29692338570348253,-0.0010205006761040136,0.180182523956479,0.024353644176106394
185,0.0052895385709425535,0.22076834080875185,0.005729779562648918,0.30265316526613145,0.007439057264210486,0.18762158122068948,0.02455813023324121
186,-0.012877071171776167,0.20789126963697568,-0.012436830180069802,0.29021633508606165,0.00598386841566928,0.19360544963635876,0.02398647403406164
187,0.01912381541968189,0.22701508505665757,0.019564056411388253,0.3097803914974499,-0.00035870975952581596,0.19324673987683294,0.023531823005000698
188,-0.009900146574467583,0.21711493848219,-0.009459905582761219,0.3003204859146887,-0.009483206171652075,0.18376353370518086,0.02305580580379991
189,0.011097483359050558,0.22821242184124055,0.011537724350756895,0.3118582102654456,-0.004421426190874489,0.17934210751430638,0.022076374455849333
190,0.01720255954824948,0.24541498138949003,0.017642800539955816,0.3295010108054014,0.003623706851212133,0.1829658143655185,0.021507803560459927
191,0.011065165839454383,0.2564801472289444,0.011505406831160747,0.34100641763656214,0.0088122049610862,0.1917780193266047,0.021403169680071873
192,0.02978490248845128,0.2862650497173957,0.030225143480157646,0.3712315611167198,-0.005521095693620998,0.1862569236329837,0.02568291777341601
193,-0.024782778335007416,0.2614822713823883,-0.02434253734330105,0.34688902377341874,-0.014131732552220472,0.17212519108076324,0.03083871327157352
194,-0.005307240899509458,0.2561750304828788,-0.0048669999078030934,0.34202202386561564,-0.009475342081081917,0.16264984899968132,0.035253838538732714
195,0.01695801772383726,0.2731330482067161,0.017398258715543624,0.35942028258115927,0.016272751107324734,0.17892260010700606,0.03508711307588774
196,-0.015310042748005237,0.25782300545871084,-0.014869801756298928,0.34455048082486034,0.004757655347421369,0.18368025545442743,0.02352968330966041
197,-0.009545946904134184,0.24827705855457666,-0.00910570591242782,0.3354447749124325,-0.0023468490860412416,0.18133340636838619,0.021150808964034807
198,0.007063375966650298,0.25534043452122696,0.0075036169583566625,0.3429483918707892,0.018794719485382277,0.20012812585376846,0.011271427741932228
199,-0.060928748867178695,0.19441168565404826,0.12499732440504652,0.4679457162758357,0.002090884098916612,0.20221900995268507,0.01513774417009262
200,0.006246946611591447,0.2006586322656397,0.0026411492333409115,0.4705868655091766,0.002438716867090407,0.20465772681977548,0.019995906640810888
201,0.002200908241634575,0.20285954050727428,0.003787262773641664,0.4743741282828183,-0.0032772168088315845,0.2013805100109439,0.016460678795983855
202,0.0033470217819353,0.20620656228920958,-0.007978577715339386,0.4663955505674789,-0.0029176911575226894,0.1984628188534212,0.016623640788580064
203,-0.008418818707045694,0.1977877435821639,0.0033786166885962365,0.4697741672560751,0.0024683709919739727,0.20093118984539518,0.011252865838874075
204,0.002938375696889872,0.20072611927905376,-0.004061201589258934,0.4657129656668162,-0.0033430676068579024,0.19758812223853728,0.016214955664970065
205,-0.004501442580965298,0.19622467669808846,-0.002449783063585953,0.46326318260323024,-0.004600210842917951,0.19298791139561933,0.02002414538201638
206,-0.0028900240552923173,0.19333465264279615,0.011350428485129183,0.4746136110883594,0.004493259930876958,0.19748117132649629,0.013657256623223401
207,0.010910187493422818,0.20424484013621896,-0.015434545108923226,0.4591790659794362,-0.007102827049452559,0.19037834427704373,0.01746340756129125
208,-0.015874786100629534,0.18837005403558943,-0.028501328665339165,0.43067773731409703,0.00421940598840348,0.1945977502654472,0.014212549771483412
209,-0.02894156965704553,0.1594284843785439,0.010341450531665741,0.4410191878457628,0.0058711327653225565,0.20046888303076976,0.013495936692439195
210,0.009901209539959405,0.1693296939185033,0.0033913917023910556,0.44441057954815383,0.011131760333018048,0.2116006433637878,0.009153361255039596
211,0.0029511507106846913,0.172280844629188,0.01762674387627816,0.462037323424432,0.002141133256418737,0.21374177662020655,0.007864622981712314
212,0.017186502884571797,0.1894673475137598,-0.00879475298807847,0.4532425704363535,-0.0024571332791267775,0.21128464334107977,0.008724147449805202
213,-0.009234993979784833,0.18023235353397496,-0.000336277278622954,0.45290629315773057,-0.005601361937996152,0.20568328140308362,0.006418488685128605
214,-0.0007765182703293183,0.17945583526364564,0.002060157696309184,0.45496645085403975,0.013391808948078399,0.21907509035116202,0.0018513835055239914
215,0.001619916704602875,0.18107575196824852,-0.006589269629705574,0.4483771812243342,-0.00030664232899219046,0.21876844802216983,0.002625830208218005
216,-0.007029510621411911,0.1740462413468366,-0.01028996390013226,0.4380872173242019,-0.0030606276510186936,0.21570782037115113,0.005293302452872108
217,-0.010730204891838568,0.16331603645499804,0.011023690511722306,0.4491109078359242,-0.043187235254102174,0.17252058511704896,0.009523342909387535
218,0.010583449520015997,0.17389948597501403,-0.016514379369281684,0.43259652846664254,-0.1068868373359684,0.06563374778108055,0.011784108545973542
219,-0.01695462036098805,0.15694486561402599,-0.012210150487416527,0.420386377979226,0.0016393666266419915,0.06727311440772255,0.010997074456313932
220,-0.012650391479122863,0.14429447413490312,-0.0007520656620534916,0.4196343123171725,-0.0006338090036691058,0.06663930540405344,0.01590946787008183
221,-0.0011923066537598281,0.1431021674811433,0.012594913673278696,0.4322292259904512,0.005173164244114112,0.07181246964816755,0.015660494328807867
222,0.012154672681572332,0.15525684016271563,-0.005827039841741155,0.42640218614871006,0.0019059713645245696,0.07371844101269212,0.0190670406649117
223,-0.006267280833447492,0.14898955932926813,-0.00734372356292784,0.4190584625857822,-0.014216672159887409,0.05950176885280471,0.024578930147503168
224,-0.007783964554634176,0.14120559477463396,-0.0014847836869293363,0.4175736788988529,-0.0028911329005275876,0.056610635952277125,0.02578052556579385
225,-0.0019250246786356728,0.13928057009599829,0.005459257659162164,0.42303293655801505,-0.015854178058689494,0.04075645789358763,0.0335232622549095
226,0.005019016667455828,0.1442995867634541,-0.0034192286627396373,0.4196137078952754,-0.02910919840206286,0.011647259491524769,0.04723751406748909
227,-0.0038594696544460017,0.1404401171090081,0.01434520950824636,0.43395891740352177,-0.00932897221091275,0.0023182872806120185,0.04407709603139954
228,0.013904968516540023,0.15434508562554813,0.014942015763962702,0.4489009331674845,0.005071414499401572,0.00738970178001359,0.05363066850535094
229,0.014501774772256365,0.1688468603978045,-0.0007527066836970908,0.4481482264837874,0.0060881361428688305,0.013477837922882421,0.05051109406619185
230,-0.0011929476754033996,0.1676539127224011,0.025479918703554927,0.4736281451873423,0.0092881517088593,0.022765989631741722,0.05353298264439534
231,0.025039677711848563,0.19269359043424966,0.00177359103871233,0.47540173622605464,-0.005913712736869754,0.016852276894871968,0.052992187990057414
232,0.0013333500470059934,0.19402694048125566,0.014458822364409263,0.4898605585904639,0.022161764892341687,0.039014041787213655,0.04275362791444248
233,0.014018581372702899,0.20804552185395855,0.005095763161525768,0.49495632175198967,0.004544702119874948,0.0435587439070886,0.04012414142847259
234,0.004655522169819404,0.21270104402377796,0.004854342623365038,0.4998106643753547,-0.027954732764143755,0.015604011142944848,0.04634163332908855
235,0.004414101631658673,0.21711514565543663,-0.01912719709789984,0.48068346727745487,-0.031019242817284978,-0.01541523167434013,0.05256276272988856
236,-0.019567438089606204,0.19754770756583043,-0.0131782456810291,0.46750522159642577,-0.002470126409189387,-0.017885358083529517,0.05906957471692606
237,-0.013618486672735436,0.183929220893095,-0.002794395885143741,0.464710825711282,-0.015360599392575763,-0.03324595747610528,0.06390354599714616
238,-0.00323463687685005,0.18069458401624494,0.014833677606427953,0.47954450331771,-0.015129725219638943,-0.04837568269574422,0.06369115058091579
239,0.014393436614721589,0.19508802063096653,0.005280185632520251,0.48482468895023023,-0.0031097314323697556,-0.05148541412811398,0.06812933537159005
240,0.004839944640813887,0.19992796527178042,-0.0026831767067859724,0.48214151224344426,0.011940494512906977,-0.039544919615207,0.057456155779974885
241,-0.003123417698492309,0.1968045475732881,0.008700293730475539,0.4908418059739198,-0.0027567590859511465,-0.04230167870115815,0.051667597677511556
242,0.008260052738769202,0.2050646003120573,0.0143027403638043,0.5051445463377241,0.010255233869526807,-0.03204644483163134,0.04620502321226282
243,0.013862499372097908,0.21892709968415522,0.0009793355783084268,0.5061238819160325,-0.0008554214026899112,-0.03290186623432125,0.051991734683143484
244,0.0005390945866021457,0.21946619427075736,0.0037100114781507543,0.5098338933941833,-0.021061859967351597,-0.05396372620167285,0.05454448961516179
245,0.0032697704864444177,0.22273596475720178,0.002052516763235812,0.5118864101574191,0.0045878245559419426,-0.049375901645730906,0.05683172966193552
246,0.0016122757715294755,0.22434824052873126,0.00018406989465713508,0.5120704800520762,-0.01638670061147946,-0.06576260225721037,0.06478346055415521
247,-0.000256171097049257,0.224092069431682,-0.008921084210472219,0.503149395841604,0.00920833042431507,-0.0565542718328953,0.06013788467583699
248,-0.009361325202178528,0.21473074422950347,-0.009828889265807661,0.49332050657579635,0.0028619060882164593,-0.05369236574467884,0.06317361290584705
249,-0.010269130257514025,0.20446161397198945,0.008616068046358671,0.501936574622155,-0.025234441157620205,-0.07892680690229904,0.05898542375769232
250,0.00817582705465228,0.21263744102664173,0.014572801922776324,0.5165093765449313,0.018592944727211513,-0.06033386217508753,0.046673132472797745
251,0.014132560931069932,0.22677000195771166,-0.002706924158127011,0.5138024523868043,0.0017937761382034803,-0.05854008603688405,0.05059237784767661
252,-0.003147165149833292,0.22362283680787837,-0.002989444059587343,0.510813008327217,0.0077536853842160025,-0.05078640065266805,0.045941140069899605
253,-0.003429685051293707,0.22019315175658466,-0.022174076950071175,0.4886389313771458,0.0006020581652272303,-0.05018434248744082,0.04432632777961626
254,-0.022614317941777484,0.19757883381480718,-0.024182402653778745,0.46445652872336707,0.027622593678025237,-0.02256174880941558,0.0431843577443498
255,-0.02462264364548511,0.17295619016932207,0.018082519864431046,0.4825390485877981,-0.011601667114770061,-0.03416341592418564,0.051336909016927244
256,0.01764227887272468,0.19059846904204675,-0.008165128007663836,0.4743739205801343,0.006753179873910033,-0.027410236050275608,0.05527009959901794
257,-0.008605368999370172,0.18199310004267658,-0.036450081764378306,0.437923838815756,0.011388285398279858,-0.01602195065199575,0.054499374112752796
258,-0.03689032275608467,0.1451027772865919,0.031393833718394604,0.4693176725341506,-0.025799379852531328,-0.04182133050452708,0.0638312354580152
259,0.030953592726688295,0.1760563700132802,-0.006150477240771224,0.46316719529337935,-0.019957178625052904,-0.06177850912957998,0.080045214207867
260,-0.00659071823247756,0.16946565178080264,-0.01876675580982562,0.44440043948355373,0.02460441687425019,-0.03717409225532979,0.07239619121760298
261,-0.019206996801531984,0.15025865497927066,0.0021527692549603294,0.44655320873851406,0.0005992474633220446,-0.036574844792007746,0.07290927415822171
262,0.0017125282632539929,0.15197118324252465,0.010862691534039626,0.4574159002725537,-0.01683992756556793,-0.05341477235757568,0.07025965644916608
263,0.01042245054233329,0.16239363378485794,0.00931958727388904,0.46673548754644273,0.030414057531202313,-0.023000714826373364,0.06448555769880875
264,0.008879346282182704,0.17127298006704064,-0.09997756474000413,0.3667579228064386,0.004390428537895327,-0.018610286288478037,0.06285934961666957
265,-0.05261414195464821,0.11865883811239243,-0.004675955004965537,0.36208196780147306,-0.016681687345487542,-0.03529197363396558,0.06753738216157772
266,0.01728853066547313,0.13594736877786556,0.0025560364813729253,0.364638004282846,-0.020064164728733,-0.05535613836269858,0.07714345384171015
267,0.01814571699614842,0.15409308577401398,0.020613064981754414,0.3852510692646004,-0.030875457768302597,-0.08623159613100118,0.08658135825892724
268,0.018791081055750114,0.1728841668297641,-0.01095755300131629,0.3742935162632841,0.02000039272527082,-0.06623120340573035,0.08557498736202096
269,0.0037126072785297337,0.17659677410829383,0.0065983430087714345,0.38089185927205554,-0.015203510804933207,-0.08143471421066356,0.08299025481979327
270,-0.004098649687484857,0.17249812442080897,0.008930849358779136,0.3898227086308347,0.007256860317881961,-0.0741778538927816,0.08807002674880067
271,-0.0051921479088433975,0.16730597651196558,0.015360551147053592,0.40518325977788827,-0.002108095405486718,-0.07628594929826832,0.07967602715039265
272,-0.019267480178106283,0.1480384963338593,-0.009010326389673806,0.39617293338821447,0.004243161172108503,-0.07204278812615982,0.07625380974308328
273,-0.006328650663431357,0.14170984567042794,-0.009510041928493973,0.3866628914597205,0.004786290582632552,-0.06725649754352726,0.07086458564115694
274,-0.029705614571856054,0.11200423109857188,-0.0013585723351070556,0.38530431912461344,0.005620829706420673,-0.06163566783710659,0.06601713624476374
275,-0.02078827162650354,0.09121595947206834,-0.0011060699679359964,0.38419824915667744,0.00482957217315938,-0.05680609566394721,0.05736801380537688
276,0.003579526967597793,0.09479548643966614,-0.01180688888732373,0.3723913602693537,0.022118095946888718,-0.03468799971705849,0.04317000748893988
277,-0.0027330274028952994,0.09206245903677084,0.009248277375400793,0.3816396376447545,-0.023915871378825823,-0.058603871095884316,0.05177224104580229
278,0.0030216808805042517,0.09508413991727509,0.007911133212853971,0.3895507708576085,-0.0012498872321438786,-0.059853758328028195,0.05834294746203875
279,0.009364698308403599,0.10444883822567869,0.026538984512867403,0.4160897553704759,0.0064472736282391516,-0.05340648469978904,0.06435392204208476
280,0.005310251947589495,0.10975909017326818,-0.0029694139934559605,0.4131203413770199,-0.005658545671047913,-0.059065030370836956,0.06169891252376103
281,0.004193745689967679,0.11395283586323586,-0.012105816310264084,0.40101452506675583,-0.004688932089249649,-0.0637539624600866,0.07103080056046968
282,-0.0006380535077033511,0.11331478235553251,-0.010298322704107132,0.3907162023626487,-0.005242400131303865,-0.06899636259139047,0.08380967785323329
283,-0.009034325252491926,0.10428045710304058,0.005111193635210565,0.39582739599785927,0.032353884432147526,-0.036642478159242944,0.07113934240049984
284,-0.015219640871418486,0.0890608162316221,-0.008745367023985595,0.38708202897387367,0.006538058119205735,-0.03010442004003721,0.08744358324601448
285,-0.0060136767687068715,0.08304713946291523,0.01021519493355666,0.39729722390743033,-0.01280975119673318,-0.04291417123677039,0.09755871621563406
286,-0.0004312591990093123,0.08261588026390591,-0.007326499318442925,0.3899707245889874,-0.009291208721164734,-0.05220537995793512,0.10617289536955783
287,0.0011035592814070544,0.08371943954531297,0.0032677154972655664,0.39323844008625297,0.00604601313472649,-0.046159366823208633,0.10296111525429939
288,0.0118004893861261,0.09551992893143907,4.300017853164917e-05,0.3932814402647846,0.008924252966478127,-0.037235113856730506,0.08472519723574475
289,-0.0015521497049546945,0.09396777922648437,-0.010435617961995547,0.3828458223027891,-0.017635877668361208,-0.054870991525091714,0.08069688033987599
290,0.007368772243763935,0.10133655147024831,-0.017429569565943603,0.36541625273684547,0.0018813097251809963,-0.05298968179991072,0.07493208873669963
291,-0.017785458640738938,0.08355109282950937,0.01662216284763296,0.38203841558447843,-0.022754315731671818,-0.07574399753158254,0.07983380864630119
292,0.0037605708284391692,0.08731166365794854,0.00547856514161299,0.3875169807260914,-0.00044900757555553505,-0.07619300510713807,0.08110599198699472
293,0.002851031838700821,0.09016269549664936,-0.013669140234783772,0.37384784049130765,0.013371414162227147,-0.06282159094491092,0.07614617451937027
294,0.01729359241220972,0.10745628790885908,-0.012608135515175534,0.3612397049761321,-0.0336586087848776,-0.09648019972978852,0.08726866520493845
295,-0.002722189465085942,0.10473409844377314,0.02606304192238168,0.3873027468985138,-0.0015591279900648847,-0.09803932771985341,0.08681845595035825
296,-0.029902932952132463,0.07483116549164068,-0.009651576240181536,0.37765117065833226,0.01795583826245993,-0.08008348945739348,0.07236915640288606
297,-0.003242036583452762,0.07158912890818792,0.021197626433614725,0.398848797091947,-0.01813285671499966,-0.09821634617239314,0.07995991553559656
298,0.009459779577002642,0.08104890848519056,0.004037031123737711,0.4028858282156847,-0.007303484265319488,-0.10551983043771263,0.06594420818081885
299,-0.014364722171035307,0.06668418631415525,-0.019910738299854014,0.3829750899158307,-0.013067973733568355,-0.11858780417128098,0.06692438611951892
300,0.0034256005227360636,0.07010978683689131,-0.004437470693002377,0.3785376192228283,0.0010345422836700036,-0.11755326188761098,0.06435606897328636
301,-0.014941238854207471,0.05516854798268384,0.011137284815885107,0.3896749040387134,-0.010392292674658049,-0.12794555456226903,0.06273334455475632
302,0.023405438585760822,0.07857398656844466,-0.021462949083329408,0.368211954955384,-0.02381506908333439,-0.15176062364560342,0.07295796209486786
303,-0.004881581360059714,0.07369240520838495,-0.0063768351405862345,0.36183511981479777,-0.0021149206595745818,-0.153875544305178,0.08283187416286462
304,-0.015680725014029895,0.058011680194355056,-0.007007388849747109,0.35482773096505066,0.037727509440399265,-0.11614803486477873,0.06744901427592065
305,-0.006099567596222294,0.05191211259813276,0.0077170883696832115,0.36254481933473387,0.00154866307443767,-0.11459937179034106,0.06021687710039226
306,0.003503856196085911,0.05541596879421867,0.006544992231001467,0.36908981156573534,0.00655653611370953,-0.10804283567663153,0.06073428751316182
307,0.00695279061829384,0.06236875941251251,0.007678067684414092,0.37676787925014943,0.015747029095530107,-0.09229580658110142,0.06137422752209717
308,0.01651575559874028,0.07888451501125279,0.0038636712837414877,0.3806315505338909,-0.014610522930296452,-0.10690632951139788,0.06915984701033381
309,-0.007561368758480652,0.07132314625277214,0.006522601409086282,0.3871541519429772,-0.03075658544190278,-0.13766291495330066,0.07760602958401126
310,0.010071200102473352,0.08139434635524549,-0.015260206755498829,0.37189394518747837,0.0024768857429105506,-0.1351860292103901,0.07254678226376256
311,-0.020777300151272653,0.06061704620397284,0.003943905709174911,0.3758378508966533,0.032329789681863036,-0.10285623952852707,0.05969547040658037
312,-0.012571826681579266,0.04804521952239357,0.019182605863217017,0.3950204567598703,-0.0031547351389480116,-0.10601097466747508,0.06097199752610562
313,-0.017478137944925292,0.03056708157746828,0.0013039895685367786,0.3963244463284071,0.007391218169844518,-0.09861975649763056,0.06458745573579702
314,-0.009702961085447315,0.020864120492020966,-0.0069075860416855095,0.38941686028672157,0.0053672628864490785,-0.09325249361118149,0.06573485793359679
315,0.00945251829806272,0.030316638790083686,-0.005821396942917445,0.3835954633438041,-0.0010111226267842943,-0.09426361623796578,0.07114368112357733
316,-0.007276150698180689,0.023040488091902997,0.01806715447457663,0.40166261781838075,0.003952960236980538,-0.09031065600098524,0.07459933544339437
317,-0.005092468768863694,0.017948019323039303,-0.02949870397608889,0.37216391384229186,0.021042445526374687,-0.06926821047461056,0.06846239224596873
318,0.0038472208923291187,0.02179524021536842,0.03301798410396417,0.40518189794625603,0.005938294588954729,-0.06332991588565583,0.04871231041261693
319,0.00639498926944539,0.02819022948481381,-0.023502394744770172,0.38167950320148586,-0.050283174611062784,-0.11361309049671861,0.05773713056906736
320,-0.0047269254764638405,0.02346330400834997,-0.0027065993138515876,0.37897290388763427,0.007652191001846026,-0.10596089949487258,0.04857261407458162
321,-0.01265092205752257,0.0108123819508274,-0.01312789991785468,0.3658450039697796,0.019469973373288874,-0.08649092612158371,0.03934329693041276
322,0.020755128320122516,0.031567510270949915,0.00750764268911952,0.3733526466588991,0.0004365443884356557,-0.08605438173314806,0.04118521511543915
323,-0.0046466829036485545,0.02692082736730136,-0.31494756096200194,0.058405085696897174,0.0021319429716194355,-0.08392243876152862,0.035999887129481524
324,-0.003452500506925752,0.02346832686037561,-0.020904941811448065,0.03750014388544911,4.153759994920958e-05,-0.08388090116157941,0.030403762318745996
325,-0.001933585575030962,0.021534741285344647,-0.004019912463456184,0.033480231421992926,-0.007674021767839087,-0.0915549229294185,0.03707288808987166
326,0.0077610139675228056,0.029295755252867452,-0.0012948992853680091,0.03218533213662492,-0.002965015220795411,-0.09451993815021391,0.037871615732239704
327,-0.018368511177469838,0.010927244075397614,-0.013006354806396205,0.019178977330228712,0.008025006051403008,-0.0864949320988109,0.03089120695257788
328,0.026320629822935683,0.0372478738983333,0.004923535978899565,0.024102513309128278,0.01270806028142206,-0.07378687181738884,0.02516103366285448
329,-0.0037906676627012803,0.03345720623563202,0.003134451865558753,0.02723696517468703,0.004923366766927645,-0.0688635050504612,0.02555659598304588
330,-0.09832284371117525,-0.06486563747554323,-0.0031799211297105848,0.024057044044976446,0.0027988841326043734,-0.06606462091785682,0.0276793980684244
331,0.002530358088378974,-0.06233527938716426,0.0006782000843342205,0.024735244129310666,0.007107097215468622,-0.0589575237023882,0.02035052665669786
332,0.023739636815604565,-0.038595642571559695,-0.003413619516248384,0.021321624613062282,-0.0022212565835655687,-0.06117878028595377,0.020143035839626827
333,0.021472638640278166,-0.01712300393128153,-0.020589727132639953,0.0007318974804223291,0.013724094127668354,-0.047454686158285415,0.02163645703784469
334,0.007857999957779733,-0.009265003973501796,0.006972942147625266,0.0077048396280475955,-0.0005211326053286766,-0.04797581876361409,0.02352371207452966
335,-0.010489736260879836,-0.019754740234381632,-0.03141327055251603,-0.02370843092446844,0.0016627035455280825,-0.04631311521808601,0.02389197330557121
336,0.015735531346991793,-0.0040192088873898385,0.004331007266666909,-0.01937742365780153,-8.604560380087029e-05,-0.04639916082188688,0.021878018189053022
337,-0.020857495793726966,-0.024876704681116805,-0.015691030326037688,-0.03506845398383922,0.0064017048871740576,-0.03999745593471282,0.020180258604672034
338,-0.010910232407389042,-0.035786937088505846,0.0053008750311875075,-0.02976757895265171,0.00649493632142438,-0.03350251961328844,0.01727702492613604
339,-0.0005686793713366098,-0.036355616459842456,0.0057513141520501194,-0.02401626480060159,0.003641159904469532,-0.02986135970881891,0.012979161072720062
340,-0.019896151851712222,-0.05625176831155468,0.005784071348508214,-0.018232193452093377,-0.0030808376250411468,-0.03294219733386006,0.010531755869281387
341,-0.006126406643230227,-0.062378174954784905,0.011189879573244285,-0.007042313878849092,-0.006083078532803744,-0.0390252758666638,0.013547150531414018
342,0.010347335330798839,-0.05203083962398607,0.016669723673298047,0.009627409794448955,-0.001957943383891124,-0.040983219250554925,0.016558803299694343
343,-0.00853474748095226,-0.060565587104938326,-0.004586147635713903,0.0050412621587350515,0.0030676691131229852,-0.03791555013743194,0.017313468134310065
344,0.010989419610011202,-0.049576167494927124,0.010862636092811118,0.01590389825154617,-0.01696816501161353,-0.05488371514904547,0.022800314670033656
345,0.030477197113273482,-0.019098970381653643,-0.004881375940144745,0.011022522311401424,0.0008363569552353525,-0.05404735819381012,0.02300579236804001
346,0.005343830356801874,-0.013755140024851769,0.004856471979609223,0.015878994291010647,0.011840472141157951,-0.042206886052652166,0.02006315752781132
347,0.010749638581537943,-0.0030055014433138256,0.012894219475655173,0.02877321376666582,0.004827764892747069,-0.0373791211599051,0.017261608328157357
348,0.016229482681591703,0.013223981238277878,-0.009516033680262853,0.019257180086402967,0.008665983454319522,-0.028713137705585576,0.013207835281716575
349,-0.005026388627420246,0.008197592610857632,-0.02833426701437314,-0.009077086927970174,0.005416514983125599,-0.023296622722459977,0.009554787517146314
350,0.010422395101104775,0.018619987711962407,-0.01063041240209166,-0.019707499330061835,0.004821117048873325,-0.01847550567358665,0.00887744532219083
351,-0.005321616931851087,0.01329837078011132,0.014921523123424775,-0.004785976206637061,-0.004578676889795692,-0.023054182563382344,0.010140351535212973
352,0.004416230987902885,0.017714601768014204,-0.012087561252294687,-0.016873537458931748,-0.005543495192709504,-0.028597677756091847,0.013845489713010629
353,0.01245397848394883,0.030168580251963034,0.014117816063579638,-0.0027557213953521096,-0.001001496932430443,-0.02959917468852229,0.015184053219797593
354,-0.009956274671969197,0.020212305579993838,-0.010572694305089387,-0.013328415700441496,-0.010182747323425969,-0.03978192201194826,0.02349836431678934
355,-0.028774508006079485,-0.008562202426085647,-0.0018916218083525407,-0.015220037508794037,0.004462441914617643,-0.035319480097330616,0.022844182591250147
356,-0.011070653393798004,-0.01963285581988365,0.0007275374838317007,-0.014492500024962336,-0.0009699834154373449,-0.03628946351276796,0.0286400718199169
357,0.014481282131718433,-0.005151573688165219,-0.012141287563754287,-0.026633787588716623,0.012552211979093883,-0.023737251533674078,0.022187938304227967
358,-0.012527802244001032,-0.01767937593216625,-0.0017549737754316702,-0.028388761364148293,-0.009564035198141856,-0.033301286731815934,0.02758643437533903
359,0.013677575071873296,-0.004001800860292955,-0.018798499721453664,-0.04718726108560196,-0.00032550147782255123,-0.033626788209638485,0.027380454042689194
360,-0.011012935296795728,-0.015014736157088683,-0.003522113507074133,-0.05070937459267609,-0.0019057989555553087,-0.035532587165193794,0.022539002008366393
361,-0.0023318628000588842,-0.017346598957147567,-0.0003122698074895999,-0.05102164440016569,0.002638657949750947,-0.032893929215442846,0.026588992572635466
362,0.0002872964921253572,-0.01705930246502221,-0.027835125027135747,-0.07885676942730144,-0.005539502734810124,-0.03843343195025297,0.03422834894925386
363,-0.01258152855546063,-0.02964083102048284,-0.010727805355805961,-0.0895845747831074,-0.0012920302826477242,-0.039725462232900695,0.03676004809237016
364,-0.0021952147671380103,-0.03183604578762085,0.004459732235416208,-0.08512484254769119,0.0017989956677743474,-0.03792646656512635,0.03459667228784965
365,-0.019238740713160007,-0.05107478650078086,-0.013465206465304497,-0.09859004901299569,-0.017616725008348127,-0.055543191573474475,0.043767270380751455
366,-0.0039623544987804765,-0.055037140999561335,0.006541393414384325,-0.09204865559861136,-0.007403955781797346,-0.06294714735527182,0.04648204720157774
367,-0.0007525107991959434,-0.05578965179875728,0.007812930182527072,-0.08423572541608429,0.061855226372540484,-0.001091920982731337,0.042314539325426705
368,-0.02827536601884209,-0.08406501781759937,0.004403752465812427,-0.07983197295027186,0.0068631995455511905,0.005771278562819854,0.04453076166034694
369,-0.011168046347512298,-0.09523306416511167,0.010698418944112442,-0.06913355400615942,0.015472885266183494,0.02124416382900335,0.04209783810556623
370,0.004019491243709872,-0.0912135729214018,-0.019508997923952137,-0.08864255193011156,0.0071716661301363185,0.028415829959139667,0.034641039706509794
371,-0.013905447457010833,-0.10511902037841263,0.01352027660989659,-0.07512227532021497,-0.015426409536768675,0.012989420422370992,0.03698447920864084
372,0.0061011524226779745,-0.09901786795573465,-0.011959170490910595,-0.08708144581112556,0.010644153741752581,0.023633574164123573,0.03991584169805722
373,0.007372689190820736,-0.09164517876491392,0.002147192363855896,-0.08493425344726967,-0.014042294394080066,0.009591279770043508,0.04391259262435229
374,0.003963511474106077,-0.08768166729080784,0.023547033111342874,-0.06138722033592679,0.0014941667109079834,0.011085446480951491,0.048813691775138536
375,0.010258177952406106,-0.07742348933840174,-0.003783719278320538,-0.06517093961424733,0.005341287406872822,0.016426733887824313,0.04201084702638488
376,-0.019949238915658488,-0.09737272825406022,0.0010437436135233569,-0.06412719600072397,0.0004953765241107605,0.016922110411935073,0.038499986517798075
377,0.013080035618190253,-0.08429269263586997,-0.011889182635774834,-0.07601637863649881,-0.0018142666308562615,0.015107843781078812,0.038134179055892635
378,-0.012399411482616932,-0.0966921041184869,0.023390478710201473,-0.052625899926297334,-0.0007480983832989438,0.014359745397779868,0.03752374563665852
379,0.0017069513721495594,-0.09498515274633734,-0.01070215361147124,-0.06332805353776857,-0.010447522725684643,0.003912222672095225,0.04024569608032059
380,0.023106792119636538,-0.0718783606267008,0.00895800619242619,-0.054370047345342384,0.017920003078285472,0.0218322257503807,0.03338510279263161
381,-0.004223960270026875,-0.07610232089672768,0.016643773369342113,-0.03772627397600027,0.0011825762925415338,0.023014802042922233,0.033420775855844416
382,0.0006035026218170203,-0.07549881827491066,0.010222773927607363,-0.027503500048392908,0.0005160021955327096,0.023530804238454942,0.040603862088628366
383,-0.01232942362748117,-0.08782824190239183,0.005193039063857183,-0.022310460984535724,-0.024948706975123816,-0.0014179027366688739,0.047022313604768405
384,0.022950237718495137,-0.06487800418389669,0.0019529974480024005,-0.020357463536533324,0.009872145481570305,0.008454242744901431,0.04589111842859621
385,-0.011142394603177577,-0.07602039878707427,-0.015225009536863607,-0.03558247307339693,0.014199255961058145,0.022653498705959577,0.04592521074367072
386,0.008517765200719854,-0.06750263358635442,0.022682764661246704,-0.012899708412150226,0.013443097612090824,0.0360965963180504,0.042573429739482166
387,0.016203532377635776,-0.05129910120871864,0.004114857719698063,-0.008784850692452164,0.009524190873751393,0.04562078719180179,0.039861216547322796
388,0.00978253293590102,-0.04151656827281762,0.001051326701279368,-0.007733523991172796,0.01898475461492058,0.06460554180672237,0.022373594607519386
389,0.004752798072150843,-0.036763770200666776,-0.012876973443440465,-0.02061049743461326,-0.01069100591100769,0.05391453589571468,0.025415951408700926
390,0.0015127564562960605,-0.035251013744370716,0.1966665898530458,0.17605609241843254,-0.014649537328027623,0.03926499856768706,0.027470755618463114
391,-0.015665250528569943,-0.05091626427294066,0.004033896380815888,0.18008998879924842,0.026141637162455114,0.06540663573014217,0.025456323992364235
392,0.02224252366954036,-0.028673740603400298,-0.0016570050115108093,0.17843298378773761,-0.0031661908073142703,0.0622404449228279,0.022899590323530363
393,0.003674616727991721,-0.024999123875408577,-0.0010036038777543332,0.17742937990998328,-0.0006210184584514861,0.06161942646437642,0.020232321475284525
394,0.0006110857095730261,-0.02438803816583555,-0.014853024226006928,0.16257635568397635,-0.013839874217456818,0.0477795522469196,0.02320503892852884
395,-0.013317214435146805,-0.037705252600982356,0.005828942266097564,0.16840529795007392,0.004006705730092014,0.05178625797701161,0.023738770889551442
396,-0.02276645709793894,-0.060471709698921294,-0.0006462102457682195,0.1677590877043057,0.008786855376919193,0.060573113353930806,0.018384789144005202
397,0.023106371876187665,-0.03736533782273363,0.014244435641831282,0.18200352334613698,0.0004112480393489576,0.060984361393279764,0.01464763638706925
398,0.0006034288862500625,-0.03676190893648357,0.0013897312241245297,0.1833932545702615,0.003295069344882391,0.06427943073816215,0.01584440717900372
399,0.0010162535141191587,-0.03574565542236441,-0.012753850973299341,0.17063940359696217,0.012653172504254462,0.07693260324241662,0.014925190389582704
400,-0.013178070933292728,-0.048923726355657136,0.005677950176529251,0.17631735377349142,0.00628184733967628,0.0832144505820929,0.01871624384956981
401,-0.008940724571861118,-0.057864450927518254,0.014757911861551565,0.19107526563504298,-0.010081506437770033,0.07313294414432286,0.01999139557004171
402,0.006900019365307222,-0.05096443156221103,-0.01477604974448346,0.17629921589055952,-0.008926959147133248,0.06420598499718962,0.019481294877566765
403,-0.022051168857430886,-0.07301560041964192,0.003636326701728393,0.17993554259228792,0.004194753171307117,0.06840073816849673,0.01827375113906729
404,0.013003888227638621,-0.0600117121920033,-0.006381310501019394,0.17355423209126852,-0.005238964009586608,0.06316177415891013,0.018548304170815863
405,0.013383559298250178,-0.04662815289375312,-0.005449799838901814,0.1681044322523667,0.020076604828162772,0.0832383789870729,0.013034151015061352
406,-0.0101873404940611,-0.05681549338781422,0.004823407778961897,0.1729278400313286,-0.0030046421251952865,0.08023373686187761,0.014322731155799314
407,0.0048008436151100176,-0.0520146497727042,0.00397489712411897,0.17690273715544758,-0.019481001924640078,0.06075273493723753,0.018119574849569435
408,0.016678077413970933,-0.03533657235873327,-0.013455985164829348,0.16344675199061823,-0.018574551257576233,0.0421781836796613,0.021611406855127295
409,-0.0012066945749861918,-0.03654326693371946,0.019013757679482407,0.18246050967010063,8.420762488580563e-05,0.042262391304547106,0.0263878099366046
410,-0.00356113531800184,-0.0401044022517213,0.004908281633670825,0.18736879130377146,0.008494133720119812,0.05075652502466692,0.020563343343022678
411,-0.0020867796704887934,-0.042191181922210094,-0.025767868545455208,0.16160092275831625,0.007080491410713131,0.05783701643538005,0.01678505173489669
412,0.003645279101835687,-0.03854590282037441,0.0012662217533768172,0.16286714451169307,0.005126137867475879,0.06296315430285593,0.014026875007826695
413,-0.0074536589705764475,-0.045999561790950855,-0.0005822866002264393,0.16228485791146663,-0.008323674892192143,0.054639479410663785,0.01786471969057199
414,-0.004605400548973924,-0.05060496233992478,-0.032775077698818045,0.12950978021264858,-0.006169699290806685,0.0484697801198571,0.020719336006410207
415,0.003901277058474671,-0.04670368528145011,0.020571743135509662,0.15008152334815825,0.006102930558055539,0.05457271067791264,0.02416457621152269
416,-0.0056038383513074,-0.05230752363275751,-0.0038856413696671255,0.14619588197849112,-0.009314400798309912,0.04525830987960273,0.03379734536685038
417,-0.014181595779749923,-0.06648911941250743,-0.01036823016698174,0.13582765181150938,0.012572068454571976,0.057830378334174704,0.0299663658544342
418,-0.022997814164571778,-0.08948693357707921,0.018884094998678935,0.15471174681018832,-0.019233392298797752,0.03859698603537695,0.03639679631902841
419,0.0008487509977148505,-0.08863818257936436,-0.0033329655057100227,0.1513787813044783,0.012091357490288307,0.05068834352566526,0.03890852125465646
420,0.01575658386856872,-0.07288159871079564,0.0013476923786381878,0.15272647368311648,0.004213604007963279,0.05490194753362854,0.03439843317123294
421,0.005447527847622813,-0.06743407086317282,-0.000275981598820918,0.15245049208429556,0.00951907168520566,0.0644210192188342,0.0311817465552486
422,-0.013749472174643437,-0.08118354303781626,0.005504016447830051,0.15795450853212561,-0.00488749138720318,0.05953352783163102,0.03720351367477019
423,-0.009026316649842853,-0.09020985968765911,0.01162466102202317,0.16957916955414878,0.010133824856558019,0.06966735268818904,0.031934807630011615
424,-0.003651284985284345,-0.09386114467294346,0.013107696545666847,0.18268686609981563,-0.0008249662005587882,0.06884238648763025,0.029189253565417485
425,0.023608126124925105,-0.07025301854801835,-0.005270801426743382,0.17741606467307225,0.007478953458871604,0.07632133994650185,0.029235366049731686
426,0.024460732569755325,-0.04579228597826303,0.00129111249280775,0.17870717716588,0.016091408253822728,0.09241274820032458,0.022543126429359177
427,0.02255366006536738,-0.023238625912895647,0.001075668133211971,0.17978284529909197,-0.005404250522115711,0.08700849767820887,0.02503271045030206
428,0.0021104033129400873,-0.02112822259995556,0.006253537948515825,0.1860363832476078,0.01663576648575503,0.1036442641639639,0.020972631039618952
429,0.04050902176428434,0.019380799164328784,0.00929749714658279,0.19533388039419058,0.011386076838063267,0.11503034100202716,0.01046824671813535
430,-0.008451465603609567,0.010929333560719217,-0.017271790190308334,0.17806209020388225,0.005647167571147971,0.12067750857317514,0.009398086170244901
431,-0.004099431565457935,0.006829901995261282,0.001957532088155356,0.1800196222920376,-0.007580194866006612,0.11309731370716852,0.01278965374218682
432,0.011906531046667525,0.018736433041928808,0.011369488170716063,0.19138911046275367,0.006384887250730345,0.11948220095789887,0.011706158323007046
433,0.0039689565318151675,0.022705389573743975,-0.004227538418836413,0.18716157204391726,-0.0021738997839810537,0.11730830117391781,0.008027018997007841
434,0.0046997787101385954,0.02740516828388257,0.0003125264633793423,0.1874740985072966,0.00529446372125203,0.12260276489516984,0.00381598610724435
435,-0.023944259624112167,0.0034609086597704036,-0.011798786685668389,0.1756753118216282,-0.003973105737119786,0.11862965915805006,0.004769013708593122
436,-0.01191305184226833,-0.008452143182497927,0.0016932261310028396,0.17736853795263105,-0.008538533626575806,0.11009112553147425,0.009595900928569857
437,-0.00027668259233078717,-0.008728825774828714,-0.023776461820864014,0.15359207613176704,-0.0010299524040317531,0.1090611731274425,0.0052754366908716694
438,-0.008278126492942527,-0.01700695226777124,-0.0018844556278418134,0.15170762050392522,0.006169145665588405,0.1152303187930309,1e-08
439,-0.016450587740350506,-0.03345754000812175,0.0005469250849393092,0.15225454558886453,0.0005311616610819692,0.11576148045411287,0.0007980720033874545
440,-0.006909491565124749,-0.0403670315732465,0.01283873374559466,0.1650932793344592,0.0012558853889336197,0.11701736584304649,0.0016835994306903508
441,0.003972589654024181,-0.036394441919222316,-0.013865983283613548,0.15122729605084564,1.0699633819555299e-05,0.11702806547686605,0.002974506661783219
442,0.009584333924246406,-0.02681010799497591,0.004539478761137666,0.1557667748119833,0.004622521425079115,0.12165058690194516,0.0013447319740602613
443,-0.023377052378729387,-0.0501871603737053,-0.004534895215938861,0.15123187959604445,0.00048453379752864956,0.12213512069947381,0.0008405508009385922
444,0.0003040214057687743,-0.04988313896793652,-0.02056882124479628,0.13066305835124817,0.0023038499131000506,0.12443897061257386,0.0011901331486371771
445,-0.0008437410497618009,-0.050726880017698324,-0.00612725260200081,0.12453580574924736,0.0002671726107389416,0.1247061432233128,0.0026301438721860063
446,0.003301016770181603,-0.04742586324751672,0.001385547359990441,0.1259213531092378,-0.0029388129541401825,0.12176733026917262,0.005598031414873288
447,-0.013539376036677923,-0.060965239284194644,0.014119907329695786,0.14004126043893358,0.0024691990666012575,0.12423652933577388,0.008730457175499442
448,-0.013315355951396102,-0.07428059523559075,-0.00996471420451464,0.13007654623441894,0.004393583336453469,0.12863011267222735,0.013692783736151511
449,0.016144092570908646,-0.0581365026646821,-0.01844780062354326,0.11162874561087568,-0.005370027000101418,0.12326008567212593,0.017399259652256693
450,-0.031059225533071104,-0.0891957281977532,0.0021915195675547977,0.11382026517843048,-0.003872570363557426,0.1193875153085685,0.016316371373317887
451,-0.010036046289866388,-0.09923177448761959,0.0209098689605315,0.13473013413896198,0.0031361944986785795,0.12252370980724708,0.01376178798141825
452,-0.004685983168345259,-0.10391775765596485,0.026856787974937846,0.16158692211389983,-0.00029527930204992225,0.12222843050519716,0.013897404921881112
453,-0.00346840468029766,-0.10738616233626251,-0.015189424022105408,0.14639749809179442,-0.009082754093294648,0.11314567641190251,0.018708190476892497
454,-0.008057787581801312,-0.11544394991806382,-0.01265994409943555,0.13373755399235887,0.0045181541457016,0.11766383055760411,0.016567356210825016
455,0.006492494592894429,-0.1089514553251694,0.005901620299719884,0.13963917429207875,-0.0028214097411284333,0.11484242081647568,0.01746150858344159
456,0.0053688839090092755,-0.10358257141616012,-0.006939105332194551,0.1327000689598842,0.008131475540725616,0.1229738963572013,0.010087412900076548
457,-0.0013983708589383886,-0.10498094227509851,0.015482697891622571,0.14818276685150678,-0.0018836509753051706,0.12109024538189612,0.012373278461667813
458,-0.007379847064343303,-0.11236078933944181,-0.0112321601642619,0.13695060668724487,0.009823977202494935,0.13091422258439106,0.012779601156368845
459,-0.0023809393891422725,-0.11474172872858408,0.018077058054441597,0.15502766474168647,-0.010273762141677772,0.12064046044271329,0.019203433928025804
460,0.001340133827222395,-0.11340159490136169,-0.0031057751378137377,0.15192188960387273,-0.01351271622263582,0.10712774422007747,0.02444495116519552
461,-0.009012003520583262,-0.12241359842194495,0.0024015755584737564,0.1543234651623465,0.0059669059526673285,0.1130946501727448,0.023460093858446582
462,0.00745890628609823,-0.11495469213584672,-0.0011939211394917937,0.1531295440228547,0.014710343880745116,0.1278049940534899,0.023035845902084854
463,0.012899365417566644,-0.10205532671828008,-0.00123879754763781,0.1518907464752169,-0.0025421305528252336,0.12526286350066468,0.023872583035514868
464,0.018554931124486945,-0.08350039559379313,-0.0020268475965631028,0.14986389887865378,0.0014079181822144182,0.1266707816828791,0.02821166024570248
465,0.017636817062735247,-0.06586357853105788,0.0009752739478137151,0.1508391728264675,0.004041974024992373,0.13071275570787147,0.023739743394910664
466,-0.0035460161295200743,-0.06940959466057796,0.015580965851696577,0.16642013867816408,0.01483099083101605,0.14554374653888752,0.017163192340164314
467,0.0019613345667674337,-0.06744826009381052,0.004800317269199966,0.17122045594736404,-0.014938156943013425,0.1306055895958741,0.028509165665107816
468,-0.0016341621311981441,-0.06908242222500867,-0.013600059024507283,0.15762039692285676,-0.0014591001748269772,0.12914648942104712,0.03160243964485862
469,-0.0016790385393441604,-0.07076146076435283,0.012746004635166036,0.1703664015580228,0.01371846775107538,0.1428649571721225,0.02583864940154924
470,-0.0024670885882694393,-0.07322854935262227,0.00356550293745439,0.17393190449547719,-0.004491139229900576,0.13837381794222192,0.025762643644455276
471,0.0005350329561073786,-0.07269351639651489,0.007082550250648273,0.18101445474612546,0.0030749577512175497,0.14144877569343947,0.02749255603449982
472,0.015140724859990226,-0.057552791536524664,0.004545053608460525,0.18555950835458598,0.005844404032510048,0.14729317972594952,0.024302455660646018
473,0.004360076277493623,-0.05319271525903104,-0.09635061209002123,0.08920889626456475,-0.014907173157235526,0.132386006568714,0.03442459542477393
474,-0.01404030001621364,-0.06723301527524468,0.006915775043020558,0.09612467130758531,-0.009489601137284281,0.12289640543142971,0.04732481525562186
475,0.012305763643459693,-0.05492725163178499,-0.008072171533448025,0.08805249977413729,0.013753088759781207,0.13664949419121092,0.04265866450463651
476,0.0031252619457480396,-0.05180198968603695,-0.005198735553877551,0.08285376422025974,-0.0022706175477101576,0.13437887664350076,0.04537383197736279
477,0.006642309258941943,-0.045159680427095006,0.0008752830230024794,0.08372904724326222,0.002881523906613337,0.1372604005501141,0.04004863166764146
478,0.004104812616754182,-0.041054867810340824,0.02127017356449215,0.10499922080775437,0.012071594700427346,0.14933199525054144,0.038930196874443164
479,-0.1977302092299264,-0.23878507704026722,-0.011728876248388087,0.09327034455936628,-0.002906066244414862,0.14642592900612658,0.036007063018459115
480,-0.02125436804325795,-0.26003944508352517,0.05035051149154318,0.14362085605090946,-0.0190822897077777,0.12734363929834888,0.043939945865814505
481,0.006475534051314236,-0.25356391103221093,-0.002663420643722797,0.14095743540718667,-0.00535850578987003,0.12198513350847885,0.031959408467868114
482,-0.00851241252515439,-0.2620763235573653,0.0037105441029256225,0.1446679795101123,0.013097613426164015,0.13508274693464287,0.025028508598026758
483,-0.005638976545583874,-0.2677153001029492,-0.011695719289525869,0.13297226022058642,-0.013370518709546586,0.12171222822509628,0.035296067265303745
484,0.00043504203129612895,-0.26728025807165307,0.014817120815933033,0.14778938103651945,0.0039011487289852265,0.1256133769540815,0.04401647917738209
485,0.020829932572785814,-0.24645032549886725,-0.016951061596051364,0.1308383194404681,-0.003600379118212066,0.12201299783586944,0.0425553744721583
486,-0.012169117240094451,-0.2586194427389617,0.006737381717655311,0.1375757011581234,0.007080297437882854,0.1290932952737523,0.039697268618522186
487,-0.05709902789669258,-0.3157184706356543,0.0037906687544860818,0.14136636991260948,0.018874495078491094,0.1479677903522434,0.03274629715449336
488,0.01210504299334253,-0.30361342764231175,0.005616296830169315,0.1469826667427788,0.0015080301834562992,0.1494758205356997,0.039795117468522545
489,-0.0031036616354291335,-0.3067170892777409,-0.016792656754629515,0.13019000998814928,0.012560688532041453,0.16203650906774114,0.03231238239440893
490,0.003270303111219286,-0.3034467861665216,-0.0029131796975433166,0.12727683029060596,0.005680005870575211,0.16771651493831635,0.03464002964702183
491,-0.012135960281232205,-0.3155827464477538,0.011867440637456012,0.13914427092806197,-0.0146122637914613,0.15310425114685505,0.03433049531315276
492,0.014376879824226696,-0.3012058666235271,0.023506408635156323,0.1626506795632183,-0.020160944401802633,0.13294330674505242,0.04212028410844146
493,-0.01739130258775773,-0.31859716921128484,-0.00048304983822747283,0.16216762972499082,0.00028157809754078555,0.1332248848425932,0.031704013234338066
494,0.0062971407259489465,-0.3123000284853359,0.010560530986982702,0.17272816071197353,-0.001350342599211185,0.13187454224338202,0.04090238473783131
495,0.0033504277627797174,-0.3089496007225562,0.0025469448118864424,0.17527510552385997,-0.004519846101232683,0.12735469614214934,0.050386689927593285
496,0.0051760558384629785,-0.3037735448840932,0.00015257976401142348,0.1754276852878714,0.00840401928598486,0.1357587154281342,0.047971262183320075
497,-0.01723289774633585,-0.32100644263042905,-0.004322398897368074,0.17110528639050332,0.011172231881863337,0.14693094730999753,0.040070018149820835
498,-0.003353420689249653,-0.3243598633196787,0.0009371828238360358,0.17204246921433936,-0.016854254314806028,0.1300766929951915,0.04760681355834188
499,0.011427199645749675,-0.312932663673929,0.009341675821250006,0.18138414503558936,-0.008026607500628835,0.12205008549456267,0.050309309860453094
