t,S,I,R,reported_cases
0,9873.3472,114.5001,10.0000,51
1,9840.7106,135.3838,21.4500,66
2,9809.5364,165.7026,34.9884,90
3,9764.4599,193.1019,51.5587,100
4,9720.1193,229.5851,70.8688,118
5,9658.4945,275.4017,93.8274,131
6,9600.1120,325.6284,121.3675,166
7,9512.4897,392.4925,153.9304,191
8,9392.2375,468.5036,193.1796,232
9,9248.5166,556.3780,240.0300,285
10,9102.8608,656.2283,295.6678,335
11,8926.5453,772.9685,361.2906,390
12,8716.7957,910.1446,438.5875,470
13,8461.9607,1055.4620,529.6019,540
14,8201.1346,1221.8209,635.1481,597
15,7909.1049,1399.2918,757.3302,708
16,7567.8960,1593.8628,897.2594,786
17,7201.7578,1797.1348,1056.6457,922
18,6818.0497,2002.3876,1236.3592,998
19,6396.5199,2214.1551,1436.5979,1093
20,5976.4408,2419.8588,1658.0134,1222
21,5538.3435,2611.3387,1899.9993,1328
22,5091.2418,2779.0933,2161.1332,1356
23,4663.2081,2929.3426,2439.0425,1485
24,4243.9038,3044.5172,2731.9768,1547
25,3860.6289,3128.8733,3036.4285,1528
26,3498.9677,3175.7211,3349.3158,1586
27,3181.6331,3190.3045,3666.8879,1577
28,2879.3217,3182.5814,3985.9184,1610
29,2619.0445,3133.2897,4304.1765,1526
30,2368.9596,3059.2641,4617.5055,1576
31,2136.8334,2965.6779,4923.4319,1451
32,1966.6859,2873.7942,5219.9997,1458
33,1789.0010,2753.8936,5507.3791,1409
34,1651.8592,2627.0910,5782.7685,1295
35,1504.9248,2492.1379,6045.4776,1232
36,1410.0897,2356.0899,6294.6913,1139
37,1298.5714,2215.3242,6530.3003,1127
38,1204.0548,2084.2870,6751.8328,1017
39,1132.6164,1950.3629,6960.2615,948
40,1070.8068,1819.3221,7155.2977,893
41,1014.0884,1703.7296,7337.2300,870
42,964.4502,1583.1340,7507.6029,810
43,934.0022,1471.5424,7665.9163,773
44,909.2787,1374.2392,7813.0706,688
45,886.4062,1268.7671,7950.4945,623
46,848.7208,1175.6040,8077.3712,595
47,832.8629,1088.4293,8194.9316,572
48,805.1803,1002.5656,8303.7745,523
49,777.6217,931.1060,8404.0311,445
50,751.0586,858.0784,8497.1417,430
51,745.0985,790.8321,8582.9495,421
52,729.8461,730.3092,8662.0327,365
53,716.1379,685.8560,8735.0637,342
54,698.5291,624.6882,8803.6493,309
55,697.4967,571.6649,8866.1181,291
56,680.2403,522.0761,8923.2846,264
57,654.9157,491.1689,8975.4922,237
58,663.6346,466.2275,9024.6091,222
59,657.7681,437.5304,9071.2318,226
60,656.9076,404.5850,9114.9849,209
61,635.1854,370.9089,9155.4434,184
62,622.5643,343.2436,9192.5343,161
63,619.6711,315.5957,9226.8586,156
64,641.9450,300.3690,9258.4182,159
65,628.5298,270.5546,9288.4551,144
66,628.2297,239.8778,9315.5105,135
67,626.3459,220.6733,9339.4983,114
68,619.6796,203.5153,9361.5657,103
69,618.8561,185.0876,9381.9172,99
70,632.6933,162.3458,9400.4259,85
71,628.9986,143.9282,9416.6605,68
72,632.1093,140.9129,9431.0533,72
73,646.8764,131.6887,9445.1446,63
74,654.2167,115.1839,9458.3135,55
75,659.4647,115.0294,9469.8319,51
76,656.5194,99.9422,9481.3348,63
77,642.3854,88.5607,9491.3291,43
78,652.2318,84.4551,9500.1851,56
79,634.7634,85.0419,9508.6306,42
80,635.4879,79.5089,9517.1348,44
81,632.4469,74.9907,9525.0857,48
82,629.7740,76.3218,9532.5848,37
83,636.9000,74.3407,9540.2170,33
84,633.4279,58.3094,9547.6510,30
85,627.7429,54.1259,9553.4820,27
86,610.7010,43.4744,9558.8946,21
87,601.9631,42.1216,9563.2420,26
88,603.9652,31.6063,9567.4542,24
89,603.9360,26.6595,9570.6148,16
90,610.4726,25.1678,9573.2807,9
91,612.3037,25.7622,9575.7975,11
92,610.0344,24.6431,9578.3737,10
93,605.6460,25.2356,9580.8381,8
94,604.0121,27.3182,9583.3616,14
95,590.5523,17.6705,9586.0934,11
96,583.4566,19.9636,9587.8605,13
97,585.0851,23.7628,9589.8568,14
98,583.9766,28.5715,9592.2331,15
99,575.1021,23.2429,9595.0903,13
100,565.8197,19.5296,9597.4146,11
101,582.6959,10.9972,9599.3675,3
102,572.0982,12.4632,9600.4673,8
103,553.5753,16.0723,9601.7136,5
104,547.9693,9.3832,9603.3208,4
105,552.0940,7.6529,9604.2591,4
106,555.5865,13.6177,9605.0244,6
107,540.5909,17.8190,9606.3862,10
108,551.4478,18.2430,9608.1681,9
109,554.6338,26.4755,9609.9924,10
110,554.8871,25.0695,9612.6399,11
111,546.0132,24.6452,9615.1469,13
112,548.7485,18.4175,9617.6114,7
113,527.7155,11.2921,9619.4532,3
114,524.6048,20.0278,9620.5824,8
115,514.6687,20.0787,9622.5851,11
116,511.5151,19.3075,9624.5930,8
117,507.8262,22.9923,9626.5238,11
118,507.5393,34.0317,9628.8230,17
119,521.3533,31.6043,9632.2262,20
120,520.2911,28.0862,9635.3866,16
121,524.1558,21.4583,9638.1952,10
122,529.9432,22.9778,9640.3411,14
123,533.2432,19.6141,9642.6388,9
124,529.8427,22.6442,9644.6002,13
125,526.1267,10.7856,9646.8647,7
126,539.5951,14.3532,9647.9432,7
127,524.3377,1.0000,9649.3785,1
128,548.5261,3.0902,9649.4785,1
129,553.1261,1.0000,9649.7876,0
130,554.1042,1.0000,9649.8876,0
131,557.5341,4.2583,9649.9876,1
132,566.4410,12.0483,9650.4134,6
133,557.3593,17.7272,9651.6182,7
134,571.1011,14.0382,9653.3909,4
135,572.1754,14.1660,9654.7947,7
136,568.3146,8.2870,9656.2113,6
137,572.6966,1.0000,9657.0400,0
138,567.2917,6.6562,9657.1400,3
139,559.3128,1.0000,9657.8057,1
140,561.7727,1.0000,9657.9057,1
141,560.1640,1.9338,9658.0057,1
142,567.2000,5.0862,9658.1990,4
143,572.6788,6.1463,9658.7077,4
144,571.7022,4.1018,9659.3223,2
145,561.3092,1.0000,9659.7325,0
146,556.1547,1.0000,9659.8325,0
147,559.4810,1.1724,9659.9325,0
148,568.4631,4.7719,9660.0497,0
149,561.8526,7.1182,9660.5269,3
150,547.2513,6.1865,9661.2387,2
151,538.1528,6.6186,9661.8574,6
152,551.4078,12.3034,9662.5192,7
153,554.8388,1.0000,9663.7496,1
154,551.8844,1.0000,9663.8496,0
155,571.8408,1.0000,9663.9496,1
156,574.1781,8.9727,9664.0496,8
157,576.5139,17.3365,9664.9469,10
158,571.9750,7.6439,9666.6805,2
159,567.6077,4.4077,9667.4449,4
160,569.9493,1.0000,9667.8857,0
161,564.1568,7.2893,9667.9857,4
162,557.6673,9.3894,9668.7146,6
163,561.9912,1.0000,9669.6535,0
164,551.6312,2.0932,9669.7535,1
165,556.0598,1.0000,9669.9629,1
166,563.1813,2.1249,9670.0629,0
167,577.6572,1.0000,9670.2754,0
168,580.3290,1.0000,9670.3754,0
169,574.9771,1.0000,9670.4754,1
170,564.5540,1.0000,9670.5754,0
171,590.0303,1.0000,9670.6754,1
172,586.9078,1.0000,9670.7754,1
173,575.7563,3.8154,9670.8754,2
174,560.7463,6.9958,9671.2569,7
175,562.3483,4.7272,9671.9565,1
176,568.4211,1.0000,9672.4292,0
177,564.4994,10.1562,9672.5292,3
178,581.0063,3.7939,9673.5448,1
179,584.1341,1.0000,9673.9242,1
180,596.2418,1.0000,9674.0242,1
181,596.0483,1.0000,9674.1242,0
182,595.2145,1.0000,9674.2242,0
183,600.0173,1.0000,9674.3242,1
184,607.8478,2.2798,9674.4242,1
185,594.6379,6.2725,9674.6522,2
186,618.3520,7.8581,9675.2794,5
187,616.5370,11.3019,9676.0652,5
188,628.8452,7.7741,9677.1954,5
189,623.6901,4.9664,9677.9728,1
190,631.5052,12.0545,9678.4695,7
191,627.0291,12.6478,9679.6749,6
192,636.3117,1.0000,9680.9397,0
193,628.4684,1.0000,9681.0397,0
194,619.2980,1.0000,9681.1397,0
195,616.8288,1.0000,9681.2397,0
196,627.3021,1.0000,9681.3397,0
197,632.8687,1.0000,9681.4397,0
198,632.7133,4.4273,9681.5397,3
199,632.5084,3.0152,9681.9824,1
