observation,state_h
-0.6929574536848705,-0.8119842132930288
0.5153322442583044,-0.7517255858350077
-1.3196386751032894,-0.7820042590954588
0.08403017798200596,-0.8392132793693697
-0.010429648396165035,-0.953590450948883
0.5551774704644651,-0.9198994492941084
0.044688170677028544,-0.7808218399183341
0.29305973343007397,-0.9340857507102946
0.2140008610500759,-1.0882819907298942
0.4923342712793946,-1.1580028696892193
-0.10005147893819032,-1.2278534488788249
0.6278465744718172,-1.3327824143787974
-0.2195719390511566,-1.336417845322343
0.27529315145905836,-1.3187759223689446
0.2171739843379318,-1.2842023006042675
1.0171739139501572,-1.489094660951706
-0.23697169308164448,-1.5417157947782343
0.3020857962818765,-1.4250049747782914
-0.053480296554363684,-1.5128482940413646
-0.4195565093136838,-1.3511122717770112
0.38304615663758984,-1.3257651572850218
-0.3587382655227507,-1.2359203339870213
0.06374508556560185,-1.209185677610171
0.46896280683956953,-1.2392213518161805
0.3590284359744655,-1.274184449850863
0.15822557179602476,-1.2056361251541583
-0.8274827938751093,-1.131706864043973
-0.26133159346515394,-1.175470376024775
-0.1706478761478972,-0.9553720229976598
-0.5903376330828275,-0.7659904806791139
-1.1916648298038421,-0.6902983748847743
0.11844070074873093,-0.6356433888376753
0.5277182008985696,-0.5968572517012168
-0.2528647210825374,-0.6428584134214661
0.5918125713013304,-0.7427720128933052
-0.8542503089585,-0.8020307058228279
-0.6562647287175799,-0.6744277880807823
0.10523864812763721,-0.6051802060090842
-0.32220324600042066,-0.5643859413564858
0.4487277541828858,-0.6645589369589222
0.3069724307723766,-0.7948670137251066
-0.24053378911646164,-0.8233811718894316
-0.8529814143787238,-0.6757321824179342
-0.3393880914179885,-0.6486320077977804
0.34957878624111316,-0.6372229456782392
0.4663629036157028,-0.710803780204228
-0.29857858470448734,-0.6980879927631677
-1.1489628642466634,-0.7685806949211756
-0.8840349560475574,-0.8058669661289087
0.24746034641045772,-0.9592992038297815
-0.25817366421189225,-0.763383329482182
-0.2576736787413111,-0.6479559490712568
-0.6864102528174183,-0.6151830661990989
-0.7039634208153789,-0.5995176085627921
0.5360879894653369,-0.8989406956592522
0.27649270893654676,-0.9036714874048518
-0.3514992147757885,-1.0498485216918096
0.0411486151010165,-1.12254589969478
0.13201387827092934,-1.133481561582965
0.8443087353343992,-1.2807037396741052
-0.5695605460207199,-1.172231727414479
0.13296847001869122,-1.0070008815899683
0.5007126083958571,-1.0230652881210225
0.7690672873242164,-1.2865458969374544
-0.32567922370312963,-1.3503339006419994
-0.18510930223376523,-1.4894249249093412
0.2924341887125697,-1.5512460733208961
-0.6754662027809891,-1.5563258116152385
0.15151833778861407,-1.4542737409180666
1.0893400293263984,-1.211878507762961
0.20940719085386275,-1.3651476325198753
-1.194019942424396,-1.1595129933983244
-0.4579691836685087,-1.1477135122923867
-0.3503940500919915,-1.1156641196328174
0.5933469515040178,-1.1717415059975629
-0.08326193067965525,-1.289227016960511
-0.9107951612608639,-1.2181222360966883
-0.032983487510712554,-0.9778840451118228
0.0847169478892218,-0.8606565055916348
-0.30568009889247516,-0.9813183510994229
-0.5842896026133211,-1.0037046727051986
1.1279911135966945,-1.2699300220374488
0.40772603218677794,-1.4420124927551652
0.4514965902295925,-1.4486134965592226
-0.07667575286002555,-1.428702456811446
-0.3403308185813476,-1.3087858271890684
-0.22317504890336606,-1.424609350314898
-0.6692782049161958,-1.2936059235614374
0.7910662915095247,-1.3824460698233179
-0.06116695755335621,-1.3249449085761613
0.653538607219187,-1.3846480690478573
-0.22568205265345667,-1.1985779656391242
0.2567879412955464,-1.0252768040921665
0.10069581831797816,-1.1973242759036375
-0.8836455988477043,-0.8743307783136671
1.0295329461213474,-1.0306960138985237
-0.25542517453581637,-0.8111889019017414
-0.7237337451624444,-0.8500532578716375
0.39926361583702785,-0.9540618788661493
-0.0031436202996894674,-0.9762877378247181
0.22408969624530084,-0.8194799397603739
0.062319099721634096,-0.7480393065661854
-1.512617779183023,-0.6081639258473626
-0.5897728584448769,-0.7150051987186443
-0.6184840204533233,-0.7010975233844436
0.5692840882289174,-0.951060756703183
0.01841504096297666,-1.0177217502970881
-0.21290374694332515,-0.8623525531274145
0.3729779647324087,-0.7331075239060896
-0.1025412205908098,-0.819931969437602
-0.15178937975632983,-0.777043341851873
0.11047793586142908,-0.9378411861975846
0.05721490588927104,-0.9168449544692087
1.634089203184491,-0.864340891801298
-0.560130611258443,-0.8417496075143307
-0.9743878668737332,-0.8134740611940299
0.2239547059699982,-0.6860952342872856
-0.5071897159678184,-0.7258072046619765
-1.5954367337262827,-0.5941172342199987
-0.7888726699931613,-0.5953888353835475
-0.6647057047683937,-0.5540076769507204
-1.2852535270430532,-0.6261325849419175
1.314724093449518,-0.9642832399141393
-0.7946502658994365,-0.6444737573203827
1.7399410548369436,-1.0252105517121277
-0.22872630739024105,-0.952466195813951
0.9431761693567633,-1.2117410282434538
-0.1425060863731625,-1.0860138457226387
0.24282854790078576,-1.1649049929569082
-0.06887237149865838,-1.3285253254702698
-0.12215549490227566,-1.335411284947781
0.11443637384168626,-1.414900809957851
0.2453949700934716,-1.3062635310930553
0.08265472409074871,-1.2630383268927459
0.028322520911025998,-1.2591228651701432
-0.40478398381150754,-1.1561185160851626
-0.06290007033363625,-0.8722279262320347
0.9814152030170199,-0.9439397686592303
-0.45526680031219724,-1.032898774002178
0.6916713303082073,-1.0871154066934625
0.24481780545374995,-1.3471410673179292
0.4728600991050174,-1.3472537878817614
-0.5754197945736149,-1.314806742179156
0.1364167429510221,-1.318325693205759
-0.15250335279070434,-1.300306603845136
-0.13469985259775474,-1.2525806506923791
0.6324746825121152,-1.6887838410487341
-0.10497420845633877,-1.6274269198302393
0.1278401630725785,-1.6791167827811784
-0.8363223177982677,-1.4843812824284017
0.7027604427245059,-1.7986555513991431
0.3370710903341134,-1.8821596642357894
-0.022697195810461226,-1.9878710770530155
-0.13843084046774407,-1.764269985055443
0.2670917105884862,-1.5600071500195156
0.5358407972963677,-1.574473794429804
0.7715451314954125,-1.6310077859262528
0.3516539845724638,-1.7127023625760895
0.02723316550763738,-1.7869102401156234
0.36576485614409343,-1.9905878586550763
0.28150388532608944,-2.0443127974354236
0.4301703317752828,-2.003286202649129
0.664838343127204,-2.014805661347846
-0.6155718100481871,-1.87515594462249
-0.4698011314057211,-1.8283272533029922
0.6040623267795031,-1.83400149679832
-0.27189813653065276,-1.8882474184901912
0.011927363227638729,-2.0220944520905824
-0.2594841789026464,-1.900564878435411
0.45104530891803474,-1.8811158998216138
-1.0074940482612555,-1.643297311771061
0.03276349088370657,-1.575634985183521
0.6103526446743018,-1.9476041760178564
-0.2405552630170881,-1.798082310828604
-0.7607420228250273,-1.4637888559988304
0.18591466905336568,-1.3675274505447936
-0.31209437135277707,-1.2079698481860999
0.5714501571154964,-1.2516143772264228
0.126946935467466,-1.22652739591813
-0.47997886785621163,-1.174145216916373
-0.08766069871037213,-1.1076773465471732
0.5175513010941766,-1.3169417153413925
-0.07192187384221231,-1.1056110657796736
-0.4176918301411919,-1.1534870271306827
0.11941431530424285,-1.0543665268731544
0.007355281324332075,-0.8809554404419893
0.5631140314950182,-0.8394306914198727
0.4139135788960975,-0.5834355008619857
-0.13474621895594174,-0.8408104894678768
0.9607683023386466,-1.02536215207357
0.07008685571002124,-0.8625766967422116
-1.0169958228603717,-0.9091236728593164
-1.0236189081700067,-0.8949154475739944
0.2855665565159898,-0.8629467313634255
0.16169995586964067,-1.0713025646297791
-1.481225528991322,-0.8888449920832118
-0.3166965719496536,-0.7971204775312846
0.4617020151551713,-0.8378952963691875
0.4920090134316361,-0.8699929879583027
0.3206676371630358,-1.0051877932916118
-0.11080767445106564,-0.9659993386711341
0.47823147781102693,-1.079707472816658
0.2931259517407798,-1.1509372648785794
-0.07023728111937629,-1.0298357998852454
-1.1802572054353535,-1.0478778937720707
-0.7979622242208886,-1.2384232785211227
-0.39465581385544224,-1.0830464278106313
-0.16992119836549843,-1.033495044660882
0.6801815961035773,-0.9417100177549459
-0.047223179331707,-0.7624374071321486
0.05917723062453056,-0.8852550045385247
-0.35401198008331836,-1.0364446626542223
-0.5345888570357332,-1.0152490157722553
0.5249589447678897,-0.8515258635741426
-0.9733804312925901,-0.7012866889910281
-0.7822917147239435,-0.5705423322277359
-0.08736899370815224,-0.8114362070274576
0.5728924879566253,-0.9653072931742783
-0.31342928437170586,-1.065270471091513
-0.405131678447425,-0.9586565124554535
-0.12048610881905424,-0.9030090450262663
0.24731834422497428,-0.7615039311964308
-0.21479995021300372,-0.9347993100206138
0.628216835063196,-1.0598585886764376
0.645688079615152,-1.0918551164726136
-0.07819988727894443,-1.033956830542426
1.2381524491890978,-0.9094563824366966
0.044315369079356785,-0.8965669076095707
0.6239733499791812,-1.0902425027963285
0.19064559917272597,-1.1158751881601459
0.16851094565131708,-1.2441998318757113
-0.7945253403438762,-1.386944722500189
-0.5686058566282315,-1.351116239677792
-0.17197625894707183,-1.0669396735387782
0.585267520852625,-1.272860288201739
0.17760243384240865,-1.3436336275905807
-0.14935008692132337,-1.2879228228548707
0.31215026941212526,-1.3697939417663216
0.4811771827214898,-1.5868311154771881
0.003423296299420937,-1.232253895993735
0.13157942751101717,-1.0558372340418198
0.05591143875662383,-0.9855809726097948
-0.034373802175720655,-1.003891397994898
-0.4996571985685379,-0.8894156900796135
-0.5874788457829655,-0.7424058717335978
0.7333635497330088,-0.7839163944221881
-0.2007141860415017,-0.709958388954088
-0.23166529437092723,-0.5739780215559355
-1.4313013616835784,-0.49299990056632065
-1.5098133620050291,-0.5531131027920032
1.0346465093010309,-0.5525214366232171
-0.5051958636640099,-0.7071657003589611
-2.235827732992092,-0.5642132040169267
1.703656141640117,-0.702324809795903
-0.41270662550888243,-0.6088714526146161
-1.1903192236385671,-0.5421568703468094
0.07463893798504306,-0.5745377774764995
0.5853044533050692,-0.6018413750969421
0.45856851875833327,-0.7533327677530699
0.6596652944523166,-0.6164638236804502
-0.6938031896865147,-0.6705237432978648
0.8929671834493081,-0.8054481692238434
0.8625767763018871,-0.9740584038391893
0.8535039944960923,-1.0668845613056868
0.16622710031501042,-0.8809823527368983
-0.2216661118649052,-0.9796754428165588
-0.28775526740324375,-0.8878829600922653
-1.1083455587195477,-0.6910046414955686
-0.4173438664655047,-0.5107614149822696
-1.9137235806418353,-0.44804694111340726
-1.3497388131573305,-0.4454507776214139
0.19250236814909005,-0.5039444184770491
-0.19531819517920684,-0.5205014896286302
0.14468226307813672,-0.6811532379295079
0.5087685544202912,-0.6576495291724571
0.28176991452041583,-0.62450207369976
0.2434601637754869,-0.39363458474012614
-0.069713750314193,-0.44518476459202816
-0.5753973620870172,-0.5394095075422801
-0.933360443664335,-0.5753499960569306
-0.053973161777819176,-0.5393622565052568
0.03683232019487126,-0.6564629928636062
0.6542467687918616,-0.6382304216652815
-0.11127562445846371,-0.7219261811317672
0.3774978440016036,-0.7469820044595297
-1.043806606364976,-0.6547938941653548
0.17550067859695104,-0.8016765443585945
0.1145227783249371,-1.0108514870251535
0.8315250463628433,-0.9486264414582299
-0.1623042280023302,-0.8840147446891173
-1.5700575998357822,-0.8569641223229246
-0.18011211892822696,-0.978495944560601
0.4853187637534678,-0.7732643722433389
-0.7884679038362952,-0.8006100245204765
0.1731245944390419,-0.6149602244509049
-0.950805103184613,-0.5024826030202181
1.1797024288529554,-0.8685753462290833
-0.8453217484104597,-0.8314660076896738
-0.3683379240359793,-0.6919178927434371
0.15029515115844472,-0.9498591701082417
0.30260903034517955,-1.065043677441064
0.6855125782311544,-1.2402019208363548
-0.36455892295735415,-1.1149546587164687
0.4378620157007082,-1.1105156902419846
-1.0689492360951793,-0.9108876967675448
-0.6914394498148957,-0.8054246985580797
-1.0304873441307338,-0.64650292723982
-0.5507111807794008,-0.7632320502345394
0.48029019470266865,-0.7924810547950722
-0.46307303948583173,-0.5641447007437173
-0.3363849354800629,-0.5400005189063863
0.19386394197042475,-0.6544659780373691
0.32067080449845226,-0.7694647133542057
-0.3097908498535731,-0.5684954264349266
-0.6916820336508174,-0.8168259687539008
1.1862878405586963,-0.6119740488868605
-0.26563961568780164,-0.8448222744405283
-0.20163233468994501,-0.8633727598488374
-0.11531792001237558,-0.9978606382628231
0.3562536464547672,-0.973256398080167
-1.0162847408534736,-0.7711499648676902
1.3025637202051228,-0.9096285371175447
-0.21449872869318348,-0.9054870525132747
0.34117512909648323,-1.179287534857166
0.08856754192777586,-1.2369609664592685
0.9217114375679858,-1.3910647152554454
0.7317295420748984,-1.6478044671522432
0.25982400643400344,-1.6309234592850872
-0.40565826926311727,-1.5237727806454389
0.5337486392469996,-1.6410602862054737
-0.8003411597535807,-1.4972127570153362
-0.43508458294088875,-1.4590860346411874
-0.03556268175758579,-1.6607650932391667
-0.7797123502882842,-1.457145446109879
-0.2192789868656364,-1.7373972436482081
0.32901608448006775,-1.7387567599908658
-0.2853311046555761,-1.8341147076754927
0.3353589184998928,-1.826394881574017
0.9096787473845495,-1.9257141061966447
0.14633338105695043,-1.948704992816672
0.3158331851546547,-1.9003010835006398
0.4525196807939919,-2.0348932603052505
-0.1575224829963768,-2.033428229581814
0.31090947313282186,-1.8670909623310448
-0.18087029623725448,-1.861844922344271
0.1219856641252566,-1.891470721806679
0.3124045099040646,-2.2286450747391187
-0.27089657975714587,-2.231421707210153
-0.7936635064387806,-2.145632660997893
-0.32529063765630123,-2.0687512334244014
0.3794739608210684,-2.151995450706055
-0.37031063370040374,-2.0475231700973078
0.34549389506554035,-2.221566265772924
-0.3276814275590858,-2.0440685233073017
-0.08516370638960805,-1.9120205303208855
-0.005569251414758923,-1.7924876234029672
-0.4440362424263526,-1.6926519783346057
-0.08506180933849812,-1.8140195321830979
-0.7084218352621526,-1.583256687352174
-0.1520991666070157,-1.6722356621194352
-0.04546986372425931,-1.4983212240247437
-1.0737222480093942,-1.5067353177625484
-0.498325839480229,-1.2325040723796126
0.15924814357657144,-1.1470455404769921
-0.6249350021438553,-1.2025540815930635
0.2430168104923166,-1.222493430252679
0.2891501145392967,-1.2813532156145238
0.1471601453943494,-1.273233126977539
0.42291020514844996,-1.2185352363653301
-0.8115075130161933,-1.3824175284026579
0.5251091833583363,-1.2917858918528793
-0.494786262194179,-1.4480852949727336
0.05115683234202253,-1.3211509150741105
0.901960922822285,-1.379266954801648
-0.17948943770331346,-1.4560312649922131
0.00545787834993288,-1.4820847993208448
-0.5782667649255288,-1.1253509964423791
1.0258917473934868,-1.107901043720287
-0.5800026116787489,-0.9245299642377866
0.4043356820858543,-0.9172776830888429
0.784586988908545,-0.9309471150420483
0.4704914638769994,-0.9057832161290723
0.19024964001900568,-1.1658669575661298
0.044996675901926145,-1.2394139845065335
-0.8088443855989359,-0.9177691056251297
1.1172486921006093,-0.8733427476423334
0.17798229217256212,-0.7208321216170894
0.008477749892519421,-0.7037670074719461
-0.8185841303899355,-0.5790729612465111
0.04118324542740624,-0.7654491908617802
-0.03468063866426916,-0.7790031059095794
1.2023604279966558,-0.8042883813963522
0.007754252936595232,-0.7786997183222825
0.029414796204205323,-0.8150139549728399
-0.7405990220262476,-0.759003711014074
-0.48227226088384006,-0.8726969833527947
0.3318848613252561,-0.8640309396774868
-1.2279578094041617,-0.7500441500432861
0.7035477748611509,-0.6946232295581194
0.6960561480327045,-0.7756673220298611
-0.5497658792491377,-0.8597955099528021
0.22635623328799367,-0.8405770907742249
0.8633476223160468,-0.7990180632950528
-0.08195365806418706,-0.9567574569510817
-0.20287173207454198,-0.9059025784866779
-0.12450672943878299,-0.9686399044717622
0.14929549926948388,-1.0540130994346644
-0.387699660772401,-0.9648288401841049
-0.2558065284399674,-0.9040244411643117
0.15957495723429962,-1.075410178756396
-0.31457653421957466,-0.8502820858623321
-0.6899897851485214,-1.0425791384076657
-1.1884228256733729,-0.8978818847765168
0.01953180233486124,-0.9185423223695197
0.6153563260783607,-1.35926166774461
0.21998869762336634,-1.1753420859143755
-0.6394374249290893,-1.1348365791299861
-0.4151624575575874,-1.190503547315536
-0.20038875375434118,-0.9748830126394594
1.0302527111839916,-1.1570803083737036
0.9992009882667069,-1.290625895250452
0.8598011195168752,-1.4255537955063258
0.06589540090251808,-1.3751399919330844
1.5078176862741768,-1.491714578074033
-0.36958614835163595,-1.2980417852046655
-0.18649226186370613,-1.3255835063522783
0.4557502520438296,-1.3799229668484099
0.13919693609396097,-1.3876017378194072
0.1717154568387462,-1.346012730741969
-1.1154284188717551,-1.1037694991941676
-0.5350865600229864,-1.214365111418688
-0.03217489441554363,-1.1926438624408828
-0.41501366159020475,-1.0268973792105394
-0.8229549030488751,-0.9782908640086514
-0.36534146951697194,-0.9411284419094429
0.16131451297285082,-1.0947385448010853
0.4100032489304225,-1.1380333415448047
-1.0144977181136903,-1.2464248637528548
-0.006538842948490826,-1.2668126674619344
-0.05522722630398051,-1.2546868066522983
0.12750499495065176,-1.140859895013737
-0.6080990636054049,-1.2055448063893786
-0.6371810560981278,-1.0798477968544185
0.6741283448071618,-1.2268560530226982
-1.3365362962399086,-1.253778049153236
-0.4445260665204223,-1.2561380612182313
-0.22269714853218972,-1.212812937446379
-0.18471657709037695,-1.046734360522125
-0.38873347926273677,-1.1066494206371658
0.24518549526311714,-1.3388513599585061
0.19895140590675028,-1.344590647706863
-0.08435232643949064,-1.116871622979527
-0.41727433540198966,-0.7990593326363693
-0.1399074832188288,-0.9540694963243773
0.04033001062652068,-1.1004997326358266
-0.4583569026316367,-0.9895269134764717
0.31857263857583495,-1.1123317177960863
0.5891932302003567,-1.032652483612103
0.8409359548178037,-1.0706227218947442
0.6719714669412153,-1.4150840763478347
-0.15081433980669803,-1.4914158494888738
0.05465798494226008,-1.5598487447083353
-0.0873474037830276,-1.2860897551276094
-0.09263215997956538,-1.2110248789556197
-0.12891823408175707,-1.177438488226434
0.0034465436718146138,-1.114327580073243
0.7123673932987277,-0.9842930600421115
0.19434701726961406,-0.9314013873797096
-0.7491870388398707,-0.858560031269463
0.6237637008454462,-0.8208323142351669
0.14712427447897244,-0.7269321217557021
0.36067065474999477,-0.6160073044814648
0.20437384286307217,-0.6954355887239817
0.19275319780383432,-1.1104559919836847
0.1712005832887771,-1.6098014709723965
-0.8543240315817492,-1.4035612085307612
0.21691142641750433,-1.5782730006235481
-0.3663107028387285,-1.3294786605037696
-0.29476637321502575,-0.9919281454399387
-0.0012005001762962644,-0.9390208578621759
0.9588193997874352,-1.0450948903324888
-0.6131970813300691,-0.9828202591696719
-0.019958840482660826,-1.1579499872417203
-0.13828301607584068,-1.230437663457369
0.4853749108169749,-1.2883551509951523
-0.14969213868708914,-1.2722882526805341
0.12240744198913478,-1.200727241528633
-0.5337624348489179,-1.2550332096502275
0.5530296552840469,-1.3837972854528575
-0.774333122437085,-1.2083672478172809
0.22603008210896636,-1.4357147106469248
0.11717560177596503,-1.3442993512916943
0.19741582311788214,-1.2799525516821004
-0.8008366742214166,-1.1232304151899146
-0.16947415666635612,-1.1595533020968334
0.5207052539906648,-1.0278949779282063
1.0933379440372224,-0.9908373300124081
-0.06868492095966101,-0.9370624532486018
0.4696066500317077,-0.9807208176641866
0.08404452270219785,-0.884097836429862
-0.03635688841848791,-0.9778658549171786
-0.2689322474660324,-0.8650970257059724
0.001981365984722983,-0.8251740393864553
0.4210333006373983,-0.9293680957591837
0.4728949625788235,-0.9389925673640229
-0.8873588183260158,-0.6608509204496467
-0.32762187172455853,-0.8484727289869425
-0.6639288750585295,-0.9072779260321501
0.03245316008817264,-0.9495468113468385
-0.22072906789401928,-0.8452963627009428
0.2239432821439533,-0.8343723011908778
0.2760877259219138,-0.7900400252584691
-1.49619523508897,-0.6855842415531805
-1.675334611241106,-0.5268166375700498
-0.0037839770711873117,-0.40484603895946303
0.9316923926747244,-0.48543198578873836
-0.40959593874876815,-0.4003176681513692
-0.4368075323198882,-0.37889522603678816
0.7513127346569156,-0.5439452162972243
0.6181042194002737,-0.5300557386746128
-0.8030984131137078,-0.3460321218846475
0.5705658686192954,-0.40480307296577206
-0.6005353591106014,-0.4770988573003642
-0.4441858819911348,-0.3819761099390836
-0.8341060365707771,-0.2720104308200572
-1.1083941515375102,-0.22722773996533208
0.11293039025357798,0.058997233817599914
-1.6177067725557999,0.3217462923652784
0.17621739456205757,0.32426852149396346
0.13981872263966902,0.33343608069022357
-0.1967293157855271,0.493846040424598
-0.6255925479678187,0.6303475804112493
-0.879397925201638,0.6219377425736236
-1.5309434631166718,0.7127861168899998
1.895876182725647,0.5429692240841233
-0.23650045757205546,0.36665358393850994
-0.24541964734174462,0.1359408816486469
-1.0087797081358927,0.19978887577625054
1.635227743274153,0.4297964152341448
-0.7987047971183099,0.6173473638140483
0.3178571971779139,0.5308978612177568
0.5446184470678802,0.46056952866873996
0.13186593738141517,0.35542872955542987
-1.5599780167727266,0.21910129625777758
0.6859106141596452,0.0975904950374016
-0.6299415245672597,0.11047436098309589
0.8113844465271918,0.040970174673069334
-0.7316975086924998,0.21824531749203394
1.683140055201177,0.127503839311689
1.0664177585445422,0.1819892969402516
1.2129780276273385,0.1415459924751033
0.6385089344948024,0.12992947284972256
-1.2555405682636043,0.26935852248432357
-1.520855718957135,0.2297423175485498
1.4437127661918978,0.20423046878624698
1.5032915220541767,0.021257145321618653
-1.1789423700291035,0.045804385956081245
0.10290425811439632,0.017038842328771505
1.05417136151534,-0.14542876370119198
0.29910109960331904,-0.32589492011758003
0.3724893209126701,-0.37948805585288364
-0.6223938053486191,-0.37250254659621396
-0.14984272003128724,-0.41260846995497535
1.3281704101128389,-0.5758693198613491
-0.16002953704462017,-0.8427679038745655
-0.5950473057155419,-0.814593555655833
-0.5108361987886475,-0.5892277168028551
-0.13357524028720963,-0.4218067344536165
0.049545273274288565,-0.43894434216343314
-0.0709542342073643,-0.44862313076859134
1.0984754878871088,-0.8954003345128888
-1.3290023886699869,-0.8189823543879963
0.010055724306234411,-0.7358552804352219
0.3125272412679407,-0.8291761701524633
0.6910198045607936,-0.7769028535421891
0.1315091458572017,-0.6723472183434313
0.1850062407390831,-0.7755639812987013
0.4630451338655649,-0.820264258662982
0.0009756493558218306,-0.6344145375929979
-1.7746075469864708,-0.6457292677098887
-0.873043776275001,-0.61451605004898
-0.17043084676498574,-0.8027923012271524
-0.6451468208687459,-0.8466482941027031
1.646023584518404,-0.8015025075133514
-0.2727379419025986,-0.8238070808311853
-0.7002495805621716,-0.9907759803551446
-0.06703357621007368,-1.1119114619697525
-0.04407354318760908,-1.310063165719424
-0.4131290672647591,-1.2243059603411304
0.20190558546917114,-1.1908113031189567
-0.8109818799448576,-0.9750233570311931
-0.527475939086886,-0.8335461244197231
-0.0063995404797204695,-1.016539820888692
-0.19714398248155984,-0.9448666560810969
0.3697786177795411,-1.010807925056212
0.9316350909679274,-0.9944876157604838
-0.1654632646726163,-0.877960246771176
1.3145479534122688,-0.7719815305562105
-0.8202431937156738,-0.8070822753342654
0.8732820911028069,-1.061713457234639
-0.7926607279962371,-1.0238299387741638
0.2463682744328921,-1.0679337661998936
-0.3744641125347324,-1.1046862495936978
-0.3983636124115425,-1.162372034468683
1.1971019595418062,-1.2899755173972556
0.43786699527827605,-1.4113162077271277
-0.08882357084885056,-1.4777233519320987
-1.288453930140323,-1.4435221823153268
-0.8190016325699527,-1.5866756015565704
-0.6217564811855455,-1.3073066188525713
-0.02529232391619926,-1.1271055572031037
0.24282025213537572,-1.0524587103008192
-0.5700725902379151,-0.9152544488437591
0.4316444108365658,-1.0473590635487053
0.336951412670978,-1.0143538721028202
-0.31413573750600376,-1.1185587070920657
-0.712859778708071,-1.0149549214561144
0.1847490246586745,-1.1419841393214165
0.01560448223252065,-1.06560358067686
0.39252282632694413,-0.9084046357083337
0.7232500623519157,-1.1369976316557697
0.8666326425409637,-1.3281325396851351
0.5220374325111863,-1.3878223026369878
-0.1870422042193498,-1.580103140609573
-0.07143286678007874,-1.7524025325265933
0.43347647128157074,-1.6053407532355601
-0.378664452078611,-1.4881850563080405
-0.3425174785107315,-1.5007777017965613
0.3570182680219922,-1.5488477405986811
0.7341315404288005,-1.7254997480885468
0.4132596498769609,-1.7660306070378595
0.31384838002675997,-1.8608205231692119
-0.019688195274899276,-1.8462827391949934
-0.362348117528069,-1.6721830591570521
0.2887365734730482,-1.6236812261521565
0.7144989277395072,-1.5319678009043831
-0.1825574691017855,-1.4394269974328646
-0.313340402290919,-1.3764401912552198
-0.344349024136232,-1.1097124702893388
0.20342830440649107,-1.162021272011891
0.5558053644274924,-1.528653239750082
-1.073578001725575,-1.2583534740325872
0.032812832477247644,-1.2226040746739657
-0.7578524051033084,-1.1194643922579455
1.1222794615690042,-1.1590769949904038
0.09202285907591816,-1.2240674519936674
-0.18973570931383849,-1.4643433838033657
0.1305312389817209,-1.3599046362959637
-0.8156418802518356,-1.3168566223537677
-0.5905269611014786,-1.3459438750073554
0.023906823954674104,-1.6103484634572343
0.28438969452103946,-1.5401796462301574
-0.10070183755371989,-1.8273950510951125
-0.4550129612703224,-1.5676831433158942
-1.3881963836050006,-1.3874476934671902
-0.653189083789861,-1.1828074562326838
-0.3945611895469596,-1.0742145195472579
0.3649308412497606,-0.8758648817547807
-0.13498458677812342,-0.8155186929699916
-1.1251707192940694,-0.5550347132230435
-0.5678702393154859,-0.5841896109276841
-0.014927914414049412,-0.7980199699223609
0.16156983672072672,-0.6955595675457041
0.1837200979124149,-0.9330666654701286
-0.08178093431446253,-0.8293965863829197
-1.2380784404171303,-0.8332817320075306
0.5676571566073646,-0.868937624234263
0.2958487725104135,-0.6622119029256849
0.3433108576269796,-0.6220248447438294
1.759450736792621,-0.8644440407555796
-0.5475277300533012,-0.7530971299820998
0.28530350366540863,-0.861850879785258
-0.8086648777011135,-0.4885079846771177
0.23930407868957698,-0.623492666883032
0.6397706528738357,-0.7176610306403137
-0.18416994325062713,-0.6341237026067492
-1.0049116986312259,-0.5024012039125079
1.4169799409135135,-0.6002425236540573
-0.2718379090152632,-0.649894248447289
-0.29461802831720096,-0.6626126426133632
-0.29052773171174034,-0.5253664255157564
-1.493549995861877,-0.2976376587515538
-0.33653879611894294,-0.24126508585644235
-1.1231015586385986,-0.006908801593359493
1.2422329933873875,-0.005469693678884814
-1.6623912163489898,0.18600699186942174
0.38733699182973785,-0.0884682014565687
-0.02350116429961405,-0.06663743242130284
0.5254448071993912,-0.11331702795231047
0.2955837246649287,0.02966786177230568
0.9713935933654212,-0.4656160809274459
-0.24980235373976947,-0.4792285027786374
-1.4699222314428004,-0.3512095165854617
0.9225714904972997,-0.6054793694198558
0.22987753471797318,-0.761514018247138
-0.5164349559213633,-0.5263561331366485
-0.43544976352369996,-0.43983044901971674
-1.8029128432368664,-0.07437202913227331
0.5532539081631298,-0.17104722671956096
0.46601074158757605,-0.4222227142006174
0.8891320566342241,-0.5703326953089441
-0.1487947703812409,-0.6317854386920487
-0.45017178353814075,-0.5090426607854671
0.20349951013343967,-0.4582998276210711
-0.007174519291894581,-0.40722462003948906
-0.39763642401376964,-0.10394356290076806
-1.6905291524495554,0.15057008843636777
1.3029915190938774,-0.09723874912451896
2.055617386222739,-0.1621991263048009
0.8542342229089925,-0.25652838915227416
-0.1879295623908876,-0.2897435802102556
0.36080783454297854,-0.15832163108589528
0.15484835176655878,-0.31557054825605835
0.7173410862544933,-0.2782744694233171
0.5771048818570853,-0.2521825512425782
-0.22460992578033612,-0.3749766977298096
-0.6624079716107668,-0.5410657975179058
0.1769948518417418,-0.5834452843866845
-0.2740477289125052,-0.9468889958833049
-0.8748780261720727,-0.709332044123327
-0.4871358449666716,-0.6213628998082812
-1.1723767518613868,-0.3415272811228327
-0.12317478304980337,-0.31280203546327917
1.9909766984075186,-0.31086011122632934
-0.2528079493190696,-0.38560344881332503
-0.2783306691785639,-0.31338174400608004
-0.08712785050341199,-0.37743220215759227
1.1307159073620427,-0.5209841300425043
1.6237080608929388,-0.6960359833069415
1.2011488298804724,-0.7926366287746389
0.5943140090996039,-0.9652093096767039
-0.5602580306210987,-0.8425035333952521
0.6252629487459479,-0.9161404475683081
-0.7806742565692685,-0.998879479147513
-0.8145826068532624,-1.121498712723614
0.06707638242455471,-0.979917660814574
-0.007098311391081972,-1.2731504374123488
-0.10099994342533003,-1.2717970997840555
0.9370344229217722,-1.6101308604683076
-0.19982020726915267,-1.3409293509895126
0.23593651996189632,-1.291273331268451
0.06138576524614952,-1.2482680411634297
0.38532089206898484,-1.40429607212598
0.38742541637093414,-1.6363799071946485
0.14617234344470292,-1.6186969757057452
-0.2829562094191532,-1.556860988528743
-0.27519137418027817,-1.6326827335727283
-0.14884586117391413,-1.7305934765026993
0.1259496338016182,-1.882285970183601
0.2538385638078479,-2.0626943008323098
-0.20121523112685902,-2.069479715959468
0.4651410848060446,-2.0938754066185146
-0.07865986577397484,-1.9803935534299957
-0.8573437357631429,-1.7985455384351852
0.7697405925771049,-1.9072104201204616
0.027420424357811075,-1.8138836300087466
0.31089079673357983,-2.1161160492454463
-0.6412136471188128,-1.929140441592471
-0.30905003351410465,-1.6772134050789755
-0.12283539233205759,-1.8845618379146185
-0.43928501726523045,-2.1201173317904236
-0.0821990996924252,-2.0934262125226
-0.16509235499517141,-1.888638224601735
0.44667958223953225,-1.9740021710730105
-0.9103526103890448,-1.7044928513808801
0.23917786831886192,-1.6848189390566963
0.3816335675097442,-1.8892009604696738
0.6897734049622598,-2.1378149067169714
0.22803611948218733,-2.379065074312386
-0.3302990819896397,-2.0709412051028044
-0.1003905767827074,-1.9101363352359855
0.09099028188041307,-1.9142383637474274
0.4967792014777191,-2.0198428703317033
-0.6683186876261252,-1.9600361748997406
0.21092118839061852,-1.9211963292746734
-0.61516618617697,-1.870125924056084
-0.23091670997080715,-1.8478689380662887
-0.5591622276138504,-1.8008671521745305
-0.3238091033763012,-1.6219702407920642
0.34879368069167455,-1.6829365660189248
-0.17485008737171076,-1.614868783023112
-0.35179202863592657,-1.6841574440280516
-0.40680127024738544,-1.67558077903619
-0.5368212282719205,-1.547000666419501
0.29794540076663106,-1.7914894389798532
0.010225771097496707,-1.7981999070369872
0.13873965397721746,-1.8015478565218452
-0.581471927118214,-1.8324706551727072
0.012727511020327152,-1.6760607419721492
-1.0751752025639647,-1.444803666754008
0.5506563703022925,-1.5405598515826042
0.24028280579223554,-1.6569395959380402
-0.047597259206138665,-1.8388417857430042
-1.0989051507342062,-1.5153819139872566
-0.4687296540754316,-1.4852206398739285
-0.6387898777297499,-1.549841288898002
-0.07752345732125282,-1.6150830803454517
0.17272858573118144,-1.5661919477309745
0.14838870878359567,-1.5422747608273268
0.6469407946923901,-1.7830236321096256
-0.024581944018302024,-1.608272084304418
0.49655044834268475,-1.8695569232520888
-0.13732255155661321,-1.6436184518648447
0.22410438430641458,-1.6370504193466127
-0.09532697047499421,-1.6514697575074486
0.12403423289156293,-1.6863264550381643
-0.018637688185796013,-1.6523329933786546
-0.3182578104002474,-1.5127820055580976
1.1009886463545588,-1.9468042297987989
0.11675244683248699,-2.0414526314864507
0.20743262847430913,-2.0474662526601093
0.29163897710068476,-1.9204785894976488
0.0798034979223965,-1.760237909618485
-1.190632458057256,-1.3550026162703879
0.20252404709506153,-1.2324662400678625
-0.6555951253148876,-1.2419217453280944
0.07820022412819636,-1.2478227517780762
0.16163188714877635,-1.1207355613022754
-1.1493147851948078,-0.8582191625959479
0.005308401358091315,-0.8895657712495636
-1.0278016158234293,-0.7171972166100651
-1.9177116375101508,-0.46039435847527266
-1.2477267963686742,-0.35773020350653695
-0.10696211456807106,-0.21613317266402332
-0.1525125481809803,-0.31642128396283953
-0.47387164726257447,-0.13358112117896243
0.4733062644319763,-0.2498907643011577
-0.18802975288136098,-0.45824283577618197
0.26937590473072026,-0.7322378820932366
0.5090224427324491,-0.7799470455822018
1.3713233799919675,-1.1084818197525363
-0.06665174872958883,-0.86392328348504
0.7055484661448455,-1.0478004064657063
0.13163705056887545,-1.062904227382741
0.15684970271342633,-1.172925041619328
-0.045056364880352036,-1.3686313532033476
0.07021522608180246,-1.3092472711856304
-0.10781735245328578,-1.4927146620494365
0.4658487056479502,-1.5047199204192248
-0.3478535929908172,-1.471578257770329
-0.716676004678412,-1.4780853878216078
-0.28588585591995774,-1.2638304307143553
-0.3644169352447858,-1.1247865695520889
-0.3186891457764705,-1.048459924275291
-0.08912740840624281,-0.922988084692949
-0.31018892397160663,-1.0894650036863887
-0.8165892615326992,-1.0522277894418692
-0.794966397874973,-0.9036933539803423
-0.3514608268055098,-0.5631795015492043
-1.4089142901905636,-0.4195027959950336
-0.9159408703390051,-0.4164159496071613
0.09736124098856627,-0.7466045342006292
0.18216984646030623,-0.5247734264266513
-0.3582471256823672,-0.4712723206417532
0.7648813780992542,-0.5853014624163183
-0.3798527260741121,-0.849797235094979
0.4052384517751075,-0.9170786296564192
-0.6696629798582922,-0.8271695868422113
-0.3802169376941164,-0.8572230405119171
0.3531668985757333,-1.080839161232421
0.5363149611939306,-1.3385273914177611
-0.39618808527391114,-1.028870925922745
0.6504670291118213,-1.099877274716469
-0.5439709993388704,-1.0950956797806382
0.04242728868386095,-1.0928640471154165
-0.052762784881676246,-1.0872680670489236
-0.11440927118634538,-1.2558904243267548
-0.29939535523525895,-1.090662256085152
-0.8258216153975325,-1.009941299349319
-0.5139653614691301,-0.9336966706238657
-0.2718706255827478,-0.7146192151363995
0.3179509678474193,-0.9315826051957636
0.39025686868177434,-1.0846074559026757
-0.3503111882685786,-0.9980282178317543
-0.3222587322310809,-0.8452209419891858
-0.5007669700982116,-0.8721795748353439
-0.41846510945851056,-0.90026499939022
0.6994704497145495,-0.9040133814637962
1.1807844642522927,-0.7405631534725936
-0.740305250844419,-0.6618947684968258
-0.8351622470506083,-0.6848368748281686
-0.42567185927526113,-0.7843640268248913
-0.7299666929113137,-0.7306846511279321
-0.9296938403687078,-0.5381147292413742
-0.8651006412418094,-0.11816605678962577
-0.4290671699443505,-0.10141187515048465
-1.424724652320613,0.1904088904978512
1.182386735734536,0.10930457574933428
-1.4917267337441393,0.20440205981214227
-1.3990270254320418,0.4423428475979445
0.9643265875349434,0.35078085205748927
-2.9245177936830182,0.36523611823837554
0.8528376207118822,0.4302551631514496
1.1644948948929426,0.0973512169305612
0.3289185877778678,0.17373355372225724
-1.8903261341794528,0.26186988786158394
0.29730404184859366,0.16440514569720915
-2.073818055892764,0.22607570488811857
-0.3607542065458627,0.19460617141993145
-0.6053799704827468,0.14347937635036037
-0.0432208999501715,0.1696295054246496
-0.32070104894575324,0.104157670686196
0.08417647416363586,-0.1854279108573743
0.42188476241287465,-0.24571585653562947
0.03688957321747893,-0.14651834783476891
-1.695939909273051,-0.2820701737683088
0.232729777021589,-0.32506786355497574
0.1380730861637191,-0.41811116641911217
0.5537393789210548,-0.36424101740656817
0.3857929353105428,-0.45349506958198105
-1.8958150869689547,-0.21188679877279676
1.0817197868961694,-0.24342925092576995
-0.8314765750562657,-0.11262473206886223
0.8599750397713941,-0.0012895476400128225
-0.8783205359884905,0.005040069653483158
0.7202367200646219,-0.07369874922710193
-1.1377194472385967,0.03617201875193485
0.5709347241974719,-0.026886048924795194
0.20823379438613254,-0.10615521944086746
1.2342408872580908,-0.36084482984913474
-0.49685559520676886,-0.33454336767810905
0.6462982250595835,-0.6149430993623988
-0.8814279765818989,-0.7929312482062219
0.02036454158039994,-0.946867639689148
-0.25346397513747226,-0.8337048051538517
-0.4386092855059934,-0.7605335408703621
-0.21542106852218187,-0.6579569808947681
0.31948666408975207,-0.793737700312277
-0.12175255368232743,-0.6516904431791398
0.25422285517352117,-0.8731136896731425
0.3845543196186849,-1.066986686407437
0.8406581558056804,-1.0378812243690145
0.17251003487106958,-1.0380610528230734
-0.13109720848492548,-0.9330989551880313
-0.23918943614176116,-0.8766961999716815
0.5239145257351345,-1.0187712022673132
-0.3507194742504831,-1.1271462378565809
-0.5610044989577695,-1.2810119129417257
0.42269169491672864,-1.0923338227218224
0.7050783127076021,-1.4076980501779994
0.38506959884073505,-1.26509417515183
-0.249489395327734,-1.209702193528135
-1.2068351888931081,-1.0181691042755578
-0.6741245898219493,-0.9119237018902373
-1.0854323840191598,-0.7269564197117272
0.6487907378099065,-0.913724226174035
-0.6523106750166177,-1.1111189146819664
-0.14891444415617802,-1.1633556004520902
-0.9486385696942408,-0.9832796138088475
-0.2609408984723457,-1.08977564694741
-0.3524948188695973,-0.9063229052305609
0.3709956863733702,-0.9712443697170452
0.345019699574812,-1.169346801878599
0.018237081530630996,-1.147556423264867
-0.2777503343524332,-1.051324295245193
-0.4914387307294902,-0.9250244046430814
0.28131795227187956,-1.3476132649063022
0.4785625903816924,-1.8223568781718054
-0.2742893601954764,-1.618285878101794
-0.13118438981824548,-1.7664039434884973
-0.5094666123587974,-1.5279825760142107
-1.0433362197600895,-1.2213700128306861
-0.027839095187861426,-1.365492952145157
-0.28341623746441,-1.4429358512693868
0.4302688176853415,-1.399469502341773
-0.8925687083205724,-1.3109764863415547
-0.5058254287726465,-1.068876393165354
-0.9245939726661302,-0.7571571937887738
-0.021093329905390874,-0.9128850795297924
-0.41723851502896137,-0.9688363053818594
-0.8283815748610639,-0.8618564656460993
-0.7237896738045941,-1.0571449843228935
-0.20209605474653167,-1.261152789299805
-0.3897280492999367,-1.3150020699433949
-0.5336557585762471,-0.9802780707413007
0.03502497034675663,-0.9532259670854528
-1.129090087382825,-0.9063516188774249
0.12682968593982355,-1.0583989773808633
0.4785785191244314,-1.2809865907885523
-0.14747611793309473,-1.3272098740972624
0.08107380355457176,-1.412919728292766
-0.13379135941256787,-1.4108893131253155
-0.3871464959802748,-1.2804680099264232
0.12435980004124572,-1.3014443868992582
-0.24141784891169413,-1.1566425754331588
-0.13111578180249078,-1.1740968762634578
0.06489934714448746,-0.9563326471408937
-0.9179439943609906,-0.7571086081254021
-1.406580856907102,-0.5941829016008126
1.1317934497617137,-0.6610087231906611
0.11687192700277654,-0.7567798640135693
0.020820418810007114,-0.7991489283531139
-0.5311189195434726,-0.7838821619485019
0.12618333402798415,-0.904908704871714
-0.4832034460583748,-1.0239911130170958
0.23916075982562396,-0.9817361868625395
0.1496251314286184,-0.8742793097214768
0.05791479702852805,-0.8337172886628728
0.19633066167773364,-0.873384974267667
-0.40324888892875,-0.5497449259601794
