t,h_true,filtered_mean,filtered_var,ffbsm_smoothed_mean,ffbsm_smoothed_var,two_filter_smoothed_mean,two_filter_smoothed_var,fixed_lag_L5_smoothed_mean,fixed_lag_L5_smoothed_var,fixed_lag_L10_smoothed_mean,fixed_lag_L10_smoothed_var,fixed_lag_L20_smoothed_mean,fixed_lag_L20_smoothed_var,fixed_lag_L50_smoothed_mean,fixed_lag_L50_smoothed_var
0,-0.811984,-0.947086,0.297724,-1.023269,0.276735,-1.015383,0.071214,-1.055364,0.343927,-1.061271,0.355030,-1.060207,0.369545,-1.028848,0.380161
1,-0.705057,-0.964192,0.303857,-1.028738,0.279768,-1.042367,0.072203,-0.937755,0.318260,-1.160445,0.381941,-1.119410,0.380106,-1.054372,0.380982
2,-1.006561,-0.886375,0.287985,-1.033000,0.282226,-1.063909,0.073512,-1.014164,0.337168,-1.130172,0.374613,-1.117892,0.380993,-1.069423,0.381330
3,-0.987188,-1.194803,0.378654,-1.044307,0.288964,-1.112956,0.077252,-0.974936,0.332901,-1.127714,0.378171,-1.119287,0.383806,-1.067519,0.387834
4,-0.990092,-1.047438,0.326774,-1.033770,0.283508,-1.081141,0.075187,-1.191353,0.382699,-1.110070,0.367751,-1.131894,0.377936,-1.004856,0.379536
5,-0.858480,-1.057763,0.323285,-1.031526,0.283141,-1.076961,0.073641,-1.063893,0.338292,-1.100729,0.355004,-1.026755,0.355026,-1.068330,0.369828
6,-0.852821,-0.924880,0.290866,-1.028069,0.283297,-1.066408,0.070479,-1.179842,0.366466,-0.966949,0.330789,-1.108292,0.365045,-1.021371,0.371275
7,-0.787110,-1.016055,0.309875,-1.035533,0.288822,-1.095537,0.073458,-1.147522,0.355315,-0.825947,0.310250,-1.048539,0.354120,-1.061890,0.367830
8,-0.738184,-0.959528,0.310820,-1.035968,0.291007,-1.107129,0.077385,-1.134567,0.364465,-0.939240,0.336905,-0.829463,0.351693,-1.062401,0.378809
9,-0.614271,-1.196109,0.371722,-1.040595,0.294101,-1.139240,0.081611,-1.102678,0.353976,-1.018699,0.343247,-0.970030,0.351785,-1.049821,0.371331
10,-0.653572,-1.048369,0.323298,-1.029610,0.289016,-1.113857,0.080502,-1.090348,0.346026,-1.044644,0.344252,-1.095266,0.363747,-1.051087,0.368166
11,-0.480584,-1.176688,0.357677,-1.027276,0.289220,-1.117357,0.085596,-0.930239,0.314468,-1.122168,0.359259,-1.055562,0.357727,-0.987818,0.366993
12,-0.560415,-1.136121,0.348152,-1.016458,0.285214,-1.080981,0.087228,-0.762271,0.292198,-1.118825,0.361522,-1.009217,0.353609,-1.034475,0.367247
13,-0.493756,-1.125335,0.350483,-1.007455,0.282066,-1.048554,0.087991,-0.902114,0.314477,-1.111617,0.362486,-1.060495,0.364384,-0.974374,0.368897
14,-0.447034,-1.105706,0.343574,-0.999226,0.277944,-1.014673,0.086735,-1.009259,0.330158,-1.132981,0.364604,-1.092875,0.368394,-1.002777,0.368328
15,-0.142376,-1.089409,0.339206,-0.991882,0.274481,-0.984198,0.082951,-1.035970,0.337101,-0.989105,0.337631,-0.951210,0.346116,-0.971565,0.370403
16,-0.244941,-0.909614,0.291322,-0.985364,0.271058,-0.948723,0.076748,-1.131616,0.356405,-1.096895,0.355904,-1.064145,0.360598,-1.034438,0.364944
17,-0.175196,-0.723582,0.261352,-0.991745,0.274970,-0.957158,0.074348,-1.134471,0.356418,-1.022230,0.340037,-1.039541,0.355648,-0.999720,0.365324
18,-0.217032,-0.890824,0.290297,-1.017903,0.290168,-1.041843,0.078965,-1.133223,0.356045,-0.750284,0.304658,-1.095114,0.367503,-1.009773,0.366170
19,-0.364193,-1.017265,0.314111,-1.027907,0.297401,-1.089515,0.078102,-1.160132,0.362128,-0.952136,0.328395,-1.092671,0.365700,-0.796761,0.361593
20,-0.271779,-1.054317,0.321475,-1.027773,0.300366,-1.103996,0.080184,-0.999246,0.323229,-1.122076,0.358981,-1.049366,0.357238,-0.856089,0.364298
21,-0.393452,-1.168916,0.357570,-1.024808,0.302375,-1.116700,0.083702,-1.128667,0.357691,-1.081042,0.354767,-1.090950,0.368875,-0.865677,0.369847
22,-0.394146,-1.169913,0.358147,-1.014701,0.299589,-1.107054,0.083470,-1.037300,0.334837,-1.021284,0.340847,-1.081256,0.366930,-0.856125,0.361989
23,-0.281607,-1.171336,0.361381,-1.004166,0.296575,-1.091132,0.081644,-0.723446,0.284812,-1.104406,0.364302,-1.112702,0.375885,-0.852636,0.368822
24,-0.201322,-1.200444,0.367880,-0.993004,0.293605,-1.066682,0.079679,-0.956907,0.314693,-1.146866,0.372831,-1.095491,0.368644,-0.859968,0.363605
25,-0.181914,-1.005657,0.312539,-0.980247,0.289568,-1.030389,0.077041,-1.150201,0.365734,-0.956901,0.327826,-1.114849,0.377073,-0.838288,0.348503
26,-0.425030,-1.155558,0.355295,-0.979019,0.291399,-1.033582,0.078591,-1.099123,0.350662,-1.109416,0.361859,-1.115900,0.373653,-0.840650,0.351315
27,-0.512835,-1.051753,0.320934,-0.968216,0.287855,-0.997138,0.077883,-1.034296,0.328656,-1.075938,0.348483,-0.964741,0.340089,-0.814130,0.334574
28,-0.568722,-0.682969,0.240089,-0.963192,0.288211,-0.973972,0.077259,-1.125068,0.354904,-1.148636,0.369924,-1.045533,0.357101,-0.820581,0.343005
29,-0.711535,-0.948366,0.296526,-0.993563,0.308600,-1.093885,0.085021,-1.167148,0.369195,-1.136235,0.366404,-1.052678,0.360406,-0.808904,0.335866
30,-0.972619,-1.173849,0.357718,-0.997374,0.315226,-1.140474,0.090387,-0.950119,0.311589,-1.075722,0.351776,-1.000927,0.351116,-0.819149,0.339816
31,-0.949028,-1.112529,0.342300,-0.986070,0.313222,-1.124232,0.086401,-1.125609,0.358206,-1.125123,0.364833,-1.073199,0.365632,-0.795006,0.339694
32,-0.843873,-1.037413,0.315468,-0.977951,0.312885,-1.118441,0.084081,-1.086967,0.343422,-1.117051,0.360503,-1.117088,0.369179,-0.795740,0.343876
33,-0.900865,-1.135328,0.352541,-0.974159,0.316180,-1.139933,0.086987,-1.164205,0.372918,-1.146031,0.371431,-1.104672,0.370634,-0.796575,0.344047
34,-0.775143,-1.186877,0.373722,-0.964195,0.315717,-1.139074,0.085882,-1.150397,0.368028,-1.119127,0.366278,-0.948027,0.344872,-0.786010,0.339322
35,-0.973242,-0.934575,0.291626,-0.951384,0.313452,-1.122779,0.084289,-1.081867,0.346046,-1.150384,0.370794,-1.114480,0.371467,-0.769165,0.340017
36,-1.111962,-1.149295,0.351760,-0.954387,0.321054,-1.183061,0.088347,-1.146817,0.361569,-1.156048,0.369510,-0.993059,0.351220,-0.749299,0.342258
37,-1.087239,-1.096638,0.339412,-0.942922,0.319559,-1.179874,0.087702,-1.131601,0.361091,-0.941935,0.331382,-1.098434,0.371545,-0.753890,0.346755
38,-1.148710,-1.194249,0.367314,-0.934175,0.319661,-1.191916,0.088320,-1.174652,0.367631,-1.054320,0.348169,-1.121874,0.373276,-0.749872,0.341246
39,-1.050410,-1.182340,0.361659,-0.919699,0.317019,-1.177388,0.087315,-1.144911,0.360504,-1.069202,0.351569,-1.120972,0.372388,-0.757582,0.348094
40,-0.980382,-1.097512,0.333172,-0.905356,0.314355,-1.163963,0.088265,-1.176432,0.363706,-0.996863,0.333301,-1.122695,0.365495,-0.748180,0.348008
41,-1.035428,-1.167193,0.354312,-0.894957,0.314404,-1.174955,0.088871,-1.178591,0.367198,-1.098830,0.356308,-0.978298,0.344334,-0.712111,0.348353
42,-1.213741,-1.157781,0.353049,-0.880589,0.311691,-1.166206,0.085718,-0.936981,0.311545,-1.157220,0.371507,-1.115277,0.367999,-0.691719,0.351564
43,-1.277740,-1.210208,0.377764,-0.866206,0.309275,-1.158290,0.085068,-1.066561,0.349577,-1.151676,0.379529,-0.968450,0.349454,-0.680993,0.359773
44,-1.197295,-1.165853,0.367487,-0.849372,0.305040,-1.137637,0.081845,-1.075153,0.351943,-0.930356,0.326656,-1.028264,0.360343,-0.665919,0.358829
45,-1.091569,-1.211586,0.380032,-0.834103,0.301703,-1.126109,0.077916,-0.998069,0.327085,-1.160771,0.379755,-0.955132,0.344527,-0.696894,0.353998
46,-1.152316,-1.214795,0.383092,-0.815940,0.298006,-1.102222,0.075397,-1.119555,0.361153,-0.990324,0.334774,-1.127660,0.377856,-0.652732,0.345563
47,-1.400847,-0.927945,0.292899,-0.797126,0.294123,-1.070827,0.074271,-1.185679,0.381346,-1.139266,0.372919,-1.035292,0.358612,-0.665642,0.343870
48,-1.587227,-1.083699,0.336586,-0.792904,0.298686,-1.106469,0.077491,-1.182791,0.382815,-1.176178,0.383586,-1.064783,0.365122,-0.664287,0.332141
49,-1.509644,-1.098956,0.338420,-0.778948,0.298884,-1.106429,0.077689,-0.931869,0.307903,-1.169071,0.380141,-0.616267,0.314839,-0.655843,0.325347
50,-1.551079,-1.005374,0.310491,-0.763283,0.299148,-1.099085,0.077021,-1.192662,0.382705,-1.177157,0.381885,-0.642542,0.323337,-0.638254,0.329027
51,-1.587986,-1.148049,0.357440,-0.752296,0.301206,-1.119644,0.077549,-0.996710,0.324159,-0.984532,0.334268,-0.672409,0.322795,-0.632402,0.330522
52,-1.710389,-1.219583,0.379817,-0.734092,0.298576,-1.110173,0.078620,-1.165696,0.369631,-1.162418,0.374005,-0.650358,0.313385,-0.613395,0.322362
53,-1.831581,-1.212733,0.379345,-0.712118,0.294227,-1.078872,0.082028,-1.203802,0.382790,-0.966959,0.326556,-0.640528,0.300996,-0.599113,0.308942
54,-1.680587,-0.913689,0.289783,-0.689751,0.290084,-1.039280,0.083514,-1.190080,0.382355,-1.045418,0.351437,-0.625497,0.297981,-0.583819,0.308797
55,-1.595006,-1.212435,0.381319,-0.681074,0.294150,-1.083713,0.088258,-1.192541,0.382342,-0.936248,0.330378,-0.573670,0.302807,-0.565410,0.311951
56,-1.666278,-0.980867,0.313773,-0.658130,0.289282,-1.049386,0.085954,-0.966012,0.327656,-1.166995,0.383435,-0.580369,0.297820,-0.544255,0.308317
57,-1.635470,-1.177799,0.372246,-0.644700,0.289656,-1.078921,0.089895,-1.172018,0.378413,-1.039251,0.354633,-0.498484,0.290840,-0.534235,0.298836
58,-1.581505,-1.227444,0.399021,-0.621951,0.285651,-1.057138,0.088370,-0.948313,0.327366,-1.076509,0.370336,-0.524816,0.282547,-0.513236,0.290315
59,-1.323793,-1.209969,0.387671,-0.597233,0.280853,-1.024775,0.086335,-1.042194,0.349085,-0.447678,0.277690,-0.492117,0.273618,-0.490813,0.279301
60,-1.467604,-1.214920,0.390161,-0.572372,0.274873,-0.984160,0.085956,-0.914961,0.323650,-0.471698,0.271778,-0.487617,0.275164,-0.463562,0.280179
61,-1.420576,-0.952913,0.320843,-0.547047,0.268885,-0.935135,0.084097,-1.187329,0.394606,-0.499802,0.273573,-0.455548,0.272995,-0.445020,0.278624
62,-1.282692,-1.194379,0.386520,-0.531799,0.266645,-0.933751,0.085931,-1.038945,0.359440,-0.476807,0.277363,-0.427016,0.277880,-0.428049,0.284146
63,-1.054716,-0.932984,0.318448,-0.506896,0.257852,-0.872304,0.081390,-1.080050,0.370189,-0.466345,0.275878,-0.439105,0.278796,-0.414060,0.283481
64,-1.149037,-1.043080,0.341824,-0.491654,0.251480,-0.851637,0.082616,-0.352855,0.273605,-0.453823,0.263229,-0.434787,0.265149,-0.403742,0.268583
65,-1.203038,-0.902708,0.302961,-0.470448,0.243664,-0.793109,0.080409,-0.392997,0.248877,-0.394472,0.250663,-0.407577,0.253661,-0.387882,0.257427
66,-1.101674,-1.205504,0.384165,-0.454274,0.237791,-0.746283,0.084740,-0.422334,0.244920,-0.403615,0.245344,-0.334031,0.247615,-0.363204,0.252862
67,-1.319245,-1.035299,0.339764,-0.426650,0.225239,-0.612075,0.085354,-0.393142,0.231249,-0.293743,0.232218,-0.364938,0.237632,-0.340585,0.240548
68,-1.262640,-1.082182,0.352734,-0.403945,0.214356,-0.478665,0.080800,-0.378808,0.221676,-0.333617,0.221318,-0.344613,0.226127,-0.323175,0.228548
69,-0.955251,-0.252152,0.212101,-0.379410,0.202144,-0.340588,0.068282,-1.018705,0.403793,-1.018143,0.405186,-1.021582,0.404664,-1.016974,0.401696
70,-0.894432,-0.329565,0.215534,-0.411927,0.211314,-0.393137,0.071078,-0.331486,0.219071,-0.352414,0.224410,-0.344764,0.230005,-0.326916,0.229055
71,-1.217406,-0.425703,0.240009,-0.438223,0.220599,-0.434619,0.075424,-0.402411,0.238906,-0.365248,0.237591,-0.312437,0.238294,-0.354605,0.243984
72,-1.332825,-0.442032,0.243822,-0.455919,0.225550,-0.447821,0.076702,-0.308848,0.229959,-0.372274,0.242091,-0.282036,0.241762,-0.376793,0.249112
73,-1.414655,-0.477100,0.251634,-0.473493,0.230880,-0.456869,0.075835,-0.414709,0.245844,-0.434934,0.252179,-0.336633,0.248424,-0.404165,0.255058
74,-1.242318,-0.502563,0.260313,-0.488834,0.235674,-0.460401,0.075808,-0.420746,0.253719,-0.470834,0.264659,-0.326743,0.258518,-0.426974,0.266518
75,-1.258844,-0.456088,0.254221,-0.502758,0.239448,-0.455101,0.072722,-0.487288,0.264148,-0.479652,0.267609,-0.460274,0.270183,-0.450917,0.270573
76,-1.502281,-0.531847,0.275868,-0.521716,0.244971,-0.468529,0.072913,-0.482672,0.270618,-0.415726,0.265440,-0.359450,0.271565,-0.467513,0.279362
77,-1.495280,-0.399121,0.247175,-0.534981,0.247268,-0.473889,0.071294,-0.485144,0.272849,-0.529036,0.285103,-0.452065,0.281770,-0.489683,0.284917
78,-1.460881,-0.528012,0.279048,-0.561738,0.256332,-0.531280,0.077262,-0.554999,0.291203,-0.550020,0.294562,-0.508718,0.292433,-0.514002,0.293781
79,-1.521948,-0.520365,0.278651,-0.577728,0.259935,-0.556156,0.079838,-0.585591,0.299781,-0.560717,0.299006,-0.530682,0.298269,-0.530682,0.298269
80,-1.651058,-0.592605,0.297659,-0.595092,0.264434,-0.581217,0.080913,-0.582620,0.303091,-0.576646,0.306110,-0.549292,0.305908,-0.549292,0.305908
81,-1.312255,-0.583626,0.295228,-0.607278,0.266146,-0.592894,0.080690,-0.499255,0.284819,-0.493772,0.290995,-0.569333,0.310178,-0.569333,0.310178
82,-1.177114,-0.577143,0.290633,-0.620939,0.268218,-0.613802,0.078349,-0.631616,0.310889,-0.423304,0.278930,-0.587932,0.311105,-0.587932,0.311105
83,-1.032065,-0.651207,0.305884,-0.635771,0.271189,-0.640682,0.076961,-0.644349,0.310792,-0.488932,0.285047,-0.604576,0.310671,-0.604576,0.310671
84,-1.054599,-0.683145,0.314854,-0.645646,0.272393,-0.649530,0.075054,-0.652767,0.312882,-0.449312,0.281585,-0.621358,0.314758,-0.621358,0.314758
85,-1.151179,-0.670432,0.313064,-0.653445,0.272330,-0.642960,0.073406,-0.663014,0.319130,-0.644144,0.318536,-0.632669,0.319449,-0.632669,0.319449
86,-1.214891,-0.561901,0.280668,-0.662432,0.272711,-0.637205,0.073510,-0.555027,0.290323,-0.470794,0.287522,-0.650238,0.320631,-0.650238,0.320631
87,-1.400135,-0.716432,0.318533,-0.680836,0.278320,-0.666639,0.074678,-0.465498,0.273119,-0.601323,0.304246,-0.665488,0.318517,-0.665488,0.318517
88,-1.151267,-0.723637,0.323057,-0.687708,0.278554,-0.655730,0.075037,-0.533161,0.286443,-0.666026,0.320925,-0.676576,0.325300,-0.676576,0.325300
89,-1.164525,-0.729336,0.326110,-0.694410,0.278466,-0.639656,0.074256,-0.480525,0.279790,-0.691417,0.331444,-0.691417,0.331444,-0.691417,0.331444
90,-0.963689,-0.741668,0.331255,-0.701014,0.277937,-0.619577,0.073670,-0.719091,0.331527,-0.704648,0.331717,-0.704648,0.331717,-0.704648,0.331717
91,-1.026417,-0.608468,0.280936,-0.707414,0.277257,-0.596904,0.073741,-0.508189,0.275127,-0.726279,0.337041,-0.726279,0.337041,-0.726279,0.337041
92,-0.961311,-0.496569,0.252127,-0.724432,0.283744,-0.592388,0.077925,-0.662852,0.309334,-0.745018,0.340466,-0.745018,0.340466,-0.745018,0.340466
93,-0.934987,-0.585897,0.279947,-0.754483,0.296957,-0.634648,0.082973,-0.748329,0.338503,-0.762842,0.345444,-0.762842,0.345444,-0.762842,0.345444
94,-1.142161,-0.523341,0.262711,-0.776115,0.305803,-0.659847,0.085041,-0.778461,0.339955,-0.778461,0.339955,-0.778461,0.339955,-0.778461,0.339955
95,-0.879346,-0.812589,0.334896,-0.806367,0.321059,-0.724241,0.093348,-0.797063,0.335796,-0.797063,0.335796,-0.797063,0.335796,-0.797063,0.335796
96,-0.940444,-0.549335,0.260065,-0.811669,0.322320,-0.700540,0.100845,-0.811926,0.338124,-0.811926,0.338124,-0.811926,0.338124,-0.811926,0.338124
97,-1.108288,-0.731911,0.307183,-0.841344,0.339046,-0.790567,0.127699,-0.828801,0.340808,-0.828801,0.340808,-0.828801,0.340808,-0.828801,0.340808
98,-1.008540,-0.825984,0.340560,-0.854445,0.347030,-0.833617,0.184170,-0.843098,0.348305,-0.843098,0.348305,-0.843098,0.348305,-0.843098,0.348305
99,-1.009052,-0.860660,0.349983,-0.860660,0.349983,-0.860660,0.349983,-0.860660,0.349983,-0.860660,0.349983,-0.860660,0.349983,-0.860660,0.349983
