date,returns
2014-01-02,-0.01236493
2014-01-03,0.01225974
2014-01-06,-0.01438896
2014-01-07,-0.00329368
2014-01-08,-0.00937955
2014-01-09,0.0095999
2014-01-10,0.01381181
2014-01-13,-0.01027692
2014-01-14,-0.01174209
2014-01-15,-0.00035931
2014-01-16,-0.00856227
2014-01-17,-0.00185742
2014-01-20,-0.00446963
2014-01-21,0.00539035
2014-01-22,0.00642369
2014-01-23,-0.00623659
2014-01-24,-0.01229862
2014-01-27,0.01831653
2014-01-28,-0.01292003
2014-01-29,0.0099755
2014-01-30,0.00869694
2014-01-31,0.00372591
2014-02-03,0.00353137
2014-02-04,0.00376141
2014-02-05,0.00138246
2014-02-06,0.01051366
2014-02-07,-0.00440351
2014-02-10,-0.00878737
2014-02-11,0.02111269
2014-02-12,0.01304037
2014-02-13,-0.00366968
2014-02-14,0.00730809
2014-02-17,0.01018317
2014-02-18,-0.0053276
2014-02-19,-0.00214703
2014-02-20,-0.01309023
2014-02-21,0.00585201
2014-02-24,0.00807632
2014-02-25,0.00203982
2014-02-26,-0.0032255
2014-02-27,-0.00744934
2014-02-28,-0.00406822
2014-03-03,0.00548353
2014-03-04,0.00042941
2014-03-05,0.00506703
2014-03-06,-0.0007951
2014-03-07,-0.00056417
2014-03-10,-0.01388368
2014-03-11,-0.00875129
2014-03-12,-0.00815199
2014-03-13,0.01219663
2014-03-14,0.00693598
2014-03-17,-0.00145516
2014-03-18,-0.00245045
2014-03-19,-0.0145307
2014-03-20,0.00240591
2014-03-21,-0.012117
2014-03-24,-0.00428994
2014-03-25,0.00049305
2014-03-26,-0.0020385
2014-03-27,0.00195143
2014-03-28,0.01303439
2014-03-31,0.00382737
2014-04-01,-0.01255818
2014-04-02,-0.00934998
2014-04-03,-0.01372438
2014-04-04,-0.00205581
2014-04-07,-0.00956611
2014-04-08,0.0086191
2014-04-09,0.03297714
2014-04-10,-0.01107428
2014-04-11,0.00300586
2014-04-14,-0.00370588
2014-04-15,-0.00101259
2014-04-16,0.00186635
2014-04-17,-0.00995348
2014-04-18,-0.00406446
2014-04-21,0.01618311
2014-04-22,0.00923609
2014-04-23,-0.0101987
2014-04-24,-0.00579154
2014-04-25,-0.00758303
2014-04-28,-0.0088394
2014-04-29,0.00442813
2014-04-30,-0.00013335
2014-05-01,0.0048635
2014-05-02,-0.0119209
2014-05-05,0.00189735
2014-05-06,0.00193388
2014-05-07,0.00320312
2014-05-08,0.00271421
2014-05-09,0.01217998
2014-05-12,0.0172331
2014-05-13,-0.01335218
2014-05-14,0.01725507
2014-05-15,-0.00174776
2014-05-16,0.01658305
2014-05-19,-0.00902763
2014-05-20,-0.00398114
2014-05-21,-0.00147351
2014-05-22,0.01589236
2014-05-23,0.00747296
2014-05-26,-0.00017984
2014-05-27,-0.01113976
2014-05-28,-0.00268516
2014-05-29,-0.01227454
2014-05-30,-0.0043131
2014-06-02,0.00969694
2014-06-03,0.01328825
2014-06-04,-0.00641437
2014-06-05,0.00261488
2014-06-06,-0.01019364
2014-06-09,0.00252673
2014-06-10,0.02165273
2014-06-11,-0.00280489
2014-06-12,-0.00554877
2014-06-13,0.01249581
2014-06-16,-0.00604465
2014-06-17,-0.00109077
2014-06-18,-0.00396938
2014-06-19,-0.00042581
2014-06-20,-0.00994018
2014-06-23,-0.01000634
2014-06-24,0.0141592
2014-06-25,-0.01030416
2014-06-26,0.00333637
2014-06-27,-0.00947527
2014-06-30,0.00790481
2014-07-01,-0.00348687
2014-07-02,-0.01345783
2014-07-03,-0.00233327
2014-07-04,-0.00527949
2014-07-07,0.010788
2014-07-08,0.00398219
2014-07-09,0.00030089
2014-07-10,0.00349013
2014-07-11,0.02131628
2014-07-14,0.00456621
2014-07-15,-0.01145035
2014-07-16,0.00328403
2014-07-17,-0.02008326
2014-07-18,0.00590748
2014-07-21,-0.00513209
2014-07-22,0.00091362
2014-07-23,-0.00088809
2014-07-24,0.00202407
2014-07-25,-0.03137157
2014-07-28,0.00244285
2014-07-29,-0.00428778
2014-07-30,0.00393364
2014-07-31,-0.01854926
2014-08-01,-0.00394336
2014-08-04,-0.01320891
2014-08-05,0.01660142
2014-08-06,0.02274007
2014-08-07,0.00638548
2014-08-08,0.00702548
2014-08-11,-0.00444436
2014-08-12,-0.0108202
2014-08-13,-0.01949341
2014-08-14,-0.00302887
2014-08-15,0.01423844
2014-08-18,0.01527669
2014-08-19,-0.00093345
2014-08-20,-0.00851009
2014-08-21,0.01206532
2014-08-22,-0.0174581
2014-08-25,-0.02085978
2014-08-26,0.0054661
2014-08-27,0.01101718
2014-08-28,0.00492728
2014-08-29,0.00658009
2014-09-01,-0.03397967
2014-09-02,0.00969954
2014-09-03,0.02149965
2014-09-04,0.01266785
2014-09-05,0.01172526
2014-09-08,0.0037698
2014-09-09,0.00436115
2014-09-10,-0.00179167
2014-09-11,0.00566004
2014-09-12,-0.01534171
2014-09-15,0.02190388
2014-09-16,-0.01110532
2014-09-17,0.01210286
2014-09-18,0.0188038
2014-09-19,0.0125838
2014-09-22,0.03522223
2014-09-23,-0.02921356
2014-09-24,-0.00708176
2014-09-25,0.02139963
2014-09-26,-0.01788251
2014-09-29,-0.01012345
2014-09-30,0.00734061
2014-10-01,-0.01891957
2014-10-02,0.00094113
2014-10-03,0.00556115
2014-10-06,0.00195032
2014-10-07,0.00315988
2014-10-08,-0.00875532
2014-10-09,0.00279427
2014-10-10,-0.00492898
2014-10-13,-0.00332956
2014-10-14,0.01149974
2014-10-15,-0.01517092
2014-10-16,-0.02514125
2014-10-17,0.00814751
2014-10-20,0.00233842
2014-10-21,0.01492912
2014-10-22,0.01515518
2014-10-23,-0.00894337
2014-10-24,-0.01547191
2014-10-27,-0.00331901
2014-10-28,0.01858811
2014-10-29,0.00414606
2014-10-30,0.00467738
2014-10-31,-0.01651377
2014-11-03,-0.00559655
2014-11-04,-0.00982394
2014-11-05,0.00420609
2014-11-06,0.00327806
2014-11-07,0.01257936
2014-11-10,-0.01320008
2014-11-11,-0.00294316
2014-11-12,0.00432044
2014-11-13,0.0039331
2014-11-14,0.02465349
2014-11-17,0.0021841
2014-11-18,-0.01029772
2014-11-19,-2.986e-05
2014-11-20,-0.01050105
2014-11-21,-0.02404809
2014-11-24,-0.00473239
2014-11-25,0.02118904
2014-11-26,-0.01079255
2014-11-27,-0.00448885
2014-11-28,0.00244082
2014-12-01,-0.00376416
2014-12-02,-0.01425959
2014-12-03,0.03334149
2014-12-04,0.01872567
2014-12-05,0.00778579
2014-12-08,-0.00188246
2014-12-09,0.00554424
2014-12-10,0.00799343
2014-12-11,0.00481817
2014-12-12,0.00578924
2014-12-15,0.01138601
2014-12-16,-0.00325843
2014-12-17,-0.01378039
2014-12-18,0.00947998
2014-12-19,-0.01448058
2014-12-22,-0.00418621
2014-12-23,0.00447549
2014-12-24,0.00463059
2014-12-25,-0.00222992
2014-12-26,-0.00044096
2014-12-29,0.00342595
2014-12-30,-0.00622544
2014-12-31,0.01664795
2015-01-01,-0.0081222
2015-01-02,-0.00167312
2015-01-05,-0.00467181
2015-01-06,0.00191162
2015-01-07,0.01973991
2015-01-08,-0.01111578
2015-01-09,0.00563171
2015-01-12,0.00713208
2015-01-13,0.0122189
2015-01-14,-0.00678431
2015-01-15,-0.00645367
2015-01-16,-0.0011961
2015-01-19,-0.00101625
2015-01-20,-0.00819168
2015-01-21,0.0061536
2015-01-22,0.0053541
2015-01-23,0.01918891
2015-01-26,-0.0025456
2015-01-27,-0.0088759
2015-01-28,-0.00706494
2015-01-29,0.0030746
2015-01-30,-0.00611063
2015-02-02,0.00687255
2015-02-03,-0.00547406
2015-02-04,0.00202581
2015-02-05,-0.00027438
2015-02-06,-0.00746456
2015-02-09,-0.01246355
2015-02-10,0.01221864
2015-02-11,0.00372935
2015-02-12,-0.00917267
2015-02-13,-0.00838207
2015-02-16,0.01728942
2015-02-17,-0.00637361
2015-02-18,0.01340819
2015-02-19,0.00219466
2015-02-20,-0.01382415
2015-02-23,-0.00307186
2015-02-24,0.00661124
2015-02-25,-0.01378744
2015-02-26,-0.00445965
2015-02-27,-0.00531657
2015-03-02,0.00498154
2015-03-03,0.00437861
2015-03-04,0.00474381
2015-03-05,0.00213716
2015-03-06,0.0035224
2015-03-09,-0.00859937
2015-03-10,0.00206653
2015-03-11,0.01061102
2015-03-12,0.00052418
2015-03-13,-0.00413792
2015-03-16,-0.00366467
2015-03-17,0.01025997
2015-03-18,-0.01640762
2015-03-19,0.01992933
2015-03-20,-0.01436211
2015-03-23,-0.00184313
2015-03-24,-0.00800746
2015-03-25,0.00438444
2015-03-26,0.00531332
2015-03-27,0.00170684
2015-03-30,-0.00084547
2015-03-31,-0.01427844
2015-04-01,-0.00304014
2015-04-02,-0.00137334
2015-04-03,-0.0114542
2015-04-06,0.0038264
2015-04-07,0.00215929
2015-04-08,-0.00335402
2015-04-09,0.00012099
2015-04-10,-0.00301109
2015-04-13,-0.01616191
2015-04-14,0.00453466
2015-04-15,-0.02163682
2015-04-16,0.00275477
2015-04-17,-0.01111816
2015-04-20,0.0035008
2015-04-21,0.00475862
2015-04-22,-0.00151462
2015-04-23,0.0074395
2015-04-24,-0.00611522
2015-04-27,-0.00543191
2015-04-28,0.01906953
2015-04-29,-0.00486406
2015-04-30,-0.00273912
2015-05-01,-0.02911962
2015-05-04,-0.00939614
2015-05-05,-0.01006722
2015-05-06,-0.00174928
2015-05-07,-0.00237427
2015-05-08,-0.00028446
2015-05-11,-0.01038279
2015-05-12,0.00609049
2015-05-13,0.00693302
2015-05-14,0.00749381
2015-05-15,0.00018338
2015-05-18,-0.01131936
2015-05-19,0.00628439
2015-05-20,-0.00847761
2015-05-21,0.00997952
2015-05-22,-0.01095813
2015-05-25,0.01078072
2015-05-26,0.00594711
2015-05-27,-0.0074581
2015-05-28,0.00071876
2015-05-29,-0.00110594
2015-06-01,0.00151401
2015-06-02,0.00684021
2015-06-03,-0.01633021
2015-06-04,0.00971002
2015-06-05,-0.01365372
2015-06-08,0.00738076
2015-06-09,0.00470794
2015-06-10,-0.00719638
2015-06-11,-0.0022277
2015-06-12,0.01667155
2015-06-15,0.01047127
2015-06-16,0.007575
2015-06-17,0.00423368
2015-06-18,0.0064146
2015-06-19,0.00672608
2015-06-22,-0.01810293
2015-06-23,-0.00547607
2015-06-24,0.01649652
2015-06-25,0.01486221
2015-06-26,0.01500406
2015-06-29,0.00251031
2015-06-30,0.00435364
2015-07-01,-0.01307206
2015-07-02,-0.00051722
2015-07-03,0.01052592
2015-07-06,0.00314535
2015-07-07,-0.00202552
2015-07-08,-0.00132128
2015-07-09,-0.01254127
2015-07-10,0.00445013
2015-07-13,-0.00087011
2015-07-14,0.01105706
2015-07-15,0.00072103
2015-07-16,-0.01085152
2015-07-17,0.00429053
2015-07-20,0.01281618
2015-07-21,-0.01373866
2015-07-22,0.00270384
2015-07-23,-0.00601829
2015-07-24,-0.00529594
2015-07-27,0.0036305
2015-07-28,0.00285005
2015-07-29,-0.01181472
2015-07-30,0.01516479
2015-07-31,-0.02013903
2015-08-03,0.00055209
2015-08-04,-0.00072548
2015-08-05,-0.02488813
2015-08-06,0.01541802
2015-08-07,-0.00314619
2015-08-10,-0.00748793
2015-08-11,0.01254902
2015-08-12,-0.00293528
2015-08-13,0.00068521
2015-08-14,-0.00082287
2015-08-17,0.00472618
2015-08-18,0.01275463
2015-08-19,0.01381317
2015-08-20,-0.00635281
2015-08-21,0.00074414
2015-08-24,0.00050216
2015-08-25,0.00653549
2015-08-26,0.00895913
2015-08-27,-0.01730896
2015-08-28,0.00131981
2015-08-31,0.00996295
2015-09-01,-0.0040617
2015-09-02,-0.00018246
2015-09-03,-0.01032877
2015-09-04,0.00099463
2015-09-07,-0.01897984
2015-09-08,-0.0018788
2015-09-09,2.514e-05
2015-09-10,0.00975854
2015-09-11,-0.01066656
2015-09-14,0.00284055
2015-09-15,-0.00380624
2015-09-16,-0.01370379
2015-09-17,-0.00408644
2015-09-18,0.00059814
2015-09-21,0.00831663
2015-09-22,-0.00607353
2015-09-23,-0.0114766
2015-09-24,0.00111106
2015-09-25,0.01283542
2015-09-28,0.01607244
2015-09-29,-0.00941684
2015-09-30,-0.00798607
2015-10-01,0.00324347
2015-10-02,-0.00450763
2015-10-05,0.00985938
2015-10-06,0.00509405
2015-10-07,-0.01825894
2015-10-08,-0.00811353
2015-10-09,-0.00530035
2015-10-12,0.01860866
2015-10-13,0.00429494
2015-10-14,0.00102288
2015-10-15,0.00459495
2015-10-16,0.01727522
2015-10-19,0.00649808
2015-10-20,-0.00056318
2015-10-21,0.00932198
2015-10-22,0.00966479
2015-10-23,0.01337337
2015-10-26,-0.00364356
2015-10-27,-0.03285365
2015-10-28,-0.0419181
2015-10-29,0.00501028
2015-10-30,-0.01218796
2015-11-02,0.01441732
2015-11-03,0.02277594
2015-11-04,0.00439683
2015-11-05,0.00175252
2015-11-06,-0.00084545
2015-11-09,-0.01393384
2015-11-10,-0.00733255
2015-11-11,0.00067682
2015-11-12,-0.00083702
2015-11-13,0.00699891
2015-11-16,-0.0103584
2015-11-17,-0.00421593
2015-11-18,0.0047658
2015-11-19,-0.01556819
2015-11-20,0.00804186
2015-11-23,0.00710993
2015-11-24,0.00358089
2015-11-25,-0.00440951
2015-11-26,0.01554332
2015-11-27,0.01541134
2015-11-30,0.00432454
2015-12-01,0.00174697
2015-12-02,0.01019949
2015-12-03,-0.0084194
2015-12-04,0.00768206
2015-12-07,0.00425881
2015-12-08,-0.00423653
2015-12-09,0.00508957
2015-12-10,0.01718867
2015-12-11,-0.01848693
2015-12-14,-0.01058076
2015-12-15,-0.00262987
2015-12-16,0.00680231
2015-12-17,0.00368836
2015-12-18,0.00707486
2015-12-21,-0.00323191
2015-12-22,0.00060746
2015-12-23,0.00925932
2015-12-24,0.00217566
2015-12-25,0.00467097
2015-12-28,0.00028779
2015-12-29,-0.00491154
2015-12-30,0.00696582
2015-12-31,0.00937179
2016-01-01,0.00129357
2016-01-04,-0.00772199
2016-01-05,0.00522221
2016-01-06,0.00406299
2016-01-07,-0.00133751
2016-01-08,0.02017892
2016-01-11,0.01138728
2016-01-12,0.00344931
2016-01-13,0.0037562
2016-01-14,0.01157676
2016-01-15,0.00890534
2016-01-18,-0.00014392
2016-01-19,0.00346961
2016-01-20,-0.00029317
2016-01-21,-0.00820937
2016-01-22,-0.01178411
2016-01-25,0.00194133
2016-01-26,0.02249507
2016-01-27,0.01132275
2016-01-28,-0.00088739
2016-01-29,0.00080234
2016-02-01,-0.00305594
2016-02-02,-0.0114362
2016-02-03,-0.0019045
2016-02-04,0.00036582
2016-02-05,0.00177455
2016-02-08,0.00999779
2016-02-09,0.00462909
2016-02-10,0.01188055
2016-02-11,0.00644935
2016-02-12,0.0057051
2016-02-15,0.00713295
2016-02-16,-0.00686164
2016-02-17,0.00852321
2016-02-18,-0.00261444
2016-02-19,-0.00210873
2016-02-22,0.00109782
2016-02-23,-0.00361329
2016-02-24,-0.01064296
2016-02-25,0.00033535
2016-02-26,-0.00226285
2016-02-29,-0.0026049
2016-03-01,-0.00087803
2016-03-02,-0.02439724
2016-03-03,-0.00263243
2016-03-04,0.01507968
2016-03-07,0.01395668
2016-03-08,0.00069643
2016-03-09,0.00034024
2016-03-10,-0.02698717
2016-03-11,-0.00536013
2016-03-14,0.00750675
2016-03-15,-0.00383331
2016-03-16,0.01208806
2016-03-17,0.01143099
2016-03-18,-0.0062941
2016-03-21,0.00165309
2016-03-22,0.01828483
2016-03-23,-0.01461461
2016-03-24,-0.0032628
2016-03-25,-0.01429579
2016-03-28,-0.00757891
2016-03-29,0.0194846
2016-03-30,-0.0034801
2016-03-31,-0.01824117
2016-04-01,-0.00935412
2016-04-04,-0.01514585
2016-04-05,0.00167436
2016-04-06,0.00426063
2016-04-07,0.0078146
2016-04-08,0.00562826
2016-04-11,-0.0113453
2016-04-12,0.00334973
2016-04-13,-0.00092793
2016-04-14,0.0099665
2016-04-15,0.00740782
2016-04-18,0.02122857
2016-04-19,-0.00889569
2016-04-20,-0.01120792
2016-04-21,-0.00458572
2016-04-22,-0.00075737
2016-04-25,-0.00640532
2016-04-26,-0.00809968
2016-04-27,0.00356808
2016-04-28,-0.00536724
2016-04-29,-0.00786975
2016-05-02,-0.01314852
2016-05-03,-0.0194473
2016-05-04,0.01117592
2016-05-05,0.01092954
2016-05-06,0.006946
2016-05-09,0.00453829
2016-05-10,-0.00460405
2016-05-11,0.00530617
2016-05-12,-0.00934935
2016-05-13,0.00099603
2016-05-16,-0.00624513
2016-05-17,0.00504741
2016-05-18,0.01377875
2016-05-19,-0.0091355
2016-05-20,-0.00525366
2016-05-23,0.00105802
2016-05-24,-0.01936114
2016-05-25,-0.01649381
2016-05-26,0.01762199
2016-05-27,0.00358572
2016-05-30,-0.00624996
2016-05-31,-0.00012128
2016-06-01,-0.00555339
2016-06-02,0.00155326
2016-06-03,-0.0057165
2016-06-06,-0.0012435
2016-06-07,0.00868395
2016-06-08,0.00809479
2016-06-09,0.02110232
2016-06-10,0.00550852
2016-06-13,0.00061268
2016-06-14,0.02114466
2016-06-15,-0.00255875
2016-06-16,-0.03017252
2016-06-17,0.0101545
2016-06-20,0.00340568
2016-06-21,3.451e-05
2016-06-22,0.01091497
2016-06-23,-0.00539563
2016-06-24,-0.02659129
2016-06-27,0.01111682
2016-06-28,-0.00737691
2016-06-29,-0.01014372
2016-06-30,-0.02233471
2016-07-01,0.00879739
2016-07-04,-0.02723618
2016-07-05,0.01319137
2016-07-06,-0.00277959
2016-07-07,0.00697249
2016-07-08,0.00353596
2016-07-11,0.01561693
2016-07-12,0.00341663
2016-07-13,0.00937802
2016-07-14,-0.00381639
2016-07-15,-0.01125287
2016-07-18,0.00760968
2016-07-19,-0.01201231
2016-07-20,0.00604867
2016-07-21,-0.00719298
2016-07-22,0.0023033
2016-07-25,0.01455171
2016-07-26,0.00552465
2016-07-27,-0.00171128
2016-07-28,0.00414899
2016-07-29,-0.00458603
2016-08-01,0.02051283
2016-08-02,-0.0062662
2016-08-03,-0.0007384
2016-08-04,0.00558525
2016-08-05,0.00337767
2016-08-08,0.00488564
2016-08-09,-0.00458878
2016-08-10,-0.00209558
2016-08-11,0.00877735
2016-08-12,0.00751356
2016-08-15,0.00340092
2016-08-16,0.01057677
2016-08-17,0.0083564
2016-08-18,0.00669196
2016-08-19,-0.01247284
2016-08-22,0.0032157
2016-08-23,0.00177558
2016-08-24,0.01285528
2016-08-25,-0.0261321
2016-08-26,-0.00119489
2016-08-29,0.00107288
2016-08-30,-0.00936869
2016-08-31,-0.00805249
2016-09-01,0.01329287
2016-09-02,0.00425314
2016-09-05,0.01461087
2016-09-06,-0.00116481
2016-09-07,-0.01148966
2016-09-08,-0.00262512
2016-09-09,-0.00410315
2016-09-12,0.00633423
2016-09-13,0.00607734
2016-09-14,0.00486737
2016-09-15,0.01973766
2016-09-16,0.01035388
2016-09-19,-0.00712482
2016-09-20,0.01026328
2016-09-21,0.00059791
2016-09-22,-0.00189935
2016-09-23,0.01538198
2016-09-26,-0.0096241
2016-09-27,0.01084263
2016-09-28,0.00916881
2016-09-29,-0.01055861
2016-09-30,-0.01782757
2016-10-03,-0.00063824
2016-10-04,-0.03205726
2016-10-05,0.01168917
2016-10-06,0.00382712
2016-10-07,0.01327906
2016-10-10,0.00290486
2016-10-11,0.01602545
2016-10-12,-0.00574788
2016-10-13,0.00540662
2016-10-14,-0.00364162
2016-10-17,-0.00094647
2016-10-18,0.00143727
2016-10-19,0.0052726
2016-10-20,-0.01033573
2016-10-21,0.00667494
2016-10-24,0.00088975
2016-10-25,-0.01804538
2016-10-26,-0.02149828
2016-10-27,0.01423632
2016-10-28,-0.02761715
2016-10-31,-0.00168355
2016-11-01,-0.01979588
2016-11-02,0.02318175
2016-11-03,0.00803367
2016-11-04,0.00484174
2016-11-07,-0.01132498
2016-11-08,-0.0203778
2016-11-09,0.00302879
2016-11-10,-3.164e-05
2016-11-11,-0.0147104
2016-11-14,-0.01476801
2016-11-15,-0.01563839
2016-11-16,-0.01671265
2016-11-17,-0.0083485
2016-11-18,0.00523002
2016-11-21,0.00760679
2016-11-22,-0.00025383
2016-11-23,0.00221013
2016-11-24,0.00820186
2016-11-25,-0.02992738
2016-11-28,0.00315904
2016-11-29,0.01731995
2016-11-30,-0.0242489
2016-12-01,-0.03195083
2016-12-02,-0.00187636
2016-12-05,0.01244112
2016-12-06,-0.00175989
2016-12-07,0.00685433
2016-12-08,0.00369952
2016-12-09,-0.01327816
2016-12-12,-0.01230425
2016-12-13,-0.0228087
2016-12-14,0.01985768
2016-12-15,0.01093302
2016-12-16,-0.00104423
2016-12-19,-0.00298007
2016-12-20,-0.00966052
2016-12-21,0.00535825
2016-12-22,-0.00810874
2016-12-23,-0.00379353
2016-12-26,-0.00617945
2016-12-27,0.00792672
2016-12-28,-0.00121659
2016-12-29,0.00172341
2016-12-30,-0.01082816
2017-01-02,-0.00553774
2017-01-03,0.00169507
2017-01-04,-0.01404684
2017-01-05,-0.00169937
2017-01-06,0.00017946
2017-01-09,-0.0105164
2017-01-10,0.00917636
2017-01-11,0.00292508
2017-01-12,-0.00095742
2017-01-13,-0.00570715
2017-01-16,-0.01352294
2017-01-17,0.00732187
2017-01-18,-0.00292381
2017-01-19,-0.00896518
2017-01-20,-0.00449453
2017-01-23,0.00337425
2017-01-24,0.00196874
2017-01-25,-0.00798427
2017-01-26,0.00912357
2017-01-27,-0.01173357
2017-01-30,0.01164302
2017-01-31,0.00199094
2017-02-01,-0.00299689
2017-02-02,-0.00191711
2017-02-03,0.00099197
2017-02-06,0.00481897
2017-02-07,-0.01777082
2017-02-08,-0.00759635
2017-02-09,0.00080133
2017-02-10,0.01355811
2017-02-13,0.01321235
2017-02-14,0.01605228
2017-02-15,0.01124331
2017-02-16,-0.00755359
2017-02-17,0.00013699
2017-02-20,0.01088526
2017-02-21,0.00887177
2017-02-22,-0.001503
2017-02-23,0.00439339
2017-02-24,0.00489314
2017-02-27,0.00064939
2017-02-28,0.00797035
2017-03-01,-0.00425165
2017-03-02,0.00848256
2017-03-03,-0.0022882
2017-03-06,-0.01017516
2017-03-07,-0.01186313
2017-03-08,0.00123887
2017-03-09,-0.00904507
2017-03-10,0.01556339
2017-03-13,-0.0060814
2017-03-14,0.00031865
2017-03-15,-0.00635007
2017-03-16,-0.01487586
2017-03-17,0.00462193
2017-03-20,-0.01504513
2017-03-21,0.00398662
2017-03-22,-0.00242199
2017-03-23,-0.00881527
2017-03-24,0.0109204
2017-03-27,0.00565343
2017-03-28,0.00231886
2017-03-29,0.00739257
2017-03-30,-0.01214922
2017-03-31,-0.003602
2017-04-03,0.0031154
2017-04-04,0.01630185
2017-04-05,0.00154879
2017-04-06,-0.0025616
2017-04-07,-0.01347943
2017-04-10,0.01188208
2017-04-11,0.00185751
2017-04-12,-0.00075819
2017-04-13,-0.01403984
2017-04-14,-0.00044951
2017-04-17,0.00109722
2017-04-18,-0.00294982
2017-04-19,-0.00833754
2017-04-20,-0.00941019
2017-04-21,0.01325967
2017-04-24,0.0010109
2017-04-25,-0.00337436
2017-04-26,0.00056412
2017-04-27,8.218e-05
2017-04-28,-0.00984835
2017-05-01,0.00659774
2017-05-02,-0.00091389
2017-05-03,0.00098637
2017-05-04,0.00930224
2017-05-05,-0.0080395
2017-05-08,-0.00488461
2017-05-09,0.00234953
2017-05-10,0.00602213
2017-05-11,-0.00352847
2017-05-12,-0.00310325
2017-05-15,0.00439104
2017-05-16,0.01682352
2017-05-17,0.00078643
2017-05-18,-0.00475324
2017-05-19,-0.00638633
2017-05-22,-0.00056647
2017-05-23,0.00505935
2017-05-24,0.01553229
2017-05-25,0.00068551
2017-05-26,0.00887403
2017-05-29,0.00192135
2017-05-30,0.00137625
2017-05-31,0.00739408
2017-06-01,0.00079414
2017-06-02,-0.00416692
2017-06-05,0.00614493
2017-06-06,-0.00803803
2017-06-07,0.00579784
2017-06-08,0.0002607
2017-06-09,-0.00124483
2017-06-12,-0.00122022
2017-06-13,-0.00038956
2017-06-14,-0.00172946
2017-06-15,0.00235822
2017-06-16,-0.00160399
2017-06-19,-0.00883556
2017-06-20,0.0002972
2017-06-21,0.00517121
2017-06-22,-0.00874214
2017-06-23,0.00026627
2017-06-26,-0.00195104
2017-06-27,0.00510627
2017-06-28,-0.00110518
2017-06-29,0.00400511
2017-06-30,0.00369702
2017-07-03,0.00371915
2017-07-04,0.00876088
2017-07-05,-0.00088302
2017-07-06,0.00061844
2017-07-07,0.00248073
2017-07-10,0.00078621
2017-07-11,-0.00116933
2017-07-12,-0.00536549
2017-07-13,0.00036747
2017-07-14,-0.0095102
2017-07-17,-0.01217204
2017-07-18,-0.00664035
2017-07-19,0.00435796
2017-07-20,0.00168178
2017-07-21,0.00429326
2017-07-24,-0.00398317
2017-07-25,0.00677112
2017-07-26,-0.00867194
2017-07-27,-0.00702519
2017-07-28,0.00790355
2017-07-31,0.00149749
2017-08-01,0.00544192
2017-08-02,0.0020593
2017-08-03,-0.00415633
2017-08-04,-0.00889172
2017-08-07,-0.01299782
2017-08-08,0.01416198
2017-08-09,-0.01337466
2017-08-10,0.01286063
2017-08-11,0.00117581
2017-08-14,0.00235172
2017-08-15,0.00175128
2017-08-16,0.00392413
2017-08-17,-0.00531693
2017-08-18,-0.01427022
2017-08-21,-0.00360668
2017-08-22,0.00310064
2017-08-23,-0.00624957
2017-08-24,0.00668546
2017-08-25,-0.00051363
2017-08-28,-0.00732633
2017-08-29,0.00127992
2017-08-30,0.003145
2017-08-31,0.00351238
2017-09-01,-0.01891655
2017-09-04,-0.02148882
2017-09-05,0.00742718
2017-09-06,-0.00979346
2017-09-07,0.00698402
2017-09-08,0.00691868
2017-09-11,-0.00675695
2017-09-12,-0.00558693
2017-09-13,0.00482348
2017-09-14,-0.00197485
2017-09-15,0.00731746
2017-09-18,0.00844182
2017-09-19,-0.00567824
2017-09-20,-0.00372159
2017-09-21,0.00074777
2017-09-22,-0.00942937
2017-09-25,-0.00770839
2017-09-26,-0.00363151
2017-09-27,0.00866909
2017-09-28,0.00135007
2017-09-29,-0.00226415
2017-10-02,-0.003855
2017-10-03,-0.00495554
2017-10-04,-0.00226472
2017-10-05,-0.00258396
2017-10-06,-0.00076516
2017-10-09,0.00243196
2017-10-10,-0.00010246
2017-10-11,0.00388907
2017-10-12,-0.00108731
2017-10-13,0.00816273
2017-10-16,0.00365023
2017-10-17,0.00115996
2017-10-18,0.00247017
2017-10-19,-0.0022611
2017-10-20,-0.00087469
2017-10-23,-0.00101127
2017-10-24,-0.00327578
2017-10-25,-0.00584616
2017-10-26,0.00286824
2017-10-27,0.00498896
2017-10-30,0.00224645
2017-10-31,-0.0001704
2017-11-01,0.01149257
2017-11-02,-0.00302797
2017-11-03,0.00161275
2017-11-06,0.00576077
2017-11-07,-0.00516267
2017-11-08,0.00365833
2017-11-09,0.00927167
2017-11-10,0.0002456
2017-11-13,0.0012488
2017-11-14,-0.00367548
2017-11-15,0.00330807
2017-11-16,-0.00474712
2017-11-17,-0.00015443
2017-11-20,-0.00864049
2017-11-21,-0.01624883
2017-11-22,-0.002813
2017-11-23,-0.00321289
2017-11-24,-0.00266586
2017-11-27,0.00588772
2017-11-28,0.00770675
2017-11-29,0.00237944
2017-11-30,0.00526905
2017-12-01,-0.00619826
2017-12-04,-0.00753305
2017-12-05,0.00440918
2017-12-06,-0.00907999
2017-12-07,-0.01047284
2017-12-08,0.0273709
2017-12-11,0.00596509
2017-12-12,-0.01682021
2017-12-13,-0.00970116
2017-12-14,0.01480688
2017-12-15,0.00356882
2017-12-18,-0.00116842
2017-12-19,7.39e-06
2017-12-20,-0.00153852
2017-12-21,-0.01267249
2017-12-22,-0.00184987
2017-12-25,-0.01037118
2017-12-26,0.00074768
2017-12-27,-0.00643544
2017-12-28,0.00324341
2017-12-29,0.0014329
2018-01-01,0.00625984
2018-01-02,-0.00329527
2018-01-03,0.00378651
2018-01-04,0.00508402
2018-01-05,0.00662054
2018-01-08,0.00643648
2018-01-09,-0.0063758
2018-01-10,0.01185808
2018-01-11,-0.01284101
2018-01-12,0.00601037
2018-01-15,-0.00345564
2018-01-16,-0.00812436
2018-01-17,0.00193138
2018-01-18,0.00425001
2018-01-19,0.00198031
2018-01-22,-0.00197104
2018-01-23,0.0012502
2018-01-24,0.00724679
2018-01-25,0.00071281
2018-01-26,0.00090394
2018-01-29,0.00202874
2018-01-30,-0.00507379
2018-01-31,0.01156138
2018-02-01,0.02511184
2018-02-02,0.00366553
2018-02-05,-0.0031843
2018-02-06,0.00883421
2018-02-07,0.01326754
2018-02-08,-0.0031067
2018-02-09,0.00506307
2018-02-12,-0.00772004
2018-02-13,0.01051617
2018-02-14,0.00165973
2018-02-15,0.00808596
2018-02-16,-0.01059053
2018-02-19,0.00647881
2018-02-20,-0.00820333
2018-02-21,-0.00784757
2018-02-22,-0.0097235
2018-02-23,0.00757879
2018-02-26,0.01515173
2018-02-27,-0.02376159
2018-02-28,-0.00795908
2018-03-01,-0.01337341
2018-03-02,-0.01482209
2018-03-05,0.00095417
2018-03-06,0.00689557
2018-03-07,-0.00471372
2018-03-08,0.00386136
2018-03-09,-0.0132326
2018-03-12,0.00051
2018-03-13,-0.00532364
2018-03-14,0.00772441
2018-03-15,-0.01280083
2018-03-16,0.00078544
2018-03-19,-0.02435442
2018-03-20,0.00048423
2018-03-21,-0.01017757
2018-03-22,-0.0018991
2018-03-23,0.00784414
2018-03-26,-0.00360861
2018-03-27,0.00593454
2018-03-28,-0.00548166
2018-03-29,0.01392782
2018-03-30,0.02691327
2018-04-02,0.00049628
2018-04-03,-0.00107938
2018-04-04,-0.01970117
2018-04-05,-0.01006268
2018-04-06,-0.01042285
2018-04-09,0.00325043
2018-04-10,0.00764259
2018-04-11,0.00429674
2018-04-12,-0.01560715
2018-04-13,0.02180707
2018-04-16,-0.0130663
2018-04-17,-0.00084882
2018-04-18,-0.00336976
2018-04-19,-0.01012434
2018-04-20,0.01147905
2018-04-23,-0.00726999
2018-04-24,-0.00794586
2018-04-25,0.01316702
2018-04-26,-0.00057681
2018-04-27,-0.02545975
2018-04-30,-0.01331712
2018-05-01,0.00319588
2018-05-02,0.0071947
2018-05-03,-0.0081955
2018-05-04,-0.0018294
2018-05-07,0.00917442
2018-05-08,-0.00219795
2018-05-09,-0.00444846
2018-05-10,-0.01137047
2018-05-11,0.01040488
2018-05-14,-0.03404068
2018-05-15,0.0198774
2018-05-16,-0.01965682
2018-05-17,0.00044495
2018-05-18,0.0035135
2018-05-21,0.00462566
2018-05-22,0.02855827
2018-05-23,-0.02043922
2018-05-24,0.01563565
2018-05-25,-0.00583688
2018-05-28,0.01453837
2018-05-29,-0.0130451
2018-05-30,-0.00493403
2018-05-31,-0.01434963
2018-06-01,-0.00571467
2018-06-04,-0.00664677
2018-06-05,0.00051059
2018-06-06,0.00471634
2018-06-07,0.00521583
2018-06-08,0.00135926
2018-06-11,0.0073706
2018-06-12,0.00789812
2018-06-13,-0.00544041
2018-06-14,0.02733028
2018-06-15,0.00056609
2018-06-18,0.01032655
2018-06-19,0.02499052
2018-06-20,0.01712344
2018-06-21,-0.02424571
2018-06-22,-0.00023586
2018-06-25,0.00160139
2018-06-26,0.01534716
2018-06-27,0.01634965
2018-06-28,-0.003608
2018-06-29,-0.00308577
2018-07-02,-0.01780558
2018-07-03,-0.01234698
2018-07-04,0.01514515
2018-07-05,0.01295622
2018-07-06,0.00426506
2018-07-09,-0.04009023
2018-07-10,0.00627811
2018-07-11,0.0311606
2018-07-12,-0.02099303
2018-07-13,0.01020359
2018-07-16,0.03538681
2018-07-17,-0.00938351
2018-07-18,0.01868295
2018-07-19,-0.00482444
2018-07-20,0.0338539
2018-07-23,-0.04936007
2018-07-24,-0.01419189
2018-07-25,-0.00147979
2018-07-26,0.01606431
2018-07-27,-0.00899687
2018-07-30,-0.01109472
2018-07-31,0.01144898
2018-08-01,-0.00049616
2018-08-02,0.01130227
2018-08-03,0.00462692
2018-08-06,-0.01503765
2018-08-07,-0.00205228
2018-08-08,0.00754751
2018-08-09,0.01202431
2018-08-10,-0.00817308
2018-08-13,-0.01866469
2018-08-14,-0.00385061
2018-08-15,-0.00513317
2018-08-16,0.015467
2018-08-17,-0.01226251
2018-08-20,0.0130011
2018-08-21,-0.0053779
2018-08-22,-0.02148359
2018-08-23,-0.00205829
2018-08-24,-0.00373957
2018-08-27,0.01091331
2018-08-28,-0.00584848
2018-08-29,0.01971728
2018-08-30,0.0103032
2018-08-31,0.0012409
2018-09-03,-0.00840239
2018-09-04,0.00267662
2018-09-05,-0.00089022
2018-09-06,0.0055823
2018-09-07,0.00677709
2018-09-10,0.0243616
2018-09-11,-0.0038542
2018-09-12,0.00811058
2018-09-13,-0.00343429
2018-09-14,-0.0076473
2018-09-17,0.00114188
2018-09-18,-0.00575129
2018-09-19,-0.01691113
2018-09-20,-0.01068068
2018-09-21,-0.00960571
2018-09-24,-0.00591904
2018-09-25,0.01071519
2018-09-26,0.00043308
2018-09-27,-0.00319783
2018-09-28,0.00514092
2018-10-01,0.00058797
2018-10-02,0.00178958
2018-10-03,-0.00178164
2018-10-04,-0.00706307
2018-10-05,-4.99e-06
2018-10-08,-0.0006726
2018-10-09,0.00759939
2018-10-10,0.00027885
2018-10-11,-0.00664894
2018-10-12,-0.00761834
2018-10-15,0.02485851
2018-10-16,-0.02387968
2018-10-17,0.01344774
2018-10-18,0.00304848
2018-10-19,0.00598371
2018-10-22,0.01189185
2018-10-23,0.00524353
2018-10-24,-0.00414863
2018-10-25,0.0240195
2018-10-26,0.0115811
2018-10-29,-0.00794337
2018-10-30,0.02040116
2018-10-31,-0.02435466
2018-11-01,0.02551403
2018-11-02,-0.02472535
2018-11-05,0.01087812
2018-11-06,-0.00539533
2018-11-07,-0.00851142
2018-11-08,0.00967192
2018-11-09,0.00282997
2018-11-12,0.01812959
2018-11-13,-0.02573271
2018-11-14,0.0107351
2018-11-15,0.00718233
2018-11-16,0.01323062
2018-11-19,-0.00761457
2018-11-20,0.03227836
2018-11-21,0.00737734
2018-11-22,-0.00107906
2018-11-23,-0.02551332
2018-11-26,-0.00450568
2018-11-27,0.00963595
2018-11-28,0.01835966
2018-11-29,0.00086937
2018-11-30,0.02277449
2018-12-03,-0.0131134
2018-12-04,0.00660612
2018-12-05,0.00631059
2018-12-06,0.00966573
2018-12-07,0.00320839
2018-12-10,0.0062926
2018-12-11,-0.01402466
2018-12-12,0.0221796
2018-12-13,0.01473736
2018-12-14,0.00531213
2018-12-17,0.01529194
2018-12-18,0.02153684
2018-12-19,0.00981817
2018-12-20,0.03141432
2018-12-21,0.01081586
2018-12-24,-0.0106555
2018-12-25,0.00440005
2018-12-26,0.01346236
2018-12-27,0.01757122
2018-12-28,0.00278715
2018-12-31,-0.0113827
2019-01-01,-0.00210228
2019-01-02,-0.01676572
2019-01-03,0.00982918
2019-01-04,-0.00407268
2019-01-07,-0.006471
2019-01-08,0.00959386
2019-01-09,0.01614105
2019-01-10,-0.00598507
2019-01-11,0.00244169
2019-01-14,-0.00122283
2019-01-15,0.01594851
2019-01-16,-0.00013157
2019-01-17,-0.0098028
2019-01-18,0.00035443
2019-01-21,0.01354351
2019-01-22,-0.00200141
2019-01-23,-0.00625482
2019-01-24,-0.00071989
2019-01-25,-0.01016483
2019-01-28,-0.00156652
2019-01-29,-0.00645329
2019-01-30,0.03220567
2019-01-31,-0.02336456
2019-02-01,-0.01081148
2019-02-04,-0.00753448
2019-02-05,-0.01256826
2019-02-06,0.00630038
2019-02-07,-0.00845853
2019-02-08,-0.01716519
2019-02-11,0.00171306
2019-02-12,-0.00284719
2019-02-13,-0.00728914
2019-02-14,0.01760845
2019-02-15,0.00597833
2019-02-18,0.00451189
2019-02-19,0.00673449
2019-02-20,0.0054499
2019-02-21,-0.00240554
2019-02-22,-0.00862764
2019-02-25,0.00196541
2019-02-26,-0.00224265
2019-02-27,-0.02159808
2019-02-28,-0.01065227
2019-03-01,-0.00356993
2019-03-04,0.01129374
2019-03-05,0.00202695
2019-03-06,-0.01015218
2019-03-07,-0.01387121
2019-03-08,0.01614884
2019-03-11,-0.00207569
2019-03-12,-0.03906386
2019-03-13,-0.00128109
2019-03-14,0.0100804
2019-03-15,-0.01534404
2019-03-18,0.00121518
2019-03-19,0.00249997
2019-03-20,-0.01534216
2019-03-21,0.01897849
2019-03-22,0.00263181
2019-03-25,-0.0043313
2019-03-26,-0.00170157
2019-03-27,-0.01635011
2019-03-28,-0.01562785
2019-03-29,-0.00596186
2019-04-01,-0.0051253
2019-04-02,-0.00268137
2019-04-03,0.02070044
2019-04-04,0.00926677
2019-04-05,-0.02299692
2019-04-08,0.01642065
2019-04-09,-0.00662112
2019-04-10,0.01117257
2019-04-11,-0.00551286
2019-04-12,0.00181726
2019-04-15,-0.016662
2019-04-16,0.00515559
2019-04-17,0.0135848
2019-04-18,-0.02318065
2019-04-19,0.01273787
2019-04-22,-0.00905498
2019-04-23,0.02139654
2019-04-24,0.01002228
2019-04-25,0.00799832
2019-04-26,-0.00184633
2019-04-29,0.03384579
2019-04-30,-0.00578881
2019-05-01,-0.01330115
2019-05-02,-0.00939767
2019-05-03,0.01632547
2019-05-06,0.00174462
2019-05-07,-0.00055815
2019-05-08,-0.00626035
2019-05-09,-0.00142176
2019-05-10,-0.0074576
2019-05-13,0.01107881
2019-05-14,-0.00391839
2019-05-15,-0.01052657
2019-05-16,0.01623001
2019-05-17,-0.01656506
2019-05-20,0.00205823
2019-05-21,-0.03380759
2019-05-22,-0.02437978
2019-05-23,-0.00593206
2019-05-24,-0.0085245
2019-05-27,-0.00848236
2019-05-28,0.01192991
2019-05-29,0.01337772
2019-05-30,0.00449875
2019-05-31,-0.01471372
2019-06-03,-0.00138457
2019-06-04,0.03127749
2019-06-05,0.03635974
2019-06-06,0.01365135
2019-06-07,-0.01401026
2019-06-10,-0.00128374
2019-06-11,0.00379245
2019-06-12,0.00151896
2019-06-13,0.01771094
2019-06-14,0.012251
2019-06-17,-0.01597666
2019-06-18,-0.00898067
2019-06-19,0.01550419
2019-06-20,0.02223595
2019-06-21,0.00432459
2019-06-24,0.02489894
2019-06-25,0.00224951
2019-06-26,-0.01308311
2019-06-27,0.00896326
2019-06-28,0.04009199
2019-07-01,-0.01497349
2019-07-02,0.01941985
2019-07-03,0.00746514
2019-07-04,-0.00727676
2019-07-05,-0.01956794
2019-07-08,-0.02340719
2019-07-09,-0.00495041
2019-07-10,0.00399536
2019-07-11,0.00881607
2019-07-12,0.01170651
2019-07-15,0.00334029
2019-07-16,0.00176645
2019-07-17,-0.00306518
2019-07-18,0.00437112
2019-07-19,-0.00608545
2019-07-22,-0.01093254
2019-07-23,0.00107649
2019-07-24,0.00790086
2019-07-25,-0.01252754
2019-07-26,-0.00492854
2019-07-29,0.0006922
2019-07-30,0.00050501
2019-07-31,0.0054868
2019-08-01,0.01784167
2019-08-02,-0.02053979
2019-08-05,0.01888969
2019-08-06,0.01959698
2019-08-07,0.0093524
2019-08-08,0.00243634
2019-08-09,-0.00540455
2019-08-12,0.00797229
2019-08-13,0.00279303
2019-08-14,-0.00229907
2019-08-15,0.00727542
2019-08-16,0.00945304
2019-08-19,-0.02249812
2019-08-20,0.01100223
2019-08-21,-0.00526024
2019-08-22,0.01072517
2019-08-23,-0.00213576
2019-08-26,0.00218189
2019-08-27,0.00417519
2019-08-28,0.01154595
2019-08-29,0.00708769
2019-08-30,-0.02202245
2019-09-02,-0.00768566
2019-09-03,0.00122794
2019-09-04,0.01648502
2019-09-05,8.786e-05
2019-09-06,-0.00554055
2019-09-09,-0.01249925
2019-09-10,-0.00567321
2019-09-11,-2.3e-05
2019-09-12,-0.00026515
2019-09-13,-0.00588658
2019-09-16,0.00369593
2019-09-17,-0.00097498
2019-09-18,0.02294391
2019-09-19,0.01547016
2019-09-20,0.00282205
2019-09-23,-0.00372785
2019-09-24,0.01483131
2019-09-25,0.01319754
2019-09-26,0.01611879
2019-09-27,0.02351339
2019-09-30,-0.00694953
2019-10-01,0.0208699
2019-10-02,-0.0028113
2019-10-03,0.00722646
2019-10-04,-0.01727621
2019-10-07,-0.00486687
2019-10-08,0.01082102
2019-10-09,0.00753716
2019-10-10,-0.00369227
2019-10-11,0.0016072
2019-10-14,-0.00632497
2019-10-15,0.01218746
2019-10-16,-0.02321435
2019-10-17,0.01632932
2019-10-18,-0.00804354
2019-10-21,0.00044347
2019-10-22,-0.01509361
2019-10-23,0.0032401
2019-10-24,0.00642668
2019-10-25,0.00385662
2019-10-28,0.00548768
2019-10-29,-0.00073119
2019-10-30,-0.00043696
2019-10-31,-0.00101616
2019-11-01,-0.00486052
2019-11-04,-0.00366784
2019-11-05,0.00602339
2019-11-06,0.01674183
2019-11-07,-0.01114575
2019-11-08,-0.0005776
2019-11-11,-0.01252153
2019-11-12,-0.00490345
2019-11-13,-0.00302696
2019-11-14,0.00255523
2019-11-15,0.00253774
2019-11-18,0.00035313
2019-11-19,0.00596522
2019-11-20,-0.01212321
2019-11-21,0.00349675
2019-11-22,0.01102215
2019-11-25,-0.01250986
2019-11-26,-0.02531791
2019-11-27,0.01464556
2019-11-28,-0.01439709
2019-11-29,-0.00669577
2019-12-02,0.00988885
2019-12-03,-0.01061785
2019-12-04,0.0120794
2019-12-05,-0.00838885
2019-12-06,-0.01050221
2019-12-09,-0.01705246
2019-12-10,-0.01051173
2019-12-11,0.01120268
2019-12-12,-0.00866816
2019-12-13,0.0190797
2019-12-16,0.00108587
2019-12-17,0.00270506
2019-12-18,-0.01329174
2019-12-19,0.020742
2019-12-20,0.01462564
2019-12-23,0.0141602
2019-12-24,-0.00239733
2019-12-25,-0.02042941
2019-12-26,0.00341668
2019-12-27,0.00978253
2019-12-30,0.01001946
2019-12-31,0.00742658
2020-01-01,0.00635554
2020-01-02,-0.01102947
2020-01-03,-0.01019413
2020-01-06,-0.01789018
2020-01-07,0.01875284
2020-01-08,0.03525693
2020-01-09,0.05293674
2020-01-10,0.00463168
2020-01-13,0.00641874
2020-01-14,-0.00165298
2020-01-15,0.00482178
2020-01-16,-0.01698352
2020-01-17,-0.00228523
2020-01-20,-0.01398209
2020-01-21,-0.00533181
2020-01-22,-0.01319733
2020-01-23,0.01071891
2020-01-24,0.01348891
2020-01-27,0.00661279
2020-01-28,-0.01049054
2020-01-29,-0.01911076
2020-01-30,0.0121971
2020-01-31,0.00101387
2020-02-03,-0.03288064
2020-02-04,0.00377715
2020-02-05,0.00795882
2020-02-06,-0.0278178
2020-02-07,0.01035386
2020-02-10,-0.02483647
2020-02-11,-0.01210452
2020-02-12,-0.02236786
2020-02-13,-0.01215764
2020-02-14,-0.01757721
2020-02-17,0.01611989
2020-02-18,-0.00253661
2020-02-19,-0.00578562
2020-02-20,0.01656756
2020-02-21,0.01539193
2020-02-24,-0.00448694
2020-02-25,0.00488389
2020-02-26,-0.00799726
2020-02-27,-0.00062738
2020-02-28,-0.01572384
2020-03-02,0.00799473
2020-03-03,0.01857721
2020-03-04,0.01752178
2020-03-05,0.00188484
2020-03-06,-0.03036961
2020-03-09,-0.0096167
2020-03-10,-0.00068685
2020-03-11,-0.02324375
2020-03-12,0.02393989
2020-03-13,0.0129796
2020-03-16,0.00798675
2020-03-17,0.01139763
2020-03-18,-0.01779861
2020-03-19,-0.01392803
2020-03-20,0.00464126
2020-03-23,0.00608361
2020-03-24,-0.02153479
2020-03-25,0.00344378
2020-03-26,-0.00050399
2020-03-27,0.01610752
2020-03-30,0.00573056
2020-03-31,0.02523571
2020-04-01,-0.0045248
2020-04-02,-0.01533862
2020-04-03,0.02372352
2020-04-06,0.00584565
2020-04-07,-0.0001611
2020-04-08,-0.00920226
2020-04-09,-0.00373784
2020-04-10,-0.00430901
2020-04-13,-0.0120058
2020-04-14,-0.02400932
2020-04-15,-0.00409513
2020-04-16,0.00968517
2020-04-17,0.01567618
2020-04-20,0.01166379
2020-04-21,0.01143694
2020-04-22,-0.01012983
2020-04-23,0.00308115
2020-04-24,0.00570351
2020-04-27,0.00615858
2020-04-28,-0.00029273
2020-04-29,0.00173964
2020-04-30,0.02060806
2020-05-01,0.0104951
2020-05-04,0.00679494
2020-05-05,0.00940092
2020-05-06,-0.00508496
2020-05-07,0.00790777
2020-05-08,0.00190509
2020-05-11,0.01098946
2020-05-12,-0.00789941
2020-05-13,0.01041889
2020-05-14,-0.0034063
2020-05-15,0.00959796
2020-05-18,0.00387445
2020-05-19,0.00113427
2020-05-20,-0.00295348
2020-05-21,-0.00013136
2020-05-22,-0.00410529
2020-05-25,-0.00282909
2020-05-26,0.00564702
2020-05-27,-0.01642514
2020-05-28,0.00799962
2020-05-29,0.00903796
2020-06-01,-0.00207683
2020-06-02,0.00214777
2020-06-03,-0.0095683
2020-06-04,0.00484361
2020-06-05,-0.00885701
2020-06-08,-0.02978542
2020-06-09,-0.00532142
2020-06-10,0.00197111
2020-06-11,-0.02246395
2020-06-12,-0.00919409
2020-06-15,-0.01321965
2020-06-16,-0.00269501
2020-06-17,0.00164444
2020-06-18,-0.01602166
2020-06-19,-0.00538224
2020-06-22,-0.00563206
2020-06-23,-0.00253462
2020-06-24,-0.00236919
2020-06-25,0.00347007
2020-06-26,-0.00702452
2020-06-29,0.00494685
2020-06-30,-0.00515356
2020-07-01,-0.00477287
2020-07-02,-0.01581249
2020-07-03,-0.00904834
2020-07-06,0.00588215
2020-07-07,-0.00199731
2020-07-08,-0.00362161
2020-07-09,0.00704809
2020-07-10,0.00859456
2020-07-13,-0.00874491
2020-07-14,0.01305047
2020-07-15,-1.945e-05
2020-07-16,-0.01383369
2020-07-17,-0.00224528
2020-07-20,0.00073984
2020-07-21,0.00674732
2020-07-22,0.00883773
2020-07-23,-0.00050956
2020-07-24,-0.00708826
2020-07-27,0.00368087
2020-07-28,0.00516049
2020-07-29,0.00854031
2020-07-30,0.01357071
2020-07-31,0.00129591
2020-08-03,0.00484543
2020-08-04,0.00113632
2020-08-05,0.0161908
2020-08-06,0.00073503
2020-08-07,-0.00321828
2020-08-10,-0.00302237
2020-08-11,0.00995621
2020-08-12,-6.156e-05
2020-08-13,0.00645151
2020-08-14,0.00741254
2020-08-17,-0.00883065
2020-08-18,-0.01002938
2020-08-19,0.00864476
2020-08-20,-0.01506748
2020-08-21,-0.01359094
2020-08-24,0.0217212
2020-08-25,-0.02108376
2020-08-26,0.01179765
2020-08-27,-0.00308643
2020-08-28,0.00686472
2020-08-31,0.0070242
2020-09-01,-0.00185834
2020-09-02,0.00049129
2020-09-03,0.00928769
2020-09-04,0.01436317
2020-09-07,0.0125421
2020-09-08,0.00343997
2020-09-09,-0.00251726
2020-09-10,-0.01023363
2020-09-11,0.00291806
2020-09-14,-0.00019437
2020-09-15,0.01384117
2020-09-16,0.00764025
2020-09-17,0.01634854
2020-09-18,-0.01468586
2020-09-21,0.02119625
2020-09-22,0.00590032
2020-09-23,-0.01306674
2020-09-24,-0.0181769
2020-09-25,0.01398614
2020-09-28,-0.00364688
2020-09-29,-0.00049765
2020-09-30,0.00899398
2020-10-01,0.00080933
2020-10-02,-0.01929941
2020-10-05,0.01860372
2020-10-06,-0.01549373
2020-10-07,-0.0009185
2020-10-08,-0.00192909
2020-10-09,0.00483669
2020-10-12,-0.01735976
2020-10-13,-0.00436814
2020-10-14,-0.01159657
2020-10-15,0.00546995
2020-10-16,0.0061542
2020-10-19,-0.0088949
2020-10-20,0.01658328
2020-10-21,0.00867416
2020-10-22,-0.01629785
2020-10-23,-0.02498525
2020-10-26,-0.00364143
2020-10-27,0.00656717
2020-10-28,-0.01270405
2020-10-29,0.00214968
2020-10-30,-0.00225068
2020-11-02,0.02748512
2020-11-03,-0.01969785
2020-11-04,0.01490027
2020-11-05,0.01424699
2020-11-06,-0.00100267
2020-11-09,-0.03230352
2020-11-10,0.00353358
2020-11-11,-0.02352302
2020-11-12,0.03798008
2020-11-13,-0.00082493
2020-11-16,0.03769602
2020-11-17,0.00378106
2020-11-18,-0.00855451
2020-11-19,0.02188157
2020-11-20,0.00823922
2020-11-23,0.04307323
2020-11-24,-0.00916929
2020-11-25,0.02094252
2020-11-26,0.03797185
2020-11-27,0.02106146
2020-11-30,0.0117686
2020-12-01,0.01912719
2020-12-02,-0.00022161
2020-12-03,-0.01032682
2020-12-04,-0.0058862
2020-12-07,0.01055508
2020-12-08,-0.00865235
2020-12-09,-0.00315147
2020-12-10,-0.00799335
2020-12-11,0.01343959
2020-12-14,0.0253991
2020-12-15,-0.01120123
2020-12-16,0.00871378
2020-12-17,0.01682791
2020-12-18,-0.00139112
2020-12-21,-0.01661697
2020-12-22,0.01748331
2020-12-23,-0.01720476
2020-12-24,0.01995791
2020-12-25,-0.00729412
2020-12-28,-0.01672773
2020-12-29,-0.00463059
2020-12-30,0.00100163
2020-12-31,0.00408394
2021-01-01,0.01139401
2021-01-04,0.00583592
2021-01-05,0.03013815
2021-01-06,0.00036312
2021-01-07,0.00616975
2021-01-08,0.00474962
2021-01-11,-0.02173241
2021-01-12,-0.01496755
2021-01-13,0.00200353
2021-01-14,0.00703469
2021-01-15,-0.02519488
2021-01-18,0.024211
2021-01-19,0.00723813
2021-01-20,0.00116802
2021-01-21,0.00619211
2021-01-22,-0.00444797
2021-01-25,0.00296543
2021-01-26,0.00426523
2021-01-27,0.01501454
2021-01-28,-0.00067444
2021-01-29,-0.01309176
2021-02-01,-0.00835436
2021-02-02,-0.00144114
2021-02-03,-0.0118118
2021-02-04,-0.00849612
2021-02-05,-0.00708982
2021-02-08,-0.00197304
2021-02-09,0.00609778
2021-02-10,-0.00238679
2021-02-11,0.0069554
2021-02-12,0.00109756
2021-02-15,-0.00784446
2021-02-16,0.00472341
2021-02-17,0.00317583
2021-02-18,0.00746243
2021-02-19,0.01022791
2021-02-22,0.01532615
2021-02-23,0.00724897
2021-02-24,0.00306121
2021-02-25,0.00780065
2021-02-26,-0.00445806
2021-03-01,-0.00537363
2021-03-02,0.01931999
2021-03-03,-0.00529574
2021-03-04,-0.00782006
2021-03-05,0.00641631
2021-03-08,-0.00391058
2021-03-09,0.00964498
2021-03-10,0.0132332
2021-03-11,-0.00589693
2021-03-12,0.00767177
2021-03-15,-0.0044794
2021-03-16,-0.01182725
2021-03-17,-0.0172007
2021-03-18,0.00756073
2021-03-19,0.00606509
2021-03-22,0.01170864
2021-03-23,0.00491148
2021-03-24,0.00851241
2021-03-25,-0.01402879
2021-03-26,0.00627609
2021-03-29,-0.01064268
2021-03-30,0.00538514
2021-03-31,-0.02046404
2021-04-01,-0.02056492
2021-04-02,0.01468135
2021-04-05,-0.0141432
2021-04-06,0.00079582
2021-04-07,-0.00607429
2021-04-08,0.01970562
2021-04-09,0.00912673
2021-04-12,-0.00161165
2021-04-13,-0.01036508
2021-04-14,-0.00023134
2021-04-15,-0.00752734
2021-04-16,0.00341018
2021-04-19,-0.02850408
2021-04-20,0.00196109
2021-04-21,0.00449186
2021-04-22,-0.00292374
2021-04-23,-0.00221769
2021-04-26,-0.00775549
2021-04-27,0.00231041
2021-04-28,-0.0033171
2021-04-29,0.01599202
2021-04-30,-0.00236643
2021-05-03,-0.00286563
2021-05-04,0.00330244
2021-05-05,-0.01448597
2021-05-06,0.02678832
2021-05-07,-0.00915272
2021-05-10,0.0040395
2021-05-11,-0.00158977
2021-05-12,-0.00196806
2021-05-13,-0.00077831
2021-05-14,0.02335452
2021-05-17,-0.02886449
2021-05-18,0.03425647
2021-05-19,-0.01026418
2021-05-20,-0.00968401
2021-05-21,-0.00400519
2021-05-24,-0.02291418
2021-05-25,0.00041936
2021-05-26,0.00474559
2021-05-27,0.00777374
2021-05-28,0.01633283
2021-05-31,-0.00934499
2021-06-01,0.0154337
2021-06-02,0.00553694
2021-06-03,-0.00929383
2021-06-04,-0.01073759
2021-06-07,0.00370223
2021-06-08,0.00284357
2021-06-09,0.00249647
2021-06-10,0.01050539
2021-06-11,0.00952003
2021-06-14,0.00070351
2021-06-15,-0.00252723
2021-06-16,-0.00463191
2021-06-17,-0.00871698
2021-06-18,-0.00562129
2021-06-21,-0.00913223
2021-06-22,0.01015868
2021-06-23,0.00202515
2021-06-24,0.00405413
2021-06-25,-0.00091118
2021-06-28,0.01211286
2021-06-29,-0.00437536
2021-06-30,-0.00608926
2021-07-01,0.01173232
2021-07-02,-0.00586073
2021-07-05,-0.00071332
2021-07-06,-0.00240552
2021-07-07,0.00199657
2021-07-08,-0.00111033
2021-07-09,0.00313168
2021-07-12,0.00415419
2021-07-13,-0.00629062
2021-07-14,-0.00297021
2021-07-15,0.00342661
2021-07-16,0.00504002
2021-07-19,0.00123903
2021-07-20,0.00261322
2021-07-21,0.00774057
2021-07-22,-0.00126481
2021-07-23,0.00379087
2021-07-26,2.506e-05
2021-07-27,-0.01144766
2021-07-28,5.872e-05
2021-07-29,0.01420281
2021-07-30,-0.00209921
2021-08-02,-0.01165448
2021-08-03,0.00597734
2021-08-04,-0.00436949
2021-08-05,0.0085792
2021-08-06,-0.00263423
2021-08-09,-0.00486646
2021-08-10,-0.00609094
2021-08-11,-0.00587432
2021-08-12,0.00150687
2021-08-13,0.00992248
2021-08-16,0.00193125
2021-08-17,-0.00114503
2021-08-18,0.00497686
2021-08-19,-0.00129216
2021-08-20,-0.00813484
2021-08-23,-0.00339808
2021-08-24,0.00277571
2021-08-25,-0.00526579
2021-08-26,-0.00622423
2021-08-27,-0.00402501
2021-08-30,-0.00415989
2021-08-31,-0.00143362
2021-09-01,-0.00828194
2021-09-02,0.00658432
2021-09-03,0.01642353
2021-09-06,-0.00213413
2021-09-07,0.00397227
2021-09-08,0.00903248
2021-09-09,0.00227788
2021-09-10,0.01424742
2021-09-13,-0.00063044
2021-09-14,0.00907094
2021-09-15,0.00034631
2021-09-16,0.00358283
2021-09-17,-0.01265368
2021-09-20,-0.00742483
2021-09-21,0.00522178
2021-09-22,0.00181844
2021-09-23,-0.00304055
2021-09-24,0.00479801
2021-09-27,0.00147926
2021-09-28,0.00015229
2021-09-29,-0.00110695
2021-09-30,-0.0009386
2021-10-01,-0.0115768
2021-10-04,-0.00086677
2021-10-05,-0.00411097
2021-10-06,0.00077367
2021-10-07,-0.00051826
2021-10-08,-0.00430253
2021-10-11,0.00362222
2021-10-12,0.00697522
2021-10-13,-0.00065719
2021-10-14,0.01082463
2021-10-15,-0.00569405
2021-10-18,0.00431671
2021-10-19,-0.00039015
2021-10-20,-0.02011016
2021-10-21,-0.00113582
2021-10-22,0.01314955
2021-10-25,-0.00668525
2021-10-26,-0.00320174
2021-10-27,-0.00335699
2021-10-28,0.00695348
2021-10-29,-0.00259959
2021-11-01,0.00013445
2021-11-02,-0.01346922
2021-11-03,0.00623469
2021-11-04,0.00085928
2021-11-05,-0.01001559
2021-11-08,-0.01565655
2021-11-09,0.00797392
2021-11-10,-0.00182327
2021-11-11,0.00201404
2021-11-12,0.01804446
2021-11-15,0.00760518
2021-11-16,0.01073111
2021-11-17,0.0005679
2021-11-18,0.00550838
2021-11-19,0.00522633
2021-11-22,-0.00494368
2021-11-23,0.00932858
2021-11-24,-0.00623709
2021-11-25,0.00660843
2021-11-26,0.0032074
2021-11-29,-0.00045689
2021-11-30,-0.00248754
2021-12-01,-0.00857179
2021-12-02,-0.00712659
2021-12-03,-0.00040755
2021-12-06,-0.00538602
2021-12-07,0.00235247
2021-12-08,0.00323018
2021-12-09,0.0332548
2021-12-10,-0.00340543
2021-12-13,-0.01926831
2021-12-14,0.02163787
2021-12-15,-0.01812916
2021-12-16,0.01541523
2021-12-17,-0.00862817
2021-12-20,-0.00542198
2021-12-21,0.01430375
2021-12-22,0.00538913
2021-12-23,-0.01338056
2021-12-24,-0.01403351
2021-12-27,0.00349928
2021-12-28,-0.00977411
2021-12-29,0.00523776
2021-12-30,0.00665878
2021-12-31,-0.00756011
2022-01-03,-0.00475184
2022-01-04,0.00371956
2022-01-05,-0.00674902
2022-01-06,0.00106725
2022-01-07,0.02131533
2022-01-10,0.00373759
2022-01-11,-0.00308227
2022-01-12,0.01905838
2022-01-13,0.00805317
2022-01-14,-0.00952916
2022-01-17,-0.00864037
2022-01-18,-0.01739816
2022-01-19,0.00334186
2022-01-20,-0.01786392
2022-01-21,0.02037615
2022-01-24,-0.00235701
2022-01-25,0.00948456
2022-01-26,-0.00350732
2022-01-27,0.00363863
2022-01-28,-0.0012279
2022-01-31,0.01601824
2022-02-01,0.00614479
2022-02-02,-0.00493501
2022-02-03,0.0083688
2022-02-04,-0.02115603
2022-02-07,0.00746062
2022-02-08,0.03415458
2022-02-09,0.01525779
2022-02-10,0.01268995
2022-02-11,0.0234524
2022-02-14,0.01083279
2022-02-15,0.00428431
2022-02-16,0.01143502
2022-02-17,-0.01434093
2022-02-18,-0.01177798
2022-02-21,-0.00013551
2022-02-22,0.00843534
2022-02-23,0.0230555
2022-02-24,-0.00627787
2022-02-25,-0.02821169
2022-02-28,0.0147286
2022-03-01,0.01502615
2022-03-02,-0.00501213
2022-03-03,0.01659049
2022-03-04,0.01251705
2022-03-07,-0.00612805
2022-03-08,0.00467889
2022-03-09,-0.00221512
2022-03-10,-0.01334782
2022-03-11,0.02404244
2022-03-14,-0.00478523
2022-03-15,-0.0029849
2022-03-16,-0.01249691
2022-03-17,-0.03645644
2022-03-18,-0.00670496
2022-03-21,0.02508826
2022-03-22,-0.0091909
2022-03-23,0.00600447
2022-03-24,-0.02073551
2022-03-25,0.01649889
2022-03-28,0.00601359
2022-03-29,-0.00790182
2022-03-30,-0.00228244
2022-03-31,0.01488508
2022-04-01,-0.00725039
2022-04-04,0.00030342
2022-04-05,0.02714572
2022-04-06,-0.03075357
2022-04-07,0.0008028
2022-04-08,0.00356149
2022-04-11,-0.00039402
2022-04-12,-0.00709324
2022-04-13,0.03910118
2022-04-14,0.00152746
2022-04-15,0.00160247
2022-04-18,-0.00437813
2022-04-19,0.00561861
2022-04-20,-0.02034448
2022-04-21,-0.01519588
2022-04-22,0.01481125
2022-04-25,-0.01221165
2022-04-26,-0.0066161
2022-04-27,-0.00335563
2022-04-28,0.01474246
2022-04-29,-0.00589299
2022-05-02,0.00471533
2022-05-03,-0.02597346
2022-05-04,0.00649136
2022-05-05,-0.01320886
2022-05-06,-0.01700729
2022-05-09,-0.00803088
2022-05-10,-0.00393318
2022-05-11,0.02249233
2022-05-12,0.00422928
2022-05-13,-0.00645514
2022-05-16,0.00992018
2022-05-17,-0.00153184
2022-05-18,0.00777721
2022-05-19,-0.00516773
2022-05-20,0.01569393
2022-05-23,-0.01997266
2022-05-24,-0.00081649
2022-05-25,-0.01062042
2022-05-26,0.00321338
2022-05-27,-0.00636044
2022-05-30,-0.0035347
2022-05-31,0.00636677
2022-06-01,0.01471301
2022-06-02,0.01203626
2022-06-03,-0.0076603
2022-06-06,0.00232316
2022-06-07,-0.00349279
2022-06-08,-0.00949359
2022-06-09,-0.00331567
2022-06-10,0.01191308
2022-06-13,0.00986115
2022-06-14,0.00209865
2022-06-15,-0.01223608
2022-06-16,-0.00079626
2022-06-17,-0.00611953
2022-06-20,-0.00706557
2022-06-21,0.00316502
2022-06-22,0.01312205
2022-06-23,0.00806962
2022-06-24,-0.00619664
2022-06-27,0.00671921
2022-06-28,-0.01215234
2022-06-29,-0.01298658
2022-06-30,-0.01443918
2022-07-01,0.00378922
2022-07-04,0.00910917
2022-07-05,0.00859767
2022-07-06,-0.00869341
2022-07-07,-0.0203453
2022-07-08,-0.00946703
2022-07-11,-0.01011107
2022-07-12,0.00049205
2022-07-13,0.00037295
2022-07-14,-0.00225503
2022-07-15,0.00418294
2022-07-18,0.02483113
2022-07-19,-0.0022688
2022-07-20,0.00227138
2022-07-21,-0.00020937
2022-07-22,-0.00600367
2022-07-25,0.00614698
2022-07-26,-0.00311866
2022-07-27,-0.00996345
2022-07-28,-0.00927084
2022-07-29,0.01285822
2022-08-01,0.00723553
2022-08-02,-0.00677103
2022-08-03,0.00585317
2022-08-04,-0.00030272
2022-08-05,0.00366714
2022-08-08,-0.00909031
2022-08-09,-0.01663975
2022-08-10,-0.00495928
2022-08-11,-0.01606152
2022-08-12,-0.01634142
2022-08-15,-0.02351436
2022-08-16,-0.03565254
2022-08-17,-0.00810799
2022-08-18,0.01685147
2022-08-19,0.01146262
2022-08-22,0.02170938
2022-08-23,-0.01374309
2022-08-24,0.00824787
2022-08-25,-0.00188071
2022-08-26,-0.01007534
2022-08-29,0.01354322
2022-08-30,-0.00201409
2022-08-31,-0.02434484
2022-09-01,0.00451454
2022-09-02,0.00128029
2022-09-05,-0.01617957
2022-09-06,0.0028709
2022-09-07,0.01891881
2022-09-08,0.00427256
2022-09-09,-0.02246051
2022-09-12,0.00582555
2022-09-13,0.00456738
2022-09-14,0.00942526
2022-09-15,0.00412124
2022-09-16,-0.01178171
2022-09-19,0.0005734
2022-09-20,0.01389576
2022-09-21,-0.0087367
2022-09-22,-0.0076361
2022-09-23,0.00432331
2022-09-26,0.02057992
2022-09-27,0.00618776
2022-09-28,-0.01643842
2022-09-29,-0.0098236
2022-09-30,-0.00288372
2022-10-03,0.00199563
2022-10-04,0.00242498
2022-10-05,0.00579771
2022-10-06,0.02037958
2022-10-07,0.00574213
2022-10-10,0.00508935
2022-10-11,-0.03011215
2022-10-12,0.00950171
2022-10-13,0.00976906
2022-10-14,0.01564098
2022-10-17,0.00576394
2022-10-18,0.01836823
2022-10-19,-0.00467105
2022-10-20,0.01794804
2022-10-21,-0.00308816
2022-10-24,0.01081423
2022-10-25,0.00420578
2022-10-26,0.02426495
2022-10-27,0.00088349
2022-10-28,0.0076191
2022-10-31,0.00276467
2022-11-01,0.01607092
2022-11-02,-0.00459778
2022-11-03,0.02299028
2022-11-04,-0.00709639
2022-11-07,0.01812398
2022-11-08,-0.00880708
2022-11-09,0.00664765
2022-11-10,-0.00012168
2022-11-11,0.00886325
2022-11-14,0.00469942
2022-11-15,0.00892455
2022-11-16,-0.0105613
2022-11-17,-0.01451874
2022-11-18,-0.01030127
2022-11-21,-0.01074701
2022-11-22,-0.007692
2022-11-23,-0.00423949
2022-11-24,-0.00477907
2022-11-25,0.00013335
2022-11-28,-0.0070498
2022-11-29,-0.00643909
2022-11-30,-0.00181204
2022-12-01,0.00871529
2022-12-02,-0.00362109
2022-12-05,-0.00044352
2022-12-06,0.00089627
2022-12-07,-0.00744222
2022-12-08,-0.0023819
2022-12-09,-0.00511758
2022-12-12,0.00839226
2022-12-13,0.00818816
2022-12-14,-0.00844414
2022-12-15,-0.0039508
2022-12-16,0.00179745
2022-12-19,0.01360329
2022-12-20,0.00854884
2022-12-21,-0.01040573
2022-12-22,0.00138922
2022-12-23,-0.0061654
2022-12-26,-0.00680401
2022-12-27,-0.01364939
2022-12-28,-0.00516774
2022-12-29,0.00319905
2022-12-30,-0.0071861
2023-01-02,0.00391744
2023-01-03,-0.00068419
2023-01-04,0.00038945
2023-01-05,-0.00545084
2023-01-06,0.00312274
2023-01-09,0.00662789
2023-01-10,-0.00363304
2023-01-11,0.00622906
2023-01-12,-0.00588793
2023-01-13,-0.01011177
2023-01-16,0.01891238
2023-01-17,-0.00398774
2023-01-18,0.0021833
2023-01-19,-0.00903664
2023-01-20,-0.00336744
2023-01-23,0.01210744
2023-01-24,-0.0105585
2023-01-25,-0.0031247
2023-01-26,-0.00273429
2023-01-27,-0.0263923
2023-01-30,0.00025713
2023-01-31,0.01026982
2023-02-01,-0.0002556
2023-02-02,-0.00098038
2023-02-03,-0.00059017
2023-02-06,0.00313393
2023-02-07,-0.01414601
2023-02-08,-0.01895581
2023-02-09,0.00320432
2023-02-10,-0.0167811
2023-02-13,-0.00778578
2023-02-14,0.0117208
2023-02-15,-0.00655753
2023-02-16,0.03646658
2023-02-17,0.02094819
2023-02-20,0.00537047
2023-02-21,0.01400084
2023-02-22,0.01916015
2023-02-23,-0.03126251
2023-02-24,0.00792
2023-02-27,0.00850598
2023-02-28,-0.01393396
2023-03-01,0.00064269
2023-03-02,0.01335454
2023-03-03,0.00346819
2023-03-06,-0.01554273
2023-03-07,0.00041219
2023-03-08,0.00646525
2023-03-09,-0.02957475
2023-03-10,-0.00066845
2023-03-13,-0.00921204
2023-03-14,0.00963827
2023-03-15,-0.00427827
2023-03-16,0.00614377
2023-03-17,0.01078592
2023-03-20,-0.01361913
2023-03-21,-0.00684168
2023-03-22,-0.00045026
2023-03-23,-0.00412429
2023-03-24,-0.0001542
2023-03-27,-0.0268982
2023-03-28,-0.00160082
2023-03-29,-0.01806042
2023-03-30,-0.00837607
2023-03-31,-0.007932
2023-04-03,-0.00922034
2023-04-04,-0.00317863
2023-04-05,-0.02847652
2023-04-06,-0.02692843
2023-04-07,-0.01028265
2023-04-10,-0.00836114
2023-04-11,-0.01032951
2023-04-12,0.00483447
2023-04-13,-0.01109148
2023-04-14,-0.01149608
2023-04-17,0.00927939
2023-04-18,0.00719502
2023-04-19,0.00055689
2023-04-20,-0.00176749
2023-04-21,-0.02019292
2023-04-24,0.01418344
2023-04-25,-0.00645047
2023-04-26,-0.00197092
2023-04-27,0.00581112
2023-04-28,0.00521636
2023-05-01,0.00109626
2023-05-02,-0.00261137
2023-05-03,0.00125776
2023-05-04,0.00198425
2023-05-05,-0.01006171
2023-05-08,-0.00332532
2023-05-09,0.00532323
2023-05-10,-0.0095967
2023-05-11,0.00268128
2023-05-12,-0.00205805
2023-05-15,-0.00275024
2023-05-16,0.01448737
2023-05-17,0.01074332
2023-05-18,-0.01319731
2023-05-19,-0.00690478
2023-05-22,-0.00044509
2023-05-23,0.01111103
2023-05-24,-0.00363035
2023-05-25,0.00085195
2023-05-26,0.00174265
2023-05-29,0.0114781
2023-05-30,-0.00882479
2023-05-31,-0.00057505
2023-06-01,0.00472385
2023-06-02,-0.00957333
2023-06-05,0.00130133
2023-06-06,-0.00015413
2023-06-07,0.00909082
2023-06-08,0.00766218
2023-06-09,-0.01157852
2023-06-12,0.00965296
2023-06-13,0.00320726
2023-06-14,0.01075003
2023-06-15,-0.00911224
2023-06-16,0.00645439
2023-06-19,-0.00718845
2023-06-20,-0.01871287
2023-06-21,-0.01100923
2023-06-22,-0.00601719
2023-06-23,-0.00870686
2023-06-26,0.02253566
2023-06-27,0.00482805
2023-06-28,0.0110373
2023-06-29,-0.01096422
2023-06-30,-0.02421872
2023-07-03,0.02991312
2023-07-04,-0.03016416
2023-07-05,-0.0130749
2023-07-06,0.00915686
2023-07-07,-0.00667209
2023-07-10,0.00202005
2023-07-11,-0.01443293
2023-07-12,0.0047056
2023-07-13,-0.01778661
2023-07-14,-0.03678224
2023-07-17,-0.007843
2023-07-18,0.00771547
2023-07-19,-0.00972886
2023-07-20,0.00314188
2023-07-21,0.02505765
2023-07-24,0.00529675
2023-07-25,0.00365622
2023-07-26,0.0100604
2023-07-27,-0.00040642
2023-07-28,-0.00673127
2023-07-31,0.01179274
2023-08-01,0.00846389
2023-08-02,-0.00907488
