t,date,y,filtered_h_plugin,filtered_vol_plugin,filtered_h_postmean,filtered_vol_postmean,filtered_var_postmean,smoothed_h,smoothed_vol,smoothed_var,smoothed_vol_q05,smoothed_vol_q95,ess_filter_plugin
0,2022-08-18,0.01685147,-8.722439872437633,0.012762808336440326,-8.963412942134072,0.011314089505341705,0.23696354767039893,-8.966696455878001,0.011295529760609291,0.203886544549231,0.007845840717733466,0.015912986384371122,1330.2412675710557
1,2022-08-19,0.01146262,-8.906975164990767,0.01163790794672004,-9.142668694356072,0.01034414782027673,0.2767187772113099,-8.969991185415937,0.011276937221386594,0.2069900457297236,0.007845502876432868,0.016102338413671063,1470.127766430482
2,2022-08-22,0.02170938,-8.565711252345299,0.013803189005331964,-8.787690242645173,0.01235313846684855,0.22166993730450607,-8.976392698648944,0.011240900193605038,0.21578018590498574,0.007631174860023113,0.016207224911128085,1108.0667361660915
3,2022-08-23,-0.01374309,-8.826248196962641,0.012117263611249042,-9.066160254976424,0.010747521302701322,0.2691397212862301,-9.015788511570616,0.011021644521276356,0.2330342766306089,0.007487071529401467,0.016025290588618263,1430.4897363621542
4,2022-08-24,0.00824787,-9.002648091815157,0.011094297450119691,-9.251457732248602,0.009796512087214743,0.302083668865311,-9.032369083955427,0.010930649641844105,0.22692162644843927,0.007109784474352585,0.015708452362393325,1471.5722186773407
5,2022-08-25,-0.00188071,-9.131587688512157,0.010401618663170664,-9.379710472466545,0.00918801615180165,0.33198336694880054,-9.027476072551575,0.010957424277313079,0.2323060231524689,0.007157387431439465,0.016317070252792814,1364.5068365393056
6,2022-08-26,-0.01007534,-8.954366002157734,0.011365384377604853,-9.197727573165679,0.010063263266095942,0.2835335198794745,-8.992849756699492,0.011148783631750273,0.23538147429659284,0.007315133671495475,0.01690282567841752,1480.5140365133796
7,2022-08-29,0.01354322,-8.834102380166978,0.01206977132140204,-9.085129500985591,0.01064606700335386,0.2637573010810458,-9.000532033861807,0.011106041750107045,0.23478739096255996,0.007427785549511932,0.0168876867207182,1430.546578556213
8,2022-08-30,-0.00201409,-9.146696644156442,0.010323335930549238,-9.380708917769462,0.009183430430759849,0.32805156783502526,-8.994246207055372,0.011141001987301358,0.24225797714930758,0.007415142822031373,0.01674581294673087,1363.8016764647589
9,2022-08-31,-0.02434484,-8.477185664312413,0.014427880014143668,-8.712739691331612,0.012824859467748022,0.2105253937574435,-8.971483665457274,0.011268525058658049,0.22631791598586376,0.007948114646029607,0.016820544859349536,967.4940226646967
10,2022-09-01,0.00451454,-9.093693512461222,0.01060057794507026,-9.343979631304768,0.009353638980226753,0.31827611401662903,-9.012210757038964,0.011041378536195266,0.24374076258748664,0.007679113474372764,0.016566802131305465,1412.4294708630036
11,2022-09-02,0.00128029,-9.121541053583881,0.01045400075163705,-9.382063299828395,0.009177213599281244,0.3259256180092843,-9.006941382199567,0.011070507473292707,0.2411650948955085,0.007750489105469235,0.016543600115023753,1359.76997056452
12,2022-09-05,-0.01617957,-8.737955610317702,0.012664179212629339,-8.98846751578776,0.011173238741885763,0.24372581082203287,-8.975515848702841,0.011245829565470397,0.2249056687560733,0.007717897440044482,0.016367548399934023,1365.498379537378
13,2022-09-06,0.0028709,-9.089889536368474,0.010620759303874103,-9.365362652703613,0.009254167148604194,0.32855515780376177,-8.987758174893434,0.01117720226229683,0.2160755761028767,0.007751659149233587,0.016914101921888972,1379.452306230878
14,2022-09-07,0.01891881,-8.644576471306479,0.013269485067439097,-8.890615443515651,0.011733494823694854,0.23646417109202228,-8.970777875701295,0.011272502365178022,0.21100294548959944,0.0077160139920233505,0.017027976983536496,1260.309755012349
15,2022-09-08,0.00427256,-9.059414825251825,0.010783830823943779,-9.346089024443822,0.009343778929876366,0.3201418689141662,-8.986952970049956,0.011181703136966628,0.2302438446656699,0.007672148914949068,0.017168236785646208,1406.0041157333671
16,2022-09-09,-0.02246051,-8.512121178968721,0.014178045682510467,-8.770953634582206,0.012456947030296256,0.21478614559423465,-8.967003409679432,0.01129379629073689,0.20424003841225422,0.008172893462929657,0.016924403937803346,1091.863499367306
17,2022-09-12,0.00582555,-9.01749345090441,0.011012252907244429,-9.31488036791167,0.009490725845775242,0.31284327381363286,-8.994724744654052,0.011138336612015702,0.21564841154970074,0.007782863222333389,0.016326173022629797,1434.3035484434483
18,2022-09-13,0.00456738,-9.04493131634293,0.010862208130926887,-9.337350326737791,0.009384694481692223,0.32068586829159584,-8.982102868906914,0.01120885223821623,0.2158080341394104,0.0077547406534606116,0.01647926755834873,1411.0307915402454
19,2022-09-14,0.00942526,-8.931724111366494,0.011494782345198296,-9.207247847887535,0.010015474581238835,0.29266906083445576,-8.966474904731816,0.011296781098699471,0.21505847634783484,0.007866506830151726,0.016734081988885628,1479.4172676061864
20,2022-09-15,0.00412124,-9.054672987682927,0.010809428744316672,-9.33826722565222,0.0093803930596686,0.31921905603869355,-8.948038814723109,0.011401396770471287,0.20748583621851058,0.007925106630852347,0.016363391342581024,1401.6595669077442
21,2022-09-16,-0.01178171,-8.857376854451623,0.011930126645334967,-9.130408787578748,0.010407751709532096,0.27618304502173174,-8.899173735974383,0.011683392757049483,0.19575211667203368,0.008375288950413019,0.016166833699339304,1470.2201763843952
22,2022-09-19,0.0005734,-9.089756121502733,0.01062146781109349,-9.381936103113887,0.009177797273550496,0.3436543551868208,-8.89284459250879,0.011720424255023084,0.19965463000742736,0.008243520899504449,0.016461830554856186,1359.224823158641
23,2022-09-20,0.01389576,-8.798556585720979,0.012286203745094985,-9.061099906703973,0.010774748833802052,0.2630636379342727,-8.87154281290981,0.011845924359651438,0.20312355469670437,0.00836077549226427,0.016713389179461368,1436.9952800636331
24,2022-09-21,-0.0087367,-8.957311239638225,0.01134865981705336,-9.233184126313887,0.009886431048294038,0.29917171800993486,-8.863138564273314,0.01189580713989536,0.22208152383339674,0.008024300934214194,0.016887052254186664,1476.4099075473982
25,2022-09-22,-0.0076361,-8.9896739214952,0.01116650104469474,-9.272311481918262,0.009694895772799007,0.3023862439062843,-8.839502012532153,0.012037229106234658,0.20846808896594163,0.008385733375926815,0.017363309947513797,1464.7859517598931
26,2022-09-23,0.00432331,-9.079088723893019,0.01067827087180919,-9.34487262723409,0.009349463531693915,0.32157853509137607,-8.81827902702019,0.012165642198013133,0.19512195825120937,0.008764083636697475,0.017361147747674784,1403.6726792225065
27,2022-09-26,0.02057992,-8.585982521358861,0.013663991545491326,-8.839320888512606,0.01203831927125764,0.2227506791559845,-8.789581718450497,0.012341461158290637,0.1880024947581959,0.008877826267323152,0.017444906925993337,1166.9005957843626
28,2022-09-27,0.00618776,-9.048466949192479,0.010843022704136502,-9.297476810487108,0.009573672409828022,0.3062008531639129,-8.801323580852191,0.012269217565001897,0.19958454913350396,0.008627245808311252,0.017639292648791077,1442.2956902058213
29,2022-09-28,-0.01643842,-8.716132990326917,0.01280311862488496,-8.971894180815534,0.011266212344716559,0.24408941284023863,-8.776821745432352,0.012420451223823379,0.20873489605817894,0.008421639469359341,0.017894056591179888,1344.4605026272418
30,2022-09-29,-0.0098236,-8.940315894673622,0.01144550792023613,-9.200466233614414,0.0100494927658827,0.29314381014271373,-8.778493615816473,0.012410072869964088,0.21134764831180322,0.008139920244721413,0.017269631085641796,1479.3399669515818
31,2022-09-30,-0.00288372,-9.113029710077283,0.010498584346630882,-9.363051081754085,0.009264869164001214,0.3390405223529813,-8.752863817669187,0.012570130069318468,0.2007124591144633,0.008629895939145626,0.018224999808297556,1378.9023703185687
32,2022-10-03,0.00199563,-9.131651733969099,0.010401285580293698,-9.368399067629575,0.009240128062794555,0.3434558236907478,-8.720396062709204,0.01277585737866465,0.19037273279215305,0.009064687488589502,0.018297112525132622,1366.846665023033
33,2022-10-04,0.00242498,-9.12642209703797,0.01042851864313579,-9.362942345382073,0.0092653728918245,0.33487828106110473,-8.68535853202843,0.013001646625857928,0.17860877107686202,0.00922250499411795,0.018413050807759082,1373.343543144164
34,2022-10-05,0.00579771,-9.066685403894184,0.010744699648574331,-9.307643662977394,0.00952512884059981,0.3138781441930549,-8.656802283081609,0.013188617374163832,0.16493055410729204,0.009597154688061313,0.018495061930213948,1434.9021719498487
35,2022-10-06,0.02037958,-8.592456578786681,0.013619832323406546,-8.842918474126787,0.012016684293397936,0.21764437016746147,-8.633911562374504,0.013340432987507582,0.15197974546831797,0.0097125817442611,0.018700094437963003,1160.2170482129354
36,2022-10-07,0.00574213,-9.080855333296002,0.01066884286945672,-9.305180038209906,0.009536869241763652,0.3074169599404769,-8.626424819676798,0.01339046476747626,0.15089507667048482,0.009834453161170683,0.018223751754006208,1432.51795824105
37,2022-10-10,0.00508935,-9.09199029188007,0.010609609351407798,-9.326046804949996,0.009437884698573686,0.3068534410457333,-8.573808719166992,0.013747416552911878,0.14168439769260094,0.010393467731189572,0.019503453801736906,1420.4308531833215
38,2022-10-11,-0.03011215,-8.281097857402266,0.015914113392836552,-8.550705111261493,0.01390714481232728,0.16267301509344873,-8.537386751638797,0.01400006402981114,0.12301187891892745,0.010634422179207948,0.019136776813193302,684.0625991207028
39,2022-10-12,0.00950171,-8.389089916359886,0.015077601840702365,-8.604944903716772,0.013535052841521227,0.15673878200748265,-8.5665919937846,0.013797111823260943,0.12481656202432291,0.010389518962647431,0.018320628613659497,1469.2181471215347
40,2022-10-13,0.00976906,-8.423579368103976,0.014819821791493402,-8.627522655566334,0.013383116518054098,0.1714027885063758,-8.59147525545076,0.013626516692799504,0.1317433381132334,0.010224372350352633,0.018455374077041575,1471.3829141625986
41,2022-10-14,0.01564098,-8.351338115330357,0.015364908205684957,-8.57499377423051,0.013739273242919656,0.17029939610606112,-8.60321474660662,0.013546766791489187,0.14242252098308,0.009893678831364565,0.018506827990913556,1482.277679281348
42,2022-10-17,0.00576394,-8.524280092624538,0.01409211234456165,-8.71457969231609,0.012813066016547086,0.19620263212418226,-8.628947641771097,0.013373584535985599,0.14591420382305442,0.009929179686592774,0.018540088705823556,1427.7400906962687
43,2022-10-18,0.01836823,-8.338733532308458,0.015462048116730728,-8.561025320460892,0.013835567322901214,0.17968563367732002,-8.639516409219395,0.013303099781796151,0.157586579099684,0.009486905826776694,0.01813751291235161,1438.8559550899813
44,2022-10-19,-0.00467105,-8.588016607813252,0.01365010173989716,-8.776056343401748,0.012425205452783344,0.22153702163444014,-8.681391016886133,0.013027464340365988,0.16482364229393295,0.009088014720589555,0.017896056017425704,1414.0674777630622
45,2022-10-20,0.01794804,-8.368088056140202,0.015236764901376699,-8.589399421881321,0.01364066722545957,0.19593212297777768,-8.686181168324266,0.012996299912323426,0.1799908947344189,0.009153624262731636,0.017954929527127187,1437.1115553866914
46,2022-10-21,-0.00308816,-8.654902301919503,0.013201152389576969,-8.826410106124118,0.01211628270295874,0.23779978223245143,-8.720809297210486,0.012773217938824778,0.18220429918487138,0.008949167976299811,0.01760365742340128,1390.4038088438112
47,2022-10-24,0.01081423,-8.567557276668921,0.01379045437202308,-8.758660063610415,0.012533753024656587,0.22679275648274907,-8.72589258920346,0.012740794162923123,0.1840182787707748,0.008918390042573278,0.018205336291888315,1479.9671881902764
48,2022-10-25,0.00420578,-8.705646887360055,0.01287042231917162,-8.870340154019463,0.011853049804929515,0.24843451201548158,-8.741123959175468,0.012644132826436479,0.19753900088873405,0.008810823121529601,0.018002688340371092,1399.973397512589
49,2022-10-26,0.02426495,-8.266735857722118,0.016028803942122236,-8.494839450203834,0.014301087078902831,0.1937703567480133,-8.7424724768365,0.01263561028174742,0.19444024856310507,0.00889851641172534,0.018181439385732735,1201.9658961623231
50,2022-10-27,0.00088349,-8.76889534987854,0.012469773601111218,-8.922004807351279,0.011550778939076814,0.26002889228647663,-8.78880051793894,0.012346282677757817,0.21350185625518647,0.008409573728160402,0.017811359362692042,1359.446191176748
51,2022-10-28,0.0076191,-8.701363150308405,0.012898018614919717,-8.884376302794351,0.011770155439327764,0.2535575454846785,-8.79893090668332,0.01228390446846386,0.2169639878581527,0.008428918551859453,0.018130244936551236,1451.253240844396
52,2022-10-31,0.00276467,-8.803674223366507,0.012254805763696286,-8.956042025781105,0.01135586404088653,0.2726226997141862,-8.799953051174137,0.012277628109797753,0.21236197351921707,0.008425662783265186,0.017800063910249794,1377.7455819646082
53,2022-11-01,0.01607092,-8.532528074347592,0.01403411627186633,-8.731529168645112,0.012704937464714001,0.22638240087518582,-8.804049007618872,0.012252509524743542,0.2043893702362225,0.008415765800577006,0.01820067319880377,1433.923029495478
54,2022-11-02,-0.00459778,-8.802667018540808,0.012260978867712458,-8.960495005658387,0.011330608449947686,0.27184923596497756,-8.81947320922481,0.012158380369505147,0.22114450729979665,0.008348253775822422,0.018055436093765656,1406.9998553795817
55,2022-11-03,0.02299028,-8.362338113414925,0.015280633193953891,-8.560095795860803,0.013841999067493057,0.20593677398090549,-8.844759528947797,0.01200562769585378,0.2193988324364122,0.008130617182758525,0.01730090079285218,1200.0922909967687
56,2022-11-04,-0.00709639,-8.793406245706315,0.012317883581458475,-8.943865637595035,0.011425211631854776,0.265596569494864,-8.894310238659996,0.011711838404012263,0.22791130813065816,0.007981545445814631,0.017007073020854635,1446.7123985497974
57,2022-11-07,0.01812398,-8.515233765813143,0.014155997644333482,-8.708598153343685,0.012851444305114403,0.23014244059130798,-8.903534275949008,0.011657947555255841,0.2305204317328096,0.008111193975934995,0.017222831449978566,1364.2384466077217
58,2022-11-08,-0.00880708,-8.783434265385818,0.012379453794475439,-8.943954420262855,0.011424704462727274,0.26763023319182944,-8.929220457036916,0.011509180836322224,0.26251789503727485,0.007645334107862569,0.017191168288632253,1469.45149139346
59,2022-11-09,0.00664765,-8.835632571594687,0.012060540322845849,-8.997743924385233,0.011121534976926412,0.2765926581424646,-8.941307665789038,0.011439833665164698,0.257218494717826,0.0075385110119534525,0.01651478542726233,1442.5450046362187
60,2022-11-10,-0.00012168,-8.936687344062346,0.011466292071000958,-9.073737138910637,0.010706881970437348,0.29498429814282545,-8.942621949085213,0.011432318543536274,0.26438676613822504,0.0075470941721254995,0.01636942956467581,1356.4270855004322
61,2022-11-11,0.00886325,-8.815417617822135,0.012183060095217687,-8.983808724635807,0.011199295971796083,0.27609775874346376,-8.956267006888782,0.011354586685297827,0.27264444951035915,0.0075906077897203005,0.016573355813546277,1471.4575151553324
62,2022-11-14,0.00469942,-8.913595407072325,0.01159944875016894,-9.070519128956269,0.010724123263761631,0.29514587420387106,-8.976529269708871,0.011240132628985124,0.27572647376008047,0.007407084197903682,0.01684547009303925,1411.9675963670616
63,2022-11-15,0.00892455,-8.834459630166243,0.012067615551047161,-9.004280510435297,0.011085245875744366,0.2760554571977233,-8.970034282912717,0.011276694220121994,0.2644647000845806,0.007291454070560653,0.017084810479810617,1472.9136101883453
64,2022-11-16,-0.0105613,-8.803573270897092,0.012255424355760278,-8.972156785383811,0.011264733162414239,0.26549473053079264,-8.986816528221054,0.011182465989000688,0.2706313235496253,0.007367478231355386,0.01733514975043363,1480.4190396275892
65,2022-11-17,-0.01451874,-8.699989892816347,0.01290687780640724,-8.876693586535481,0.01181545577330802,0.2382349318603268,-8.992977563289168,0.011148071210506042,0.2723063274896964,0.007198681014579055,0.016705503027888747,1439.8076233784245
66,2022-11-18,-0.01030127,-8.82766226848668,0.012108699300531824,-8.994607221835288,0.01113899113560337,0.26197587928601007,-9.003093423191121,0.011091827405752553,0.2882276022302238,0.007395054000635241,0.01774272113193798,1480.8439175332503
67,2022-11-21,-0.01074701,-8.824197044513669,0.0121296971634025,-8.993086409837666,0.011147464512478602,0.2579681205834614,-9.02407313172288,0.010976083880418068,0.3010240844907176,0.0070060683364295065,0.017454522056956787,1481.1556472049745
68,2022-11-22,-0.007692,-8.91162303350878,0.011610893615662164,-9.071606685924795,0.010718293301515885,0.27869823470963,-9.041458405462008,0.010881086257100145,0.31242755302756087,0.006826805823071825,0.017308790193264485,1464.2800818352819
69,2022-11-23,-0.00423949,-8.986050911525181,0.01118674754978811,-9.139768331830027,0.010359159591891745,0.30424640630503597,-9.059723534434186,0.010782166418603195,0.29978608563661985,0.0069645132652234355,0.017088997032939052,1407.752035529055
70,2022-11-24,-0.00477907,-8.980395476471346,0.011218425278630493,-9.140653489587564,0.010354575861060629,0.2992222449772998,-9.06657401894747,0.0107452980641367,0.294992381393393,0.006792468618098063,0.01701132762325945,1416.4508834381468
71,2022-11-25,0.00013335,-9.033059528840896,0.010926876787548527,-9.184611238448568,0.010129476712883487,0.30281551877836044,-9.053951062576974,0.01081333124759884,0.2883402123192111,0.007031746165900301,0.017422259248296268,1362.399815625343
72,2022-11-28,-0.0070498,-8.950631246221395,0.011386627674450494,-9.116128854738234,0.010482328628776216,0.2908493577025543,-9.040689433329653,0.010885270687526918,0.2902270515667854,0.007166153815387664,0.01750948743064,1453.289305681219
73,2022-11-29,-0.00643909,-8.966396346252214,0.01129722483638801,-9.137192213692204,0.010372511398462157,0.2943974573760493,-9.04156722661344,0.010880494227038974,0.2864533989728073,0.007141414510802365,0.017253202676373907,1443.7270723637364
74,2022-11-30,-0.00181204,-9.035192342098492,0.01091523050465057,-9.204593852801406,0.010028773913539818,0.30764988806818505,-9.053621289615737,0.010815114366734099,0.28959195914350466,0.006993564929777581,0.01720249234156272,1365.4036404632552
75,2022-12-01,0.00871529,-8.909365369713559,0.01162400776317673,-9.09242643736838,0.010607295937037601,0.2827315401611228,-9.04608150338148,0.010855963141324422,0.27729575236490456,0.00717383453296589,0.017094365871906436,1474.1877592051226
76,2022-12-02,-0.00362109,-9.0198725330875,0.010999161168025398,-9.196831948152658,0.010067770730416927,0.3086368666344753,-9.05374386182294,0.01081445157082485,0.27424945301124654,0.006934588146366742,0.016330918592774687,1392.9194375977038
77,2022-12-05,-0.00044352,-9.050079403011258,0.010834284290498744,-9.228972975431308,0.009907269605589679,0.3237045671128177,-9.055007238267118,0.010807622366330325,0.25405694972868126,0.007272267532552968,0.016254423769182836,1357.5425369110546
78,2022-12-06,0.00089627,-9.053539495069492,0.010815556684464942,-9.234052025827665,0.009882141764678231,0.32831922556643567,-9.043797095265665,0.010868369950682072,0.25210713818727204,0.007247607855300025,0.01654693839840585,1358.4271996956036
79,2022-12-07,-0.00744222,-8.956885948771685,0.011351073314337682,-9.14290925519741,0.010342903696648803,0.29644385114254423,-9.051301646537546,0.010827665246307714,0.2507429407639696,0.007428413670769502,0.016160170648950496,1460.0087720703443
80,2022-12-08,-0.0023819,-9.052479234400318,0.010821291859209558,-9.235172330655892,0.009876607809186099,0.32240688709872845,-9.062291308634892,0.010768332216901363,0.2528109751347205,0.007270734310718436,0.01590218227693187,1370.0947529057228
81,2022-12-09,-0.00511758,-9.015420161481476,0.011023674620088327,-9.202193571787866,0.010040817076645111,0.3129086031669963,-9.056568948774537,0.010799186471660444,0.24169946212713783,0.007329252197649089,0.016189462620606245,1419.7381060420257
82,2022-12-12,0.00839226,-8.942809592531386,0.011431245994026652,-9.129240977354037,0.010413830623545188,0.2924022222109016,-9.048558978690044,0.010842523776649824,0.23863432529084694,0.007249271322054828,0.016162743945832163,1470.2909453266664
83,2022-12-13,0.00818816,-8.946897102941373,0.011407907183058725,-9.140813683393201,0.010353746524818231,0.29196609492745174,-9.04821068948478,0.01084441210806103,0.2450114146646484,0.007227834124618229,0.016607451870222913,1468.2605419776498
84,2022-12-14,-0.00844414,-8.944078126465262,0.011423997831179821,-9.13646027932206,0.010376308091951019,0.29284759115420944,-9.040453903214487,0.010886552667540985,0.2568157365743229,0.0072229415028851,0.01718386656175428,1470.3494852410288
85,2022-12-15,-0.0039508,-9.056433974825715,0.010799915300674468,-9.237167005522426,0.009866762408913505,0.3278531963345033,-9.025633029808665,0.010967526431921514,0.24551230917360162,0.007146425906577095,0.016894741011903976,1393.7928092294117
86,2022-12-16,0.00179745,-9.078186946702978,0.010683086667972023,-9.268281287687195,0.009714451626160622,0.3450209317002827,-9.000990653637542,0.011103495316890992,0.24061457304458897,0.007561626063497906,0.01655019492589576,1360.731700955672
87,2022-12-19,0.01360329,-8.788176463721973,0.012350135653727492,-8.989615627887371,0.011166826517254319,0.252233250154806,-8.98791183174258,0.011176343568442361,0.2267250725623362,0.0074189339316685626,0.01644886553949004,1437.624807248563
88,2022-12-20,0.00854884,-8.946905120464919,0.01140786145156816,-9.147339128280704,0.01032002017343568,0.2990328380358605,-8.985103335724066,0.011192048951194545,0.2238096926906411,0.00748989165128992,0.01639371866617676,1474.158862102167
89,2022-12-21,-0.01040573,-8.890092996555442,0.01173656028841474,-9.094496605450225,0.010596322174658758,0.27981630374953964,-8.994369443883944,0.011140315517575152,0.2306064045240466,0.007389378372456945,0.016408659103942614,1478.6220553471217
90,2022-12-22,0.00138922,-9.087350727188925,0.010634249905185396,-9.286156394676372,0.009628015036281995,0.3434994179282164,-8.985202107234054,0.011191496237055376,0.23663538977694562,0.007512317838789932,0.01674299479079503,1357.9878981033762
91,2022-12-23,-0.0061654,-9.014255787608285,0.011030094327999139,-9.21465432406093,0.009978453485587797,0.31362506681771185,-8.979265842804358,0.011224763423850216,0.263355484431764,0.007569466377581786,0.01693617533164595,1440.3391732666876
92,2022-12-26,-0.00680401,-8.995285864349741,0.011135212080320157,-9.20225933740361,0.010040486911814703,0.31044570415350203,-8.963763977431991,0.01131210385721485,0.273115268602495,0.007334227465061865,0.017029645398923203,1451.3333417889621
93,2022-12-27,-0.01364939,-8.793246813967224,0.012318865551397903,-9.003660840706068,0.01108868100353319,0.25124023658530314,-8.955065692415108,0.011361408948677461,0.28503230012072966,0.0073843335776885,0.017020093772138208,1440.6522827600986
94,2022-12-28,-0.00516774,-9.035254209294441,0.010914892862520608,-9.255980801590976,0.009774381968919815,0.3235276476948839,-8.953951614870695,0.011367739456974361,0.2727868293920394,0.007190574773694948,0.016912334024948576,1422.668997500151
95,2022-12-29,0.00319905,-9.083429803901996,0.010655118393483112,-9.29183594100381,0.00960071244249669,0.33634866344276715,-8.941001120185998,0.011441587214901789,0.2684208651450362,0.007190228840187288,0.016696576091462887,1381.3519940070294
96,2022-12-30,-0.0071861,-9.000733984723421,0.011104920369373671,-9.210431539675064,0.009999544171894874,0.3140945987940446,-8.931478577377373,0.011496193611706644,0.2648851390687213,0.007212880037775128,0.016851662261605834,1457.0310109220663
97,2023-01-02,0.00391744,-9.0759237605257,0.010695182417453365,-9.292385203355078,0.009598076149572367,0.3518281058896211,-8.909415669001124,0.011623715427198249,0.2717963849026678,0.007407317197245631,0.017198769889025606,1394.1328585671022
98,2023-01-03,-0.00068419,-9.116726491957492,0.010479196781860068,-9.341302536928376,0.009366167650620753,0.3621071247756894,-8.898884197920056,0.011685084272889485,0.26916226832084794,0.0072351834929193885,0.01719307802224485,1346.1653130446332
99,2023-01-04,0.00038945,-9.120744139224527,0.010458167053284166,-9.342158137615941,0.009362161657823538,0.36357797243022993,-8.878583341964493,0.01180429688518366,0.2652523516643268,0.007516946672910193,0.017478236370226472,1347.6191908661094
100,2023-01-05,-0.00545084,-9.052562503961292,0.010820841326477393,-9.272940382897575,0.00969184768733718,0.3399332359290226,-8.846869112451293,0.011992970935082552,0.24560796490098843,0.007927900744837402,0.01738925051714057,1426.0733238353569
101,2023-01-06,0.00312274,-9.094643814229766,0.010595542267533925,-9.318607877259472,0.009473053934290676,0.35840477172935425,-8.821740551566435,0.012144604574282816,0.2538009865348222,0.007953612011379242,0.017855020097963695,1377.9126062067135
102,2023-01-09,0.00662789,-9.021033752026073,0.010992776804487354,-9.23965863530304,0.00985447790308435,0.32827296775323533,-8.77438580033708,0.01243558820878806,0.2400106421945082,0.008423308280110425,0.018520327609302386,1446.9511637839062
103,2023-01-10,-0.00363304,-9.090018407453567,0.010620074971534006,-9.308822494778726,0.009519516232448006,0.3544178405927524,-8.7555899478631,0.012553007835767257,0.23753930191941938,0.008613776489354522,0.018585437744366693,1387.8848226028351
104,2023-01-11,0.00622906,-9.035902103549851,0.010911357586980681,-9.25132677144108,0.009797153587784288,0.3264986237885852,-8.741915479924149,0.012639129769766968,0.23251639619436343,0.008511211199504641,0.01816019968556299,1440.795506205345
105,2023-01-12,-0.00588793,-9.043526532963986,0.010869840335732201,-9.256200384447574,0.009773308884471522,0.329438017148944,-8.720156885199708,0.012777385318899815,0.22206044172044775,0.008745694437516426,0.018451645541244968,1433.2309849981984
106,2023-01-13,-0.01011177,-8.923953831800453,0.011539528046753619,-9.142532763095838,0.010344850890693397,0.29265472351558003,-8.693482112282464,0.012948943772381242,0.22529283590696825,0.008936804626904405,0.018994875003736474,1477.205896706258
107,2023-01-16,0.01891238,-8.618682620373043,0.013442401051384186,-8.856639995968486,0.011934522862644499,0.23156569513926872,-8.671508828192408,0.013091993561971292,0.2171760279727377,0.009006255641993283,0.018490301310049223,1247.227206994091
108,2023-01-17,-0.00398774,-9.078903187396666,0.010679261522241265,-9.32094762455035,0.009461978138055388,0.3480210829511137,-8.676953320082266,0.013056402401511687,0.22735983382997674,0.008741362620904136,0.018554197309961187,1395.8735192742975
109,2023-01-18,0.0021833,-9.102201101737698,0.010555581035103175,-9.35455610051258,0.009304305301901222,0.3590835108636445,-8.635368519502983,0.013330718306936405,0.2221784084223433,0.009099625590968191,0.01930863508894925,1366.0911210685545
110,2023-01-19,-0.00903664,-8.947843884176958,0.011402508064876388,-9.196686839196929,0.010068501218765315,0.30559587834902935,-8.61140781351606,0.013491385521186616,0.23224092411587327,0.009135735584868165,0.019816866532241142,1475.9574392421287
111,2023-01-20,-0.00336744,-9.082923099168706,0.010657818234936153,-9.3434994864943,0.009355884800403363,0.3497324363014439,-8.582657487943694,0.013686727053572338,0.22252292674237825,0.00938770004557246,0.02028060817728781,1385.2370344666624
112,2023-01-23,0.01210744,-8.854196186881126,0.011949114623410887,-9.096720616608774,0.010584545554328039,0.2772202707240512,-8.541451120319218,0.013971642207899823,0.19285428822067155,0.009769566324940134,0.019352778168934943,1463.1700894543746
113,2023-01-24,-0.0105585,-8.896353061964827,0.011699881903089375,-9.159867805884936,0.010255574137275908,0.29161387695706426,-8.517072170250836,0.014142991398489626,0.18398624178689318,0.010051015680815217,0.020201232918904476,1475.9948652890646
114,2023-01-25,-0.0031247,-9.079937479249201,0.010673740213433718,-9.358397305413279,0.009286452579818279,0.35197876020861407,-8.502051164284541,0.014249612264559338,0.18648977800129454,0.01018013432782125,0.020453574865418805,1374.158363720175
115,2023-01-26,-0.00273429,-9.083988429407185,0.010652142698629515,-9.367018646399295,0.009246507898730718,0.3558291224380148,-8.462486968885191,0.014534306123347473,0.1855110782915195,0.010303632529388273,0.020812808030021397,1369.589051369108
116,2023-01-27,-0.0263923,-8.370097128175086,0.015221466707323874,-8.632067868004833,0.013352736498208654,0.20414890090360452,-8.431585689282507,0.014760614252668931,0.18247454789545908,0.010563074308713238,0.020492686092035323,892.7153492534828
117,2023-01-30,0.00025713,-9.090943559160813,0.010615163517336143,-8.754501209807678,0.012559843164739562,0.19828336785048514,-8.421036691465359,0.014838674780546618,0.19195810021014761,0.010743623637783,0.02184639623278621,1347.2777917061849
118,2023-01-31,0.01026982,-8.89219633947278,0.011724223771055094,-8.711143674014718,0.01283509790128262,0.19955764786582791,-8.415257868232208,0.014881611821351986,0.18805602229110557,0.010876588547207688,0.022452830132351515,1478.5446240810954
119,2023-02-01,-0.0002556,-9.080639616594425,0.010669993655313258,-8.805399570575064,0.01224423842497583,0.2132485839787362,-8.416808828138448,0.014870075903229151,0.20504462732605083,0.010607153242179678,0.02240987687873451,1350.1956972932899
120,2023-02-02,-0.00098038,-9.08076473936082,0.010669326146631825,-8.831625555734561,0.012084727932967011,0.21857615829603716,-8.414107749809457,0.014890172090404857,0.20638278758936676,0.010471879620733322,0.02350005832299603,1351.321488453802
121,2023-02-03,-0.00059017,-9.08872925493276,0.010626922626425162,-8.855846734406192,0.011939257400639806,0.2310557226865229,-8.396701225267742,0.015020330744225886,0.21380428528477619,0.010274831120431118,0.023808089386925534,1348.4505551703617
122,2023-02-06,0.00313393,-9.07202914664911,0.010716029511639096,-8.872445229872678,0.011840580583779098,0.2410841163539884,-8.377849644517529,0.015162578579150326,0.206251512558716,0.01093235563956027,0.022975638935910883,1377.911535761082
123,2023-02-07,-0.01414601,-8.771185806352925,0.01245550103850261,-8.725428517824744,0.012743750824891964,0.2137992972969549,-8.350691964779532,0.015369873029597938,0.1964977690314715,0.011054014842793265,0.023836550740654213,1425.3349478701002
124,2023-02-08,-0.01895581,-8.611378977613377,0.01349158004072887,-8.628302813491612,0.013377897063911678,0.19773634582736543,-8.353238463431104,0.01535031580238089,0.2066145827138306,0.010793607946889227,0.022914748438709127,1256.734823420886
125,2023-02-09,0.00320432,-9.076549288551405,0.010691837872336235,-8.928977188843232,0.011510580830280413,0.2647481812280439,-8.349699255240628,0.015377503833018223,0.20692732117251383,0.010521885523672765,0.02289545472446887,1380.583687117771
126,2023-02-10,-0.0167811,-8.688120457357448,0.012983704229031974,-8.70256331159691,0.012890281085402732,0.21440074791633262,-8.319761875747837,0.01560941629964085,0.18915835140080925,0.010890029245606711,0.022361670077354807,1344.0037930351448
127,2023-02-13,-0.00778578,-8.98215589463887,0.011208555063358565,-8.91233802954259,0.011606743486095812,0.25741045909692506,-8.317234647102266,0.01562915304884071,0.19074791681388878,0.010812746466530701,0.022999796361816646,1463.6544626791326
128,2023-02-14,0.0117208,-8.86235740658217,0.011900454297996951,-8.846033900067704,0.011997980319905309,0.2433487981868701,-8.304142162546496,0.015731800883527974,0.1732548491649597,0.01110746870255279,0.022224074089502718,1468.8076696227836
129,2023-02-15,-0.00655753,-9.014936842221875,0.011026338919129852,-8.955287959450143,0.011360146385494884,0.2703800626021686,-8.286940648225604,0.01586768981881503,0.16071464806869792,0.011300094593146497,0.02182151769597487,1447.2644015311687
130,2023-02-16,0.03646658,-8.094991185762344,0.017466062041253384,-8.228606955298067,0.016337315752967325,0.16439889251459344,-8.255962179419388,0.01611538151110718,0.14683019814014636,0.011623300489846064,0.02193705304281249,472.37353371104456
131,2023-02-17,0.02094819,-8.076142156207894,0.017631449324347744,-8.208532764196706,0.01650212064989039,0.15852859448344214,-8.296408309904626,0.01579275236994254,0.14483840754575403,0.0114435039984643,0.021580811164769308,1464.044046582364
132,2023-02-20,0.00537047,-8.283316581566098,0.015896468667875228,-8.402473372590066,0.014977043458477167,0.19235779367350095,-8.351540512405736,0.015363353378117277,0.16303074089055863,0.010996769571302413,0.02132236194413536,1434.0623712905754
133,2023-02-21,0.01400084,-8.241717353990554,0.016230571638138267,-8.359886826840144,0.015299373281440402,0.192927133490944,-8.357710149880017,0.015316033242297241,0.1615488181027775,0.011326230593332225,0.021530972163428412,1489.9441389803044
134,2023-02-22,0.01916015,-8.185418859582253,0.016693941166482276,-8.319539176291169,0.015611154500677576,0.1901092057872573,-8.392118963944847,0.015054783737622724,0.1630504452007668,0.010994341867667661,0.02117062650253487,1460.9768174451617
135,2023-02-23,-0.03126251,-7.976607135674234,0.018531124264913545,-8.119659190673792,0.017251958679088072,0.1698978778125931,-8.423249939539206,0.014822263028852672,0.16724415246329133,0.010613377729335901,0.020702234983451907,1115.764577240741
136,2023-02-24,0.00792,-8.415700337467658,0.014878319857811132,-8.52523164638194,0.014085409238054045,0.23147880207523192,-8.494228503179146,0.014305456349517406,0.19703297610134737,0.010022781886537385,0.020455741652779698,1449.3870248708613
137,2023-02-27,0.00850598,-8.436695571928094,0.014722949884978222,-8.545056772049767,0.013946476461492436,0.2310933382627507,-8.519942711699159,0.014122706937312123,0.20703848619513104,0.009854886883159978,0.020724609114703377,1454.8278453428566
138,2023-02-28,-0.01393396,-8.380625670958658,0.015141547318834832,-8.496490572012316,0.014289285532640222,0.2226224229672709,-8.539546784459036,0.013984951893063004,0.22376725261916358,0.009656503641279963,0.021183492089663608,1487.1958589178175
139,2023-03-01,0.00064269,-8.572305663635376,0.013757752001361312,-8.659131706181636,0.013173265381236652,0.25845861024694794,-8.580931084655326,0.013698546559443019,0.22903098679585146,0.009677839149694136,0.019984058225805096,1381.8106281077555
140,2023-03-02,0.01335454,-8.437758317917176,0.014715128585207144,-8.556673546172188,0.013865704731883892,0.2324601665980826,-8.579249420921016,0.013710069577705488,0.23510565830432312,0.009215256774214961,0.020607960693690877,1484.943682298387
141,2023-03-03,0.00346819,-8.607750767848733,0.013516077395618196,-8.707647368264379,0.012857555238291752,0.26016038137365793,-8.594628963732312,0.013605046595582688,0.23129203766098616,0.00881841352240555,0.01966416372436113,1393.0682161720747
142,2023-03-06,-0.01554273,-8.41983118706025,0.01484762152051632,-8.555990015172775,0.01387044436126514,0.2272725042846308,-8.607268570383624,0.013519336497614281,0.23384028286613823,0.008867023963107094,0.019659154256329366,1466.696450357277
143,2023-03-07,0.00041219,-8.670324475046064,0.01309974862981294,-8.772753667450479,0.012445740616984358,0.2828387510777588,-8.635005741065,0.013333136574835931,0.24980294818937646,0.00883497529873482,0.019353795715827654,1371.2986915914576
144,2023-03-08,0.00646525,-8.650026272215316,0.013233376260343935,-8.747978398532412,0.012600872778783577,0.2802671253907295,-8.633299771067918,0.013344514392181655,0.23832560224289764,0.008857323611701301,0.019614561234537285,1431.9761603507611
145,2023-03-09,-0.02957475,-8.120586566590283,0.01724396100794762,-8.269246907577639,0.01600869200737037,0.1772505423860582,-8.640949727132316,0.013293569411609312,0.24446487220938243,0.008577598667020639,0.019254394362646785,983.0632416808483
146,2023-03-10,-0.00066845,-8.731531797207753,0.01270492076686299,-8.842260751476424,0.012020636765991017,0.305701742052753,-8.7203045345852,0.012776442067172617,0.2730593499274915,0.008127213789481415,0.01881526581866255,1370.312170700581
147,2023-03-13,-0.00921204,-8.650949318877446,0.013227270157613845,-8.773879076336302,0.012438739313460895,0.2864809850984658,-8.708550678214436,0.012851749370724851,0.2648532725036921,0.008145019178652546,0.019199311009588767,1468.4595947716007
148,2023-03-14,0.00963827,-8.658970504925225,0.013174327197492851,-8.778948785243129,0.012407248848451848,0.28427581102358634,-8.70947381481689,0.012845818779391784,0.2661520440059122,0.008317877198412814,0.019027727408283675,1473.023084291734
149,2023-03-15,-0.00427827,-8.767978097972549,0.012475493874545324,-8.879125783150599,0.01180109575090828,0.3024497775807341,-8.713134201316842,0.012822329949676654,0.2608027171446858,0.008360624103326126,0.019178216769075274,1401.6836582119356
150,2023-03-16,0.00614377,-8.759770390290502,0.012526796675597798,-8.870542566901953,0.011851850260642682,0.30261097881696203,-8.72344695936926,0.012756383325468983,0.25332341602260383,0.008256329910345774,0.018654722223995408,1430.070094008692
151,2023-03-17,0.01078592,-8.677569258670516,0.013052382049584527,-8.80253890597793,0.012261764285580732,0.2827193903328499,-8.724299860987639,0.012750944515252443,0.26596615531495904,0.008269324242438007,0.019040769298974393,1481.0350153433515
152,2023-03-20,-0.01361913,-8.614047409660799,0.013473591361513899,-8.753071033898078,0.012568827769309244,0.2694152972186352,-8.734014730950227,0.01268915781524489,0.2666085748033677,0.007958501410870608,0.019679909877075723,1470.4407448875938
153,2023-03-21,-0.00684168,-8.77823644827904,0.01241166870650089,-8.91310676049549,0.011602283111867598,0.2975834728724783,-8.757404967212361,0.012541621027311498,0.28653727065595463,0.008063290531888662,0.01973319422983436,1443.8155301220993
154,2023-03-22,-0.00045026,-8.863642965737256,0.01189280738691314,-8.9909313457359,0.011159482736624895,0.31256446265687254,-8.747094702172266,0.012606441681702423,0.28889387698572816,0.008194567495101767,0.01923603378981438,1359.6161976399926
155,2023-03-23,-0.00412429,-8.850825713453563,0.011969268687485962,-8.977724936760671,0.011233414909103116,0.3129572837669819,-8.744855400284177,0.012620564400814903,0.2753513797341322,0.008057421082918658,0.019298898865294102,1398.5688178291298
156,2023-03-24,-0.0001542,-8.889868129153669,0.011737879947509331,-9.025360910168162,0.010969018773117978,0.3186605290330689,-8.730798698732563,0.01270957859949413,0.26904321392570474,0.008270889621397248,0.01965633762074954,1359.3114633143632
157,2023-03-27,-0.0268982,-8.27951706860193,0.015926696791214598,-8.428154192955732,0.01478596148798155,0.20413677199028818,-8.722003038314515,0.012765596255987926,0.2645614828223138,0.00834293495993451,0.019729554427797658,1001.8352321718559
158,2023-03-28,-0.00160082,-8.903684715166792,0.0116570706819797,-9.049516532194401,0.010837333870832888,0.3179510588118704,-8.796656057666672,0.012297884431533321,0.2850851288563185,0.008019243632903267,0.018723997645405152,1365.0060114170321
159,2023-03-29,-0.01806042,-8.545590874902777,0.013942752532321107,-8.70217274953339,0.01289279855859215,0.24333457196747796,-8.781506590406824,0.01239139132813914,0.26990606099163356,0.007984370318986878,0.018440606866948334,1362.4567595384337
160,2023-03-30,-0.00837607,-8.810993684027444,0.01221003844746777,-8.973446929769818,0.01125746893951556,0.2996892153504974,-8.798933078138873,0.01228389113149482,0.27727913976174046,0.00785535072084875,0.018404986561870604,1466.1630657929531
161,2023-03-31,-0.007932,-8.834409062573306,0.012067920670039887,-8.983690888584636,0.011199955831641316,0.30352051862978857,-8.813933228249185,0.01219210565527219,0.26075642285936396,0.007949273024084198,0.018258800940778475,1462.1106862729196
162,2023-04-03,-0.00922034,-8.805364904146998,0.012244450658820462,-8.968715984298946,0.011284129695576184,0.29440456581985963,-8.833159007480429,0.012075465810601609,0.24753556360123236,0.008018547086132392,0.01822335654617558,1475.0139865790002
163,2023-04-04,-0.00317863,-8.935333856313951,0.011474054440191412,-9.090865708814029,0.01061557672245863,0.31827831927930716,-8.843030948425547,0.012016008528330005,0.2522442838410581,0.008141873831068343,0.018895484688707203,1383.0057956541718
164,2023-04-05,-0.02847652,-8.248625616861926,0.016174605822709135,-8.441183421876762,0.014689949728819601,0.19638662013193847,-8.83197193016391,0.012082635193819267,0.22884827681087666,0.008483194337143195,0.01815520994884628,884.7154011519275
165,2023-04-06,-0.02692843,-8.29297685669631,0.015819871673339057,-8.478701228275852,0.014416950968074618,0.20412631515797824,-8.900199388783678,0.011677402740798327,0.2547853703214741,0.008025893077304086,0.0178076582280461,955.0247781648912
166,2023-04-07,-0.01028265,-8.806199616494332,0.012239341428003517,-8.982053951267204,0.011209126396866689,0.2894036267332439,-8.970824758214414,0.011272238126655062,0.2898777491643878,0.007318041509239696,0.01792430622701949,1480.022138309207
167,2023-04-10,-0.00836114,-8.867616532985302,0.011869202408709909,-9.037528211207427,0.01090248967145217,0.2969336543057539,-8.979298488743723,0.011224580203872505,0.28592146800622165,0.007350992944598139,0.01789131997802458,1466.2141010675898
168,2023-04-11,-0.01032951,-8.811569969181646,0.012206520722350548,-8.988893232854583,0.011170860675778518,0.2770123962013463,-8.978220268022806,0.01123063312280126,0.30149589416305694,0.007232199930535834,0.018034499596414406,1479.0108809432963
169,2023-04-12,0.00483447,-8.954272932629864,0.011365913275389862,-9.121064681017973,0.010456491047783498,0.31642245549632686,-8.97419591173514,0.01125325390820499,0.3060643460672605,0.007132664434981846,0.018401769848718923,1407.1780443628284
170,2023-04-13,-0.01109148,-8.797133621699592,0.012294948268455988,-8.98863585448116,0.011172298337257509,0.27988727758928944,-8.988751776643028,0.011171650797535597,0.3207091728905878,0.007081874781742845,0.018135386194069906,1476.6017062707942
171,2023-04-14,-0.01149608,-8.797057955817081,0.01229541343131075,-8.988483960475977,0.011173146872049712,0.2857755454495166,-9.020744914520673,0.010994364482244627,0.32614742108101896,0.0066317237369636585,0.017880309601686364,1473.362556178836
172,2023-04-17,0.00927939,-8.879834909501941,0.01179691225862242,-9.050017516771451,0.010834619542243457,0.2981153719472837,-9.038651144408668,0.010896370005792742,0.32755233564479896,0.006752628285342132,0.017547726789303348,1475.9712680769708
173,2023-04-18,0.00719502,-8.94019306862922,0.011446210845052283,-9.106804774948431,0.010531311754960172,0.3158280689218214,-9.039174185604171,0.010893520753180865,0.3288142397459357,0.006811305912015783,0.017917821246293146,1453.6860239849914
174,2023-04-19,0.00055689,-9.03982796738066,0.010889960342470365,-9.207551372718454,0.010013954723955935,0.33827025625242696,-9.057500424588719,0.010794158052208515,0.3118605604576897,0.006883794791605454,0.01696062624008792,1354.3021429499943
175,2023-04-20,-0.00176749,-9.041659918096578,0.010879989974150461,-9.207254548168883,0.010015441028046272,0.33699850481799554,-9.046078667056225,0.01085597853685655,0.313672294034914,0.006949711960197587,0.0172251540150864,1361.0222691166
176,2023-04-21,-0.02019292,-8.551156975624384,0.013904003095682967,-8.738824677308777,0.012658677398015896,0.22406305822306805,-9.041601411578968,0.010880308253968306,0.32149248461294466,0.006838795030860511,0.017164081097468375,1225.0792712379111
177,2023-04-24,0.01418344,-8.756423238568088,0.012547778772800704,-8.928391307482809,0.011513953241592585,0.25900492563547556,-9.08416446453652,0.01065120516423104,0.34798807252618885,0.006414900876202539,0.01697153408011113,1440.1259608926368
178,2023-04-25,-0.00645047,-8.971624353184225,0.011267732414948889,-9.150723450316878,0.01030257180448069,0.3211521455298537,-9.104609560611037,0.010542877344313967,0.3525702199638612,0.006230494913563078,0.01714255993767115,1445.7522787855105
179,2023-04-26,-0.00197092,-9.037452705681122,0.010902901278332103,-9.224966427887043,0.009927136471685905,0.3469150532104349,-9.116376858331948,0.010481028881778145,0.3313866374678083,0.00630071337646118,0.016075529672646964,1373.578132089864
180,2023-04-27,0.00581112,-8.98112843765113,0.011214314696786958,-9.17064932535428,0.010200437548735154,0.32351671567158796,-9.112436932752995,0.010501696469175922,0.3221257116553925,0.006594844545337895,0.016876432036783125,1436.6315538951694
181,2023-04-28,0.00521636,-8.992510311387289,0.011150675993504345,-9.182539197426777,0.010139976496579151,0.32851408718539465,-9.086357115545777,0.010639534375015362,0.297684349373259,0.006613305434936206,0.01628773610788135,1423.8875127364731
182,2023-05-01,0.00109626,-9.044046142672578,0.010867016665265086,-9.238140773426974,0.009861959609933461,0.34504586101389334,-9.084567200580898,0.01064906056804699,0.3068519703802346,0.006539592020033119,0.016440174542168118,1365.0469110047652
183,2023-05-02,-0.00261137,-9.036505712811026,0.010908064985621097,-9.236018424262712,0.009872430425500602,0.33751514216917816,-9.087852946496577,0.010631579877621884,0.29974749301186876,0.006329566119753712,0.016442162819860127,1378.4252301357185
184,2023-05-03,0.00125776,-9.041050268552164,0.010883306970141535,-9.249207004064033,0.009807542935843638,0.3316600372041162,-9.063465119679828,0.010762014077512306,0.30154200525002794,0.006824151380193839,0.016569034423456353,1363.2935638474278
185,2023-05-04,0.00198425,-9.038926248072094,0.010894871293217112,-9.243153200021542,0.009837274381766181,0.33143905293510245,-9.049347491068948,0.010838249887100665,0.2978126682312008,0.00683910680610856,0.016137688411396362,1370.9062810293071
186,2023-05-05,-0.01006171,-8.884076136323564,0.011771922074905057,-9.090172634149853,0.010619256053570576,0.29508423567764996,-9.031303852141667,0.010936473030392902,0.30472221408995215,0.006764855526987169,0.0171790989290562,1479.636905484287
187,2023-05-08,-0.00332532,-9.048116682959206,0.010844921842792619,-9.252178350727348,0.009792982949224779,0.34130648446044276,-9.041601806581149,0.010880306105095777,0.29695394877264447,0.006924759725031736,0.01687912811694358,1383.2729609058147
188,2023-05-09,0.00532323,-9.010754831027212,0.011049419177593153,-9.21857756886801,0.009958898713487813,0.3210652094350671,-9.037591901257327,0.01090214248692464,0.287170119097985,0.007136233472611083,0.01693509636676979,1422.1007042161082
189,2023-05-10,-0.0095967,-8.896937601250592,0.011696462882446105,-9.11857383673873,0.010469521906012512,0.2932921906868198,-9.026368149895617,0.010963495948197132,0.27106287226719084,0.007136642894608041,0.016403055296423184,1478.3119199839987
190,2023-05-11,0.00268128,-9.061670948944803,0.010771672854592245,-9.264683461358079,0.009731942808919933,0.323251125708828,-9.037574051706846,0.010902239786530165,0.26108309962264564,0.007315192442374182,0.016220210100113458,1374.1174310595704
191,2023-05-12,-0.00205805,-9.06343515639428,0.01076217531137051,-9.280385015544296,0.009655838624625416,0.3386370072614996,-9.020282928235783,0.010996904398385876,0.26086081686127377,0.007137288910582351,0.01628054336392319,1367.6404844684182
192,2023-05-15,-0.00275024,-9.058356500314549,0.010789538732556265,-9.280285957566246,0.009656316880394344,0.3373202640154357,-9.005585727963457,0.011078013907213573,0.2291060708511448,0.0076191003496865785,0.01568096848511279,1377.804898293824
193,2023-05-16,0.01448737,-8.76424202978677,0.012498820302927118,-8.978630776529279,0.011228328224139486,0.2599682726476699,-9.004439278819492,0.011084365917384174,0.2310298327395376,0.007608047539222636,0.015956800496212332,1426.1646609365575
194,2023-05-17,0.01074332,-8.886414907850071,0.011758164202522365,-9.105447384751042,0.010538461730683376,0.28860512039822317,-9.020164680338986,0.010997554598015066,0.2273343497713383,0.007370773250757886,0.01546257625772421,1479.3713949961607
195,2023-05-18,-0.01319731,-8.813456919000265,0.012195009607396992,-9.02548080444879,0.010968361231519544,0.2661800545462881,-9.0023215901216,0.011096108751417049,0.22595532391654893,0.007408483901385825,0.01577673378197006,1451.8893921769566
196,2023-05-19,-0.00690478,-8.991245249562876,0.011157731371899461,-9.216140186112616,0.009971042936007878,0.31494905529067074,-8.992499834822725,0.011150734404045817,0.23897822491372517,0.007487068840126457,0.01601774726769321,1454.4935505714
197,2023-05-22,-0.00044509,-9.084364085762289,0.010650142113968378,-9.311250738829546,0.009507965391602998,0.3350104407301525,-8.97358174174256,0.011256710144291606,0.2376066596299152,0.007273643679779568,0.016599502994851228,1357.5470413516841
198,2023-05-23,0.01111103,-8.883463410980681,0.011775529104901386,-9.103179743432133,0.010550417232729318,0.2801625957911167,-8.966065248708869,0.011299095232899634,0.23739962517236837,0.007471972346085788,0.01685503657151283,1478.576550191018
199,2023-05-24,-0.00363035,-9.057261367621376,0.010795448338664464,-9.291550018020587,0.009602085072782304,0.3216962380535018,-8.944168412042588,0.011423482131700188,0.23853546434198283,0.0074956035548095915,0.016794709752263385,1400.5372070351248
200,2023-05-25,0.00085195,-9.079153075737203,0.010677927294125034,-9.321334972236265,0.00946014577783326,0.3273967653058591,-8.918364197642836,0.011571824026475936,0.23556361021536357,0.007812955936442304,0.01715504358436942,1369.8316024195528
201,2023-05-26,0.00174265,-9.082676236507488,0.010659133824813115,-9.323227497318406,0.009451198230282815,0.33349836677682243,-8.899001657698035,0.011684398029339009,0.21684305149327873,0.008032776823233277,0.01664875829952531,1371.5937817349175
202,2023-05-29,0.0114781,-8.87954680947689,0.011798611726382273,-9.100831965146396,0.010562809525137242,0.27149016181694896,-8.874810277236223,0.011826587092281049,0.2142929621388495,0.008168379883512319,0.016585469115894837,1475.6206341669993
203,2023-05-30,-0.00882479,-8.952141529596037,0.01137803240294787,-9.181808915725782,0.010143679692274008,0.28701605555476123,-8.858761465275864,0.011921870212407487,0.2175997301951186,0.00820502106852195,0.016995518131061507,1476.7162175749734
204,2023-05-31,-0.00057505,-9.101056111299696,0.010561625784909634,-9.324624587032513,0.009444598449755802,0.32445386860899605,-8.841286173944665,0.012026495714629791,0.23930180891189654,0.00809056252153347,0.017342440325921638,1354.2643190385402
205,2023-06-01,0.00472385,-9.052357360508692,0.01082195129577703,-9.284951346957804,0.009633817893063177,0.3139372695782937,-8.82261759902573,0.012139280044541458,0.2294061348988735,0.008374182061007589,0.017085366526978087,1416.0665898832747
206,2023-06-02,-0.00957333,-8.930687614671957,0.011500741041059682,-9.162883761132964,0.010240120615666318,0.28619341237866525,-8.80441302579373,0.012250279659600242,0.23845974885202884,0.008252615435622042,0.018360369202730226,1480.6827010371446
207,2023-06-05,0.00130133,-9.095451476428096,0.010591264321895659,-9.32934790215305,0.009422319859977995,0.3252647619414475,-8.797597879275683,0.012292094588238827,0.23706389117025148,0.008310083966737226,0.01798227722630996,1365.8963445545667
208,2023-06-06,-0.00015413,-9.109299949892026,0.0105181812148049,-9.337714017369077,0.009382988074117802,0.33156861346714844,-8.76824777198049,0.012473811829731712,0.2218435630189976,0.008686390548802195,0.017974307725311285,1359.467743066567
209,2023-06-07,0.00909082,-8.960688092698007,0.011329514605928967,-9.185476852048323,0.010125093555081621,0.28943697996853557,-8.742961480297849,0.012632521230819947,0.21840878161464725,0.008687513443545979,0.018099633739233498,1478.9460135079353
210,2023-06-08,0.00766218,-9.000013137714244,0.01110892356507095,-9.221331651610523,0.009945194335860238,0.29650287350892146,-8.717254502725934,0.012795941209321227,0.21893320829760063,0.008459401586898915,0.0184460318095217,1467.8247788428382
211,2023-06-09,-0.01157852,-8.881479995460744,0.011787212780930987,-9.105813517854626,0.01053653266741201,0.27027290659448505,-8.701080169366266,0.012899843690761777,0.21023314179221225,0.00855623299122881,0.018419113703958708,1471.949236904462
212,2023-06-12,0.00965296,-8.946719170774658,0.01140892214502803,-9.164431848573779,0.01023219738146798,0.2888976699684081,-8.690013427687783,0.012971421159378844,0.21287844675849704,0.00868086508245737,0.0188274485548584,1481.2350871509843
213,2023-06-13,0.00320726,-9.09585302259584,0.010589138094547403,-9.321580206618458,0.00945898587244424,0.3242743250983053,-8.667685822195972,0.013117042880213921,0.21634931795405493,0.008691988855073177,0.018406266418447333,1387.4154880104
214,2023-06-14,0.01075003,-8.906754716696788,0.011639190795895387,-9.143557352732278,0.010339552634437324,0.2780479711914833,-8.634508217869353,0.013336453759771286,0.2170576515730605,0.00896512826043436,0.01995450985285093,1477.9951670074263
215,2023-06-15,-0.00911224,-8.959415166766487,0.011336727717591406,-9.189380662956449,0.010105349605178907,0.2898689836213548,-8.612182494840383,0.0134861607709298,0.1986307884692527,0.009460218069324485,0.02001607371283923,1477.9054198234003
216,2023-06-16,0.00645439,-9.03204800143694,0.010932404602970014,-9.265440530727407,0.009728259628167401,0.30940047941731297,-8.605602787566275,0.013530601327372882,0.19636948873030743,0.009561064140771635,0.02036288347066568,1449.4178498653434
217,2023-06-19,-0.00718845,-9.017617845107775,0.0110115679983305,-9.242492019349985,0.009840527027224147,0.2985522422391781,-8.580770806976629,0.01369964438905386,0.1947337889028534,0.009596771209937833,0.020547187397903503,1460.4648465207008
218,2023-06-20,-0.01871287,-8.658568321886882,0.01317697670935131,-8.887209790590708,0.011753491950163977,0.2185315970494137,-8.554626944268554,0.013879900782911132,0.18721132823520284,0.009715974306365305,0.020733149267846536,1259.742190047466
219,2023-06-21,-0.01100923,-8.908265994746245,0.011630399091209661,-9.138176326906397,0.010367408791185128,0.26051465896385395,-8.54928121348989,0.013917049513983388,0.18548956705134476,0.010011385201496881,0.020319089295133718,1478.5684564719047
220,2023-06-22,-0.00601719,-9.040991744224279,0.010883625443913926,-9.275343077872858,0.009680211401478279,0.3036634538585137,-8.530990002854873,0.01404491316001231,0.18251568066754878,0.009999287085006794,0.019506055482673746,1441.9723047246134
221,2023-06-23,-0.00870686,-8.978507520631288,0.011229020224301644,-9.208400083992409,0.010009706147337863,0.2826118190451591,-8.494482601923375,0.01430363896572157,0.17215771500919108,0.010242457887693965,0.019907033801199178,1477.6919165455467
222,2023-06-26,0.02253566,-8.544186905045738,0.01395254357063947,-8.773040885415277,0.012443953425170618,0.19727517976880996,-8.470137288343029,0.014478816277298794,0.1525942469734478,0.010472218913700709,0.020033988487978095,1082.087995143078
223,2023-06-27,0.00482805,-9.070283383158593,0.010725387421761748,-9.297183860211298,0.009575074817520932,0.3092787344152036,-8.462981952035118,0.01453070945012552,0.14981114079813915,0.010602846520409335,0.020620090689768403,1419.223125868455
224,2023-06-28,0.0110373,-8.902351466023372,0.011664844162439136,-9.135871747778118,0.010379361933560398,0.2643744196302452,-8.409542150191571,0.014924202199593265,0.14714718552517767,0.010411308687552676,0.020382966736513852,1477.9075055979308
225,2023-06-29,-0.01096422,-8.89974907403068,0.011680032290183877,-9.13227449593655,0.010398047321949896,0.2671710510133396,-8.385303643342608,0.015106172835072864,0.12923929868042555,0.011014330158096027,0.019717915258167327,1480.3409932622435
226,2023-06-30,-0.02421872,-8.46811308160003,0.014493477754281963,-8.693109795393141,0.012951354552000444,0.2046604502946932,-8.343370505588776,0.015426241089839025,0.12180954813738748,0.011442103968305535,0.020512133518195443,1005.3711893059677
227,2023-07-03,0.02991312,-8.30067769929647,0.015759075622799684,-8.523770361564836,0.01409570439596667,0.17158634477923126,-8.340928673939393,0.015445086733832608,0.13369867061379595,0.011595049906643035,0.02016036549043439,742.0715247462913
228,2023-07-04,-0.03016416,-8.080075757731347,0.017596805855953912,-8.283297356980627,0.015896621470119904,0.1343694896339101,-8.328570162367457,0.015540821355132708,0.1315500762554965,0.011545189272468953,0.020862039630588976,1168.4434616641422
229,2023-07-05,-0.0130749,-8.388582169964256,0.015081430125625956,-8.575307070899141,0.013737121177214602,0.18193772410763126,-8.349860271200285,0.015376265871083396,0.14802676140209256,0.011137445079528602,0.020520704864893564,1490.1277574750372
230,2023-07-06,0.00915686,-8.471753646435904,0.014467119528536541,-8.650810224994553,0.013228190105786415,0.19687755583120325,-8.350734868861908,0.01536954331798516,0.140448908098803,0.011496692544621412,0.02073566048676428,1468.1393896234558
231,2023-07-07,-0.00667209,-8.519705822111865,0.01412437979748988,-8.698812133475581,0.012914480642713715,0.21137006199437863,-8.3487806655442,0.01538456826351119,0.13729430852183833,0.01139062302247714,0.020403107456021072,1444.1946108631032
232,2023-07-10,0.00202005,-8.579925974491859,0.013705432563782137,-8.750647931628576,0.012584064775197714,0.22093764024317872,-8.327338427386195,0.015550395389648733,0.13828369512920835,0.011697904739287748,0.021057719639074504,1403.550588667801
233,2023-07-11,-0.01443293,-8.449566491747778,0.01462850515482941,-8.633176107363562,0.013345339533732691,0.20000431930517404,-8.298843218106539,0.01577353711802138,0.13767586461936263,0.01115697002280804,0.021302142368941127,1483.8598582515344
234,2023-07-12,0.0047056,-8.632043564443704,0.013352898758718396,-8.785076559014728,0.012369292617907255,0.2333346156334869,-8.278788160686085,0.015932502396770482,0.13765687467619386,0.011475352868274712,0.02123599669929529,1415.3711232038584
235,2023-07-13,-0.01778661,-8.407890242011169,0.014936533997491406,-8.591018352408378,0.013629630046878206,0.19762296367081283,-8.269766358167788,0.016004534685019257,0.12101039524892347,0.012223470241920362,0.020598774397060732,1427.8699302092334
236,2023-07-14,-0.03678224,-7.972036610605889,0.018573521174495546,-8.194162702714378,0.016621115874303354,0.14795407760429655,-8.2639724128319,0.016050966608097832,0.12138480882991542,0.01229971082340882,0.021360665955295143,706.8633308327512
237,2023-07-17,-0.007843,-8.110008305234892,0.017335408195998176,-8.284754208621742,0.01588504617696448,0.15429222546449575,-8.309433458144467,0.015690235087619436,0.12453982576850652,0.012007681095433879,0.020991698843531546,1450.6337460748266
238,2023-07-18,0.00771547,-8.15676596395382,0.01693482744568466,-8.332979665171319,0.015506595451131876,0.16721920351498193,-8.346773264484357,0.015400017514743737,0.14130316672240542,0.011921758119386932,0.020947427209488393,1448.4806388542725
239,2023-07-19,-0.00972886,-8.181524186505262,0.01672648156135412,-8.361865048745582,0.015284247985289181,0.18042700437598572,-8.381581360430255,0.015134313738558449,0.14749111670971218,0.011306241403975193,0.020363904229051284,1462.8915154109275
240,2023-07-20,0.00314188,-8.26275888973865,0.016060708672677976,-8.443106122902751,0.01467583432412482,0.2051592143081691,-8.42920611847346,0.014778186667697079,0.16386608760060997,0.010914561367487571,0.020293940885198265,1413.0820818396485
241,2023-07-21,0.02505765,-8.017360029788097,0.0181573468528445,-8.21578795430512,0.016442366086843664,0.1736802958186805,-8.450545596078019,0.01462134549111581,0.16172208327396864,0.010410038616647226,0.02042114364731235,1358.3275326740904
242,2023-07-24,0.00529675,-8.341376219861562,0.015441630927712375,-8.500611088114802,0.014259876222861437,0.21480489392115354,-8.508842530948625,0.0142013071545488,0.17545221324560903,0.010337434271791084,0.019478086736267507,1419.7219897084567
243,2023-07-25,0.00365622,-8.38673179873878,0.015095389704402676,-8.543785307192103,0.013955345507718394,0.22903538634741988,-8.533738453567443,0.014025625540024607,0.19878100791928047,0.009766468222197029,0.020028559060103007,1404.6949509265846
244,2023-07-26,0.0100604,-8.365105863098956,0.015259501335402905,-8.52083539293541,0.014116404806121302,0.21972702885454923,-8.552172411096516,0.013896945578473908,0.1930699964291046,0.009768496292884031,0.01956312393138988,1468.3722188970094
245,2023-07-27,-0.00040642,-8.48595735306842,0.014364740139739967,-8.629526120046192,0.013369716931286779,0.2530868085221677,-8.581215595796241,0.01369659800348752,0.2043923363160464,0.009654690899596016,0.020007335657307442,1383.8678559454677
246,2023-07-28,-0.00673127,-8.472306449127567,0.014463121349804993,-8.614510146313094,0.013470474359835023,0.2408924490013933,-8.594795737685745,0.013603912159178264,0.21559759935066716,0.00929873673302073,0.019961995558434618,1435.1798127678621
247,2023-07-31,0.01179274,-8.423817277198438,0.014818059011149597,-8.574313977840376,0.013743943990840885,0.23172742090778287,-8.605863665529691,0.01352883652461588,0.22185619807699253,0.009216087908403775,0.01954993933645322,1482.329340920391
248,2023-08-01,0.00846389,-8.494422778278768,0.014304066820027524,-8.647900720082998,0.01324744785205887,0.24804049457462718,-8.633508797102445,0.01334311978959694,0.22252569406382644,0.009264022920974894,0.019536897473933317,1456.9781300966931
249,2023-08-02,-0.00907488,-8.51634239125049,0.014148152969196186,-8.661976844488066,0.013154538823328085,0.24461728070004024,-8.655883916505447,0.0131946747574731,0.22512880719944964,0.009083483397706276,0.0191076147788237,1463.5728460156479
