mu,phi,sigma_h,rho
-1.1189840079027242,0.9799238197859972,0.0019145355589132585,-0.9685099377854254
-1.1189840079027242,0.9770271212803416,0.0019145355589132585,-0.9624016805603117
-1.1189840079027242,0.9755318963789112,0.0019145355589132585,-0.9624016805603117
-1.1189840079027242,0.9596769336725077,0.0019145355589132585,-0.9624016805603117
-1.1164639639242049,0.9719923791182825,0.0019145355589132585,-0.9596541177583193
-1.1164639639242049,0.9551336621931604,0.0019145355589132585,-0.9639041409459121
-1.1164639639242049,0.9708892478200004,0.0019145355589132585,-0.9711898084948262
-1.1298152790667835,0.9738915482138666,0.0019145355589132585,-0.9711898084948262
-1.1181437591043326,0.9926326857756191,0.0019145355589132585,-0.9711898084948262
-1.1105931964263265,0.9947841241423084,0.0019145355589132585,-0.9711898084948262
-1.1623587196200222,0.9947841241423084,0.0019145355589132585,-0.9696373184352688
-1.1023047400892398,0.9882079078412438,0.0019145355589132585,-0.9562236894917374
-1.1023047400892398,0.9924712692820241,0.0019145355589132585,-0.9562236894917374
-1.1023047400892398,0.9924712692820241,0.0019145355589132585,-0.9632411404344773
-1.1066282957656615,0.9898478729064721,0.0019145355589132585,-0.9632411404344773
-1.1333976700893735,0.9868294875694945,0.0019145355589132585,-0.9632411404344773
-1.1333976700893735,0.9884049596504992,0.0019145355589132585,-0.9632411404344773
-1.1333976700893735,0.9718945973889146,0.0019145355589132585,-0.9632411404344773
-1.1333976700893735,0.9806972115306071,0.0019145355589132585,-0.9572675691948115
-1.1328465665033858,0.9794571786331602,0.0019145355589132585,-0.9431751292131944
-1.1228047794071085,0.9721106908109427,0.0019145355589132585,-0.9349759349171173
-1.1228047794071085,0.9683114732049176,0.0019145355589132585,-0.9349759349171173
-1.1228047794071085,0.9816845444834797,0.0019145355589132585,-0.9286398959004751
-1.1228047794071085,0.9760277972611615,0.0019145355589132585,-0.9286398959004751
-1.1228047794071085,0.9638756095442335,0.0019145355589132585,-0.9286398959004751
-1.1228047794071085,0.9713960114244394,0.0019145355589132585,-0.9286398959004751
-1.1257252339232051,0.9666781101675385,0.0019145355589132585,-0.9235048925913788
-1.1257252339232051,0.964587080302128,0.0019145355589132585,-0.8971182849360942
-1.1257252339232051,0.9641766291893162,0.0019145355589132585,-0.9099524711482896
-1.11787846544388,0.9552809515927871,0.0019145355589132585,-0.9099524711482896
-1.11787846544388,0.9497842516093908,0.0019145355589132585,-0.9099524711482896
-1.1214473788127328,0.9616854504876851,0.0019145355589132585,-0.9099524711482896
-1.1214473788127328,0.9831499385754686,0.0019145355589132585,-0.9099524711482896
-1.1214473788127328,0.9795357215546171,0.0019145355589132585,-0.9099524711482896
-1.1214473788127328,0.9899356680709798,0.0019145355589132585,-0.9099524711482896
-1.1214473788127328,0.9903296575575522,0.0019145355589132585,-0.8864197840007227
-1.1214473788127328,0.9869108051973209,0.0019145355589132585,-0.9071711881359087
-1.1216584914702434,0.97592555717173,0.0019145355589132585,-0.9118743289442243
-1.1216584914702434,0.9792808574505651,0.0019145355589132585,-0.923399721053398
-1.1391223847222263,0.9977440768855123,0.0019145355589132585,-0.9402993726868158
-1.1372188759709043,0.9932320186533079,0.0019145355589132585,-0.9402993726868158
-1.1254784287822877,0.9928203086734585,0.0019145355589132585,-0.9402993726868158
-1.1277506829887274,0.9791452222220484,0.0019145355589132585,-0.9402993726868158
-1.1277506829887274,0.9845641653931573,0.0019145355589132585,-0.9365563608780457
-1.1277506829887274,0.978368930187976,0.0019145355589132585,-0.9372913759301417
-1.1277506829887274,0.9825567553126864,0.0019145355589132585,-0.9564235226705592
-1.118599140577435,0.9802863366019593,0.0019145355589132585,-0.9564235226705592
-1.118599140577435,0.9715189620923318,0.0019145355589132585,-0.9537366410791931
-1.118599140577435,0.9742926810882581,0.0019145355589132585,-0.9688989823384458
-1.1185059446444128,0.9670289210023217,0.0019145355589132585,-0.9688989823384458
-1.1182248137244486,0.9757257306909425,0.0019145355589132585,-0.9676686377981626
-1.1125997966787746,0.978358058347731,0.0019145355589132585,-0.9676686377981626
-1.1188433363536927,0.9818259903165474,0.0019145355589132585,-0.9676686377981626
-1.1188433363536927,0.981025463488001,0.0019145355589132585,-0.9676686377981626
-1.1188433363536927,0.988528204374916,0.0019145355589132585,-0.9706368708535001
-1.117900825891817,0.987146892516309,0.0019145355589132585,-0.9706368708535001
-1.1246896497089747,0.9776612642133162,0.0019145355589132585,-0.9524624921168116
-1.1246896497089747,0.9480011676404417,0.002016518725207892,-0.9524624921168116
-1.1246896497089747,0.9386710652029624,0.002016518725207892,-0.9524624921168116
-1.1242550498457182,0.9224243712369367,0.002016518725207892,-0.9524624921168116
-1.1242550498457182,0.9136819404463521,0.002016518725207892,-0.9524624921168116
-1.1242550498457182,0.9112030295213626,0.002016518725207892,-0.9524624921168116
-1.1242550498457182,0.930882618111183,0.002016518725207892,-0.9472462734851739
-1.1242550498457182,0.9267430483872154,0.002016518725207892,-0.965659895554894
-1.1242550498457182,0.9321428671583561,0.002016518725207892,-0.965659895554894
-1.1242550498457182,0.9205913454969711,0.002016518725207892,-0.965659895554894
-1.1242550498457182,0.9256231600237907,0.002016518725207892,-0.965659895554894
-1.1242550498457182,0.9234146083558629,0.002016518725207892,-0.965659895554894
-1.1242550498457182,0.8988141956618698,0.002016518725207892,-0.965659895554894
-1.1213902771350988,0.897135097124371,0.002016518725207892,-0.9712732949313122
-1.1213902771350988,0.8929750953265826,0.002016518725207892,-0.9712732949313122
-1.1213902771350988,0.8931723368146606,0.002016518725207892,-0.9712732949313122
-1.1213902771350988,0.8848617547821408,0.002016518725207892,-0.9712732949313122
-1.1213902771350988,0.8889800640295918,0.002016518725207892,-0.9712732949313122
-1.1213902771350988,0.886154110148876,0.002016518725207892,-0.9712732949313122
-1.1190598658470015,0.908148827167618,0.002016518725207892,-0.9712732949313122
-1.1190598658470015,0.919360908674537,0.002016518725207892,-0.9712732949313122
-1.1190598658470015,0.9073958181528556,0.002016518725207892,-0.9712732949313122
-1.1171500085640946,0.9116323659821818,0.002016518725207892,-0.9685042104722871
-1.1171500085640946,0.9319806863621287,0.002016518725207892,-0.9534854729818993
-1.1171500085640946,0.9290856349924489,0.002016518725207892,-0.9534854729818993
-1.1171500085640946,0.9121606540550393,0.002016518725207892,-0.9534854729818993
-1.1171500085640946,0.8950630343391237,0.002016518725207892,-0.9225425207669387
-1.1171500085640946,0.8938777522635927,0.002016518725207892,-0.9058007204778659
-1.1171500085640946,0.8803520565328595,0.002016518725207892,-0.8984465992500394
-1.1171500085640946,0.8700293026634341,0.002016518725207892,-0.8984465992500394
-1.1171500085640946,0.8736204588944247,0.002016518725207892,-0.8573720896843295
-1.1171500085640946,0.8723256070547817,0.002016518725207892,-0.8470257939289371
-1.1171500085640946,0.8643058908590411,0.002016518725207892,-0.8427224422111016
-1.1171500085640946,0.8923130242440535,0.002016518725207892,-0.748885518552936
-1.1165435936205204,0.8984599762155843,0.002016518725207892,-0.7473158048833223
-1.1165435936205204,0.8884721914823469,0.002016518725207892,-0.7214822199951815
-1.1165435936205204,0.8716352461657287,0.002016518725207892,-0.7040460177579503
-1.1165435936205204,0.8420682932603882,0.002016518725207892,-0.6286215401151657
-1.1165435936205204,0.8421295493409227,0.002016518725207892,-0.6426031492676544
-1.1165435936205204,0.8530319924129666,0.002016518725207892,-0.6894043733608431
-1.1165435936205204,0.8939491862795645,0.002016518725207892,-0.6583596687428199
-1.1165435936205204,0.9047271156495607,0.002016518725207892,-0.6717844238634674
-1.1165435936205204,0.9027380542193869,0.002016518725207892,-0.7068991689093622
-1.1165435936205204,0.8752670960765307,0.002016518725207892,-0.7498302201298602
-1.1165435936205204,0.8636199095804351,0.002049864506904778,-0.7016492866941981
-1.1165435936205204,0.8750572615319153,0.002049864506904778,-0.6917366175605828
-1.1165435936205204,0.8991960475145425,0.002049864506904778,-0.7274906805033723
-1.1165435936205204,0.8936943787516208,0.002049864506904778,-0.8024202559826504
-1.1165435936205204,0.9070409751083802,0.002049864506904778,-0.7833361095624812
-1.1165435936205204,0.9121296719385829,0.002049864506904778,-0.7879301592173195
-1.1165435936205204,0.934507088469839,0.002049864506904778,-0.786855978132521
-1.1165435936205204,0.9336969696307058,0.002049864506904778,-0.7548002382860076
-1.1165435936205204,0.9401715066796205,0.002049864506904778,-0.7454171646702722
-1.115702197511828,0.940466740020992,0.002049864506904778,-0.7644449130266264
-1.115702197511828,0.9356900124876789,0.0016348112023669703,-0.7799404483218936
-1.115702197511828,0.9351561175781112,0.0016348112023669703,-0.7970434623500325
-1.115702197511828,0.9241424418653463,0.0016348112023669703,-0.8507179024797575
-1.115702197511828,0.9051873913090488,0.0016348112023669703,-0.8507179024797575
-1.115702197511828,0.9083654671715626,0.0016348112023669703,-0.8605692849874313
-1.115702197511828,0.9142596115184335,0.0016348112023669703,-0.8163080857356683
-1.112591092052502,0.9236950230326278,0.0016348112023669703,-0.7756448851157134
-1.112591092052502,0.9574194630428193,0.0016348112023669703,-0.7479643014345249
-1.112591092052502,0.944776425193753,0.0016348112023669703,-0.7212037278501395
-1.112591092052502,0.9477358743808781,0.0014299501554912975,-0.7195543014027846
-1.112591092052502,0.9828364953736459,0.0014299501554912975,-0.7805024905250847
-1.112591092052502,0.9813974702614188,0.0014299501554912975,-0.8228958350406802
-1.112591092052502,0.9496499401144445,0.0014299501554912975,-0.8515530548553906
-1.112591092052502,0.9382761281844091,0.0014299501554912975,-0.8468516601286824
-1.112591092052502,0.9413585361043537,0.0014299501554912975,-0.8224993201884578
-1.112591092052502,0.9461649455468106,0.0014299501554912975,-0.8131435482309104
-1.112591092052502,0.9397386301498254,0.0014299501554912975,-0.7573983873807923
-1.112591092052502,0.9388829198428204,0.0014299501554912975,-0.8308438883101811
-1.112591092052502,0.9553201166209094,0.0014299501554912975,-0.8234009241225391
-1.112591092052502,0.9348573887859519,0.0014299501554912975,-0.7881420143580734
-1.1131139244694914,0.9542475843566933,0.0014299501554912975,-0.7488161630553767
-1.1119085946661147,0.9522867023833665,0.0014299501554912975,-0.7944055367688492
-1.1119085946661147,0.9789594151394166,0.0014299501554912975,-0.8321551758756895
-1.1119085946661147,0.9928558424945884,0.0014299501554912975,-0.8502369097043974
-1.1119085946661147,0.9873154464988275,0.0014299501554912975,-0.8502369097043974
-1.109630193945128,0.9794465692523561,0.0014299501554912975,-0.8502369097043974
-1.109630193945128,0.9610265265886593,0.0014299501554912975,-0.8167091839498102
-1.109630193945128,0.9317898947910981,0.0014299501554912975,-0.7669230207457656
-1.109630193945128,0.9280086138509481,0.0014299501554912975,-0.8129348665324521
-1.109630193945128,0.9050483329745548,0.0014299501554912975,-0.8536681178179343
-1.109630193945128,0.9085657859808994,0.0014299501554912975,-0.8418911648746886
-1.109630193945128,0.8806255050084941,0.0014299501554912975,-0.8475068773432849
-1.109630193945128,0.8962624665949189,0.0014299501554912975,-0.847701221310692
-1.109630193945128,0.9146972492403996,0.0014299501554912975,-0.847701221310692
-1.109630193945128,0.9162040331373068,0.0014299501554912975,-0.8314751375036225
-1.109630193945128,0.9001506381582685,0.001221092360063099,-0.7820716167496371
-1.1082006702828073,0.8971155870612205,0.001221092360063099,-0.7823057585298521
-1.1082006702828073,0.8826670429535173,0.001221092360063099,-0.8191808354028987
-1.1082006702828073,0.8718480088470395,0.001221092360063099,-0.7993210360193498
-1.1082006702828073,0.8731813204707036,0.001221092360063099,-0.725177608928949
-1.1082006702828073,0.8487959357127723,0.001221092360063099,-0.7323338529518821
-1.1082006702828073,0.8382263109897621,0.001221092360063099,-0.7496379104444675
-1.1082006702828073,0.8284452815195765,0.001221092360063099,-0.7738697614062063
-1.1082006702828073,0.8392554850592636,0.001221092360063099,-0.7738697614062063
-1.1082006702828073,0.8575920152600999,0.001221092360063099,-0.7886746013912171
-1.1082006702828073,0.8488956710721023,0.001221092360063099,-0.7619989518283742
-1.1083902981607547,0.826546479835768,0.001221092360063099,-0.7834375324005858
-1.1083902981607547,0.8306105944001612,0.001221092360063099,-0.7302757497515799
-1.1083902981607547,0.8398017134543838,0.001221092360063099,-0.7302757497515799
-1.1083902981607547,0.8381556353850506,0.001221092360063099,-0.648955477588761
-1.1083902981607547,0.8567894523970497,0.001221092360063099,-0.6415686026767173
-1.1083902981607547,0.8429896501542767,0.001221092360063099,-0.6353668434478522
-1.1083902981607547,0.840542503356337,0.001221092360063099,-0.5594686199621073
-1.1083902981607547,0.8244693079800037,0.001221092360063099,-0.5105103826759665
-1.1083902981607547,0.8508303676252448,0.0012589720960795986,-0.5140280000238354
-1.1083902981607547,0.8519787737569889,0.0012589720960795986,-0.4668619845302043
-1.1100279668293713,0.8462444825314935,0.0012589720960795986,-0.47703376587710994
-1.1111284705575653,0.8872577998431195,0.0012589720960795986,-0.427285423151893
-1.1111284705575653,0.8490172996415278,0.0012589720960795986,-0.3792931795254699
-1.1111284705575653,0.8617970105200932,0.0012589720960795986,-0.40367470817568657
-1.1111284705575653,0.8727897660993889,0.0012589720960795986,-0.4792637876102208
-1.1111284705575653,0.8456519451021609,0.0012589720960795986,-0.4795291241925507
-1.1111284705575653,0.8685793695216109,0.0012589720960795986,-0.5486964651175908
-1.1111284705575653,0.8577629714728389,0.0012589720960795986,-0.5108428117442356
-1.1111284705575653,0.8518424905859049,0.0012589720960795986,-0.47816030542534493
-1.1111284705575653,0.8598672725129712,0.0012589720960795986,-0.4727463301901018
-1.1088181728187123,0.8541429134143328,0.0012589720960795986,-0.5471879514514958
-1.1088181728187123,0.8527888371983735,0.0012589720960795986,-0.4857851112180791
-1.1088181728187123,0.882854880286248,0.0012589720960795986,-0.48480185788121616
-1.1088181728187123,0.866511606755646,0.0012589720960795986,-0.41165941523398825
-1.1088181728187123,0.8686866871965275,0.0012589720960795986,-0.37516105865232297
-1.1088181728187123,0.8646499980021065,0.0012589720960795986,-0.4733880466241042
-1.1088181728187123,0.8950180031053119,0.0012589720960795986,-0.4202793557417082
-1.1088181728187123,0.908041852229833,0.0012589720960795986,-0.31019042335029073
-1.1088181728187123,0.9010785974242334,0.0012589720960795986,-0.24699853326938742
-1.1088181728187123,0.9039818630856001,0.0012589720960795986,-0.21157328838056777
-1.1088181728187123,0.8986829459913533,0.0012589720960795986,-0.21558372460876413
-1.1088181728187123,0.9140850988537875,0.0012589720960795986,-0.23265555066014343
-1.1088181728187123,0.9096677125546678,0.0012589720960795986,-0.33748010977311227
-1.1088181728187123,0.9086192848274404,0.0012589720960795986,-0.2637303538460855
-1.1088181728187123,0.8978402561796044,0.0012589720960795986,-0.2835271763612165
-1.1088181728187123,0.9471804717459283,0.0012589720960795986,-0.3054971514169683
-1.1081034987829725,0.9337757673801587,0.0012589720960795986,-0.4263909658360698
-1.1081034987829725,0.9293144423717676,0.0012589720960795986,-0.48501445162428625
-1.1081034987829725,0.9133827062069455,0.0012589720960795986,-0.439656441650192
-1.1081034987829725,0.9054135740872582,0.0012589720960795986,-0.46176552070469307
-1.1081034987829725,0.9107824066726294,0.0012589720960795986,-0.4678460888775856
-1.1081034987829725,0.9439737100536507,0.0012589720960795986,-0.47176401610142404
-1.1081034987829725,0.9515814820434777,0.0012589720960795986,-0.3733259940938769
-1.1081034987829725,0.949003844706,0.0016727258602109176,-0.3163726113357541
-1.1081034987829725,0.9564542732004959,0.0016727258602109176,-0.3170575726948067
-1.1081034987829725,0.9639702910239935,0.0016727258602109176,-0.2405874482701239
-1.1081034987829725,0.9548721092471403,0.0016727258602109176,-0.38033343016521165
-1.1081034987829725,0.9434575621398037,0.0016727258602109176,-0.4857678529496865
-1.1077244008992,0.9414058484223593,0.0016727258602109176,-0.47212859544895663
-1.1077244008992,0.9071387804176064,0.0016727258602109176,-0.48275646086779705
-1.1077244008992,0.916085592054033,0.0016727258602109176,-0.4705765952230578
-1.1077244008992,0.9229695226393271,0.0016727258602109176,-0.5152605634644782
-1.104436163625702,0.9171001124097184,0.0016727258602109176,-0.5748956266915444
-1.104436163625702,0.9001245666608961,0.0016727258602109176,-0.5802362067940506
-1.1026363465300806,0.9104811739915132,0.0016727258602109176,-0.5731034900556579
-1.1026363465300806,0.9347772395426172,0.0016727258602109176,-0.60544034991679
-1.1028417898833305,0.9465259204627422,0.0016727258602109176,-0.6810004866504203
-1.1028417898833305,0.9259250164488042,0.0016727258602109176,-0.7348535376990399
-1.1028417898833305,0.921539611176222,0.0016727258602109176,-0.7075585921955786
-1.1028417898833305,0.934028737971038,0.0016727258602109176,-0.7767604628566623
-1.1028417898833305,0.9171732598716555,0.0016727258602109176,-0.7290605562396182
-1.1028417898833305,0.9169906559223584,0.0016727258602109176,-0.6971622564465898
-1.1028417898833305,0.9373080484089996,0.0016727258602109176,-0.7463334678150721
-1.1021460500605005,0.9311672210019655,0.0016727258602109176,-0.7463334678150721
-1.1021460500605005,0.9285042925112377,0.0016727258602109176,-0.7180281097319557
-1.1021460500605005,0.9231083425967779,0.0016727258602109176,-0.697559848799133
-1.0979222382711027,0.9423192160933462,0.0016727258602109176,-0.6779762788430594
-1.0979222382711027,0.9400178523781371,0.0016727258602109176,-0.6439950266146549
-1.0979222382711027,0.9450096842644065,0.0016727258602109176,-0.6093515987460439
-1.0998955770186587,0.9679364762374352,0.0016727258602109176,-0.5441179235870206
-1.1037674964317468,0.9625843290068522,0.0016727258602109176,-0.5006393788980018
-1.1001391834274843,0.9589313556245648,0.0016727258602109176,-0.3881117040671593
-1.1001391834274843,0.9670887688450257,0.0016727258602109176,-0.3960379205159957
-1.1001391834274843,0.9655299906402139,0.0016727258602109176,-0.2675215850757664
-1.1001391834274843,0.98576237864216,0.0016727258602109176,-0.1126337354321614
-1.1001391834274843,0.9813223804379582,0.0016727258602109176,-0.15540663081415146
-1.1139718576364177,0.9803464914147363,0.0016727258602109176,-0.07614236476713696
-1.1139718576364177,0.9766734934885399,0.0016727258602109176,-0.13976377147967278
-1.1139718576364177,0.9779501405710245,0.0016727258602109176,-0.10584326101484366
-1.1139718576364177,0.9958106034860276,0.0016727258602109176,-0.09788965807125435
-1.1478450937804687,0.9994348703835286,0.0016727258602109176,-0.010064930070576128
-1.0306623116518112,0.9994348703835286,0.0016727258602109176,0.07498519943714083
-1.0934179414640444,0.9861053960710371,0.0016727258602109176,0.17220347112313805
-1.1060103525114349,0.982468656055406,0.0016727258602109176,0.15145840406969782
-1.1060103525114349,0.9779042819265927,0.0016727258602109176,0.33388354772668855
-1.1060103525114349,0.9797310482909066,0.0016727258602109176,0.22996779863393263
-1.1072089161512013,0.969619836414296,0.0016727258602109176,0.1609044571445052
-1.1072089161512013,0.9427976111731132,0.0016727258602109176,0.19594438030479563
-1.1072856025181526,0.9461584325047488,0.0016727258602109176,0.08427673278852223
-1.1072856025181526,0.9591313129164415,0.0016727258602109176,0.04469240824623664
-1.104900431776402,0.9590879302126892,0.0016727258602109176,0.048687571941036546
-1.104900431776402,0.9466067667815452,0.0016727258602109176,-0.002377473363467303
-1.104900431776402,0.9387662236253858,0.0016727258602109176,-0.01717496377048537
-1.104900431776402,0.9437916966022161,0.0016727258602109176,-0.06725601763202806
-1.104900431776402,0.9530218925582614,0.0016727258602109176,-0.017830336008338554
-1.104900431776402,0.9446377188388639,0.0016727258602109176,-0.06543474513119543
-1.097448333643342,0.9587466762103956,0.0016727258602109176,0.002485184376544325
-1.0935411808943598,0.9771975683262458,0.0016727258602109176,0.17491377704390254
-1.1024840039780235,0.9376810625985742,0.0016727258602109176,0.2657926364442244
-1.0952383004973605,0.9462347297492658,0.0016727258602109176,0.3211218624422047
-1.0952383004973605,0.9734169889229689,0.0016727258602109176,0.25558789328909
-1.0952383004973605,0.9799506631850777,0.0016727258602109176,0.2313344686215662
-1.0952383004973605,0.9717954245509599,0.0016727258602109176,0.15401855900883935
-1.0952383004973605,0.9801306775185378,0.0016727258602109176,0.17268747598224826
-1.1055793215043401,0.9814123038366611,0.0016727258602109176,0.24700901268327669
-1.0992752061112767,0.9731522320159587,0.0016727258602109176,0.2643716267782647
-1.0992752061112767,0.9756676702003494,0.0016727258602109176,0.25769503515392955
-1.0992752061112767,0.9693392161209781,0.0017241701625380526,0.2570489698732947
-1.0992752061112767,0.948854876937247,0.0017241701625380526,0.282876213063167
-1.0992752061112767,0.9488451727612601,0.0017241701625380526,0.36333679634452914
-1.0992752061112767,0.9612018387417085,0.0017241701625380526,0.3005491615723783
-1.0992752061112767,0.9766654976605462,0.0017241701625380526,0.3047449384417431
-1.0992752061112767,0.9766654976605462,0.0017241701625380526,0.2646440366795181
-1.0992752061112767,0.9709980489278374,0.0017241701625380526,0.12549382491992467
-1.1011633521944029,0.9606133485308184,0.0017241701625380526,0.12880923746666173
-1.1011633521944029,0.9571573501963042,0.0017241701625380526,0.0785158096943044
-1.1011633521944029,0.9282120536469208,0.0017241701625380526,-0.07773833641460173
-1.1011633521944029,0.9214964373757418,0.0019440858700259175,-0.03703004660256564
-1.1011633521944029,0.9241424998109665,0.0019440858700259175,0.0813813906493605
-1.1011633521944029,0.9467907823119156,0.0019440858700259175,-0.027654786058433023
-1.1011633521944029,0.9830354325828536,0.0023980119209153464,0.03603525826398078
-1.1011633521944029,0.9864938510182375,0.0023980119209153464,0.011803175954369971
-1.1083477650857485,0.9629800379369076,0.0023980119209153464,0.04167585103051415
-1.1113886416776313,0.9718803902476414,0.0023980119209153464,0.0268771985201502
-1.1113886416776313,0.967603243364023,0.0023980119209153464,0.030753316600448003
-1.1113886416776313,0.9611703320260812,0.0023980119209153464,-0.11263683619241982
-1.1113886416776313,0.9589006274729391,0.0023980119209153464,-0.21178010891736096
-1.1113886416776313,0.970326101121267,0.0023980119209153464,-0.06113456444269573
-1.1113886416776313,0.9666058334645605,0.002267718067527222,-0.05157652136361748
-1.1113886416776313,0.9800980164050639,0.002267718067527222,-0.07882833275285234
-1.0811152811262148,0.9842232900777167,0.002267718067527222,-0.12047475754156238
-1.1145579140900035,0.974989958803157,0.002267718067527222,-0.1616821548170261
-1.1218815639887658,0.9907452137083456,0.002267718067527222,-0.25671711554769255
-1.106794765757894,0.9911195073462218,0.002267718067527222,-0.24327416460604837
-1.106794765757894,0.9859646913910032,0.002267718067527222,-0.17726234219495926
-1.1001940376971668,0.9937103022646443,0.002267718067527222,-0.049429615861353096
-1.1170991073104592,0.9811262718279272,0.002267718067527222,0.006402004246011313
-1.0972018682333902,0.9832050052458994,0.00233126612492419,-0.06418259185749926
-1.0972018682333902,0.9852132883452488,0.00233126612492419,-0.015326781377335365
-1.098570447158865,0.9861561628681605,0.00233126612492419,0.08824323292179774
-1.1071917163944478,0.9848567088027315,0.00233126612492419,0.15032838957703007
-1.1071917163944478,0.9666135290655647,0.00233126612492419,0.19267383003755015
-1.1071917163944478,0.9909273185076528,0.00233126612492419,0.2305635957383757
-1.1071917163944478,0.9752598719931249,0.00233126612492419,0.3563213275923612
-1.1107879123512288,0.9574302677815535,0.00233126612492419,0.352184096344365
-1.1107879123512288,0.9672434353247958,0.00233126612492419,0.2753557409594619
-1.1107879123512288,0.982306538466364,0.00233126612492419,0.3234887822469476
-1.1144035970856212,0.997890584519847,0.00233126612492419,0.2459962369446928
-1.1152770497394637,0.9939756994226107,0.00233126612492419,0.21506135373093258
-1.0988617957416107,0.9848231957552823,0.00233126612492419,0.2269922732924782
-1.0988617957416107,0.9837654509097788,0.00232059565263215,0.21708358841903413
-1.0888373320507962,0.943068172809526,0.00232059565263215,0.32018118173573273
-1.0888373320507962,0.965974232664259,0.00232059565263215,0.37838813298093255
-1.0888373320507962,0.9587755422790284,0.00232059565263215,0.4104519571051428
-1.0888373320507962,0.98973359678143,0.00232059565263215,0.5333270308155534
-1.0750420179970812,0.9841130473752934,0.00232059565263215,0.5128529471694698
-1.0750420179970812,0.9966436125840643,0.00232059565263215,0.5483455770192169
-1.086229790853441,0.9775997415099401,0.0023091248206673133,0.5420168140075774
-1.086229790853441,0.9886531883498252,0.0023091248206673133,0.5215186418945951
-1.0833512883098588,0.9792727223462647,0.0023091248206673133,0.5256606214743134
-1.0718656989935842,0.9779566576285906,0.0023091248206673133,0.5101804167033929
-1.0593863418763474,0.952786381137162,0.0023091248206673133,0.43307366118400775
-1.0593863418763474,0.9576988585665052,0.0023091248206673133,0.37115901306906735
-1.0593863418763474,0.9825010374408918,0.0023091248206673133,0.4267136263498287
-1.070188781922629,0.9672473661728886,0.0023091248206673133,0.33185522692977437
-1.0706323390064254,0.9421874717529518,0.0023091248206673133,0.2297322688871843
-1.0706323390064254,0.9222712239998698,0.0023091248206673133,0.22822520874946456
-1.0706323390064254,0.9202616657733017,0.0023091248206673133,0.20376654043489448
-1.0706323390064254,0.9216566545570909,0.0023091248206673133,0.28294064233689903
-1.0706323390064254,0.913371164443636,0.0023091248206673133,0.21703700724704034
-1.0706323390064254,0.9134277003318994,0.0023091248206673133,0.32224529553944825
-1.0706323390064254,0.923687908898342,0.0023091248206673133,0.2497144719796479
-1.0706323390064254,0.9274854646456603,0.002083724033656305,0.23068834660085716
-1.0706323390064254,0.9484300162893067,0.002083724033656305,0.341182204188957
-1.0706323390064254,0.9331543743672805,0.002083724033656305,0.37248360729766006
-1.0666072678635419,0.9298690058569988,0.002083724033656305,0.3888144870537803
-1.0666072678635419,0.9256222450310472,0.002083724033656305,0.45486932116337997
-1.0666072678635419,0.93942569258519,0.002083724033656305,0.4265124785006764
-1.0666072678635419,0.9197265035721411,0.002083724033656305,0.5212275751250138
-1.0666072678635419,0.9301670285943447,0.002083724033656305,0.5628201190240387
-1.0677390243974387,0.9251766663158469,0.0020435126923511035,0.43007192296432767
-1.0677390243974387,0.92892574295842,0.0020435126923511035,0.3935158525886181
-1.0664478295923066,0.9335034125124527,0.002140395685372162,0.424181408549378
-1.0664478295923066,0.9491265031550267,0.002520937973198946,0.3906411915255337
-1.0664478295923066,0.9588849346690617,0.002520937973198946,0.32506644236699894
-1.0664478295923066,0.9336286689131578,0.002520937973198946,0.2203159492053655
-1.0664478295923066,0.9079196358848555,0.002520937973198946,0.3247115127237553
-1.0664478295923066,0.9086031716468373,0.002520937973198946,0.2598256542309977
-1.0664478295923066,0.9187894107359806,0.002520937973198946,0.20155176124279198
-1.0664478295923066,0.9167012180536752,0.002520937973198946,0.17922589133614306
-1.0627199313732028,0.9133790532175435,0.002520937973198946,0.09243715197636358
-1.0627199313732028,0.9526027264451857,0.002520937973198946,0.0480971212451037
-1.0627199313732028,0.9641426370798117,0.002520937973198946,0.247210789994875
-1.0627199313732028,0.9557487442460179,0.002520937973198946,0.2644872888051192
-1.0627199313732028,0.9633381805657037,0.002520937973198946,0.14344196662065
-1.0609140574913958,0.955278671996669,0.002520937973198946,0.22675871592156122
-1.0609140574913958,0.9641673154675302,0.002520937973198946,0.16964730450114265
-1.0609140574913958,0.9744962267238213,0.002520937973198946,0.14109448607366062
-1.0609140574913958,0.961072869052821,0.002520937973198946,0.15358265622934542
-1.0609140574913958,0.9748641450076715,0.002520937973198946,0.07235889404488213
-1.0675824031306838,0.9556245558911531,0.002520937973198946,0.031791494470846136
-1.0675824031306838,0.936613890139911,0.002520937973198946,0.020818333293949928
-1.0675824031306838,0.9180431592977516,0.002520937973198946,0.13001137129903478
-1.0675824031306838,0.9270511804465555,0.002520937973198946,0.06983696645079782
-1.0675824031306838,0.9008714256388972,0.002520937973198946,0.02193688906176184
-1.0675824031306838,0.8884049822772312,0.002520937973198946,0.12924512527409204
-1.0675824031306838,0.9009726432889734,0.002520937973198946,0.1125929594160656
-1.0676019993784311,0.8967311521620535,0.002520937973198946,-0.06671345477649765
-1.0676019993784311,0.9098560504041652,0.002520937973198946,-0.019580900751420688
-1.0676019993784311,0.9065568173669333,0.002520937973198946,0.02224066619259837
-1.0676019993784311,0.9093548604161145,0.002520937973198946,0.058769123960167556
-1.0676019993784311,0.8848024470743892,0.002520937973198946,0.09004120296453844
-1.0676019993784311,0.8954061666747949,0.002520937973198946,0.14750587452493533
-1.0676019993784311,0.8846237561107361,0.002520937973198946,0.22348599236991604
-1.0697350306397875,0.8779293763005093,0.002520937973198946,0.27761918087666076
-1.071777557714929,0.8660365529245879,0.002520937973198946,0.28982084895663135
-1.071777557714929,0.8800312238780527,0.002306637739179141,0.23765338207493095
-1.071777557714929,0.8773979036640803,0.002306637739179141,0.26309246170170264
-1.0741400866455135,0.8968987057914891,0.002306637739179141,0.2524618290154486
-1.0741400866455135,0.8816778679206498,0.002306637739179141,0.375007285334262
-1.0741400866455135,0.8845794038402949,0.002306637739179141,0.38519059467649647
-1.0836140330309312,0.9024627724874719,0.002306637739179141,0.4000016050564566
-1.0836140330309312,0.9081897891716941,0.002306637739179141,0.2925449510845214
-1.0836140330309312,0.8797337844100945,0.002306637739179141,0.2968518767094673
-1.0836140330309312,0.8708598481670463,0.002306637739179141,0.30558199692444366
-1.0836140330309312,0.8871611581616394,0.002306637739179141,0.35932900797865325
-1.0836140330309312,0.8839318762768432,0.002306637739179141,0.22800772931595945
-1.0836140330309312,0.8763123048790652,0.002306637739179141,0.2345375631475527
-1.0836140330309312,0.8745291957185649,0.002306637739179141,0.2004928642471958
-1.0836140330309312,0.8684349321175769,0.002306637739179141,0.1669298281727258
-1.0836140330309312,0.8542141993288889,0.002306637739179141,0.2610221633145849
-1.0836140330309312,0.8429125706536786,0.002306637739179141,0.20639252695515506
-1.0836140330309312,0.8394131893159711,0.002306637739179141,0.1812031902007243
-1.0836140330309312,0.834261968775683,0.002306637739179141,0.36221776825918084
-1.0836140330309312,0.8204925596990797,0.002306637739179141,0.38166870066936803
-1.0836140330309312,0.8469020196328978,0.002306637739179141,0.41421136541599046
-1.0836140330309312,0.8675766991935516,0.002306637739179141,0.36199035446668504
-1.0836140330309312,0.8713903209631797,0.002306637739179141,0.3596055249563539
-1.0836140330309312,0.8825116264818239,0.002306637739179141,0.25260886884368494
-1.0836140330309312,0.8561863036017132,0.002306637739179141,0.12609816354139505
-1.0836140330309312,0.8372521689055087,0.002306637739179141,0.03845097701761055
-1.0836140330309312,0.8419450348276047,0.002306637739179141,0.03789069354931034
-1.0836140330309312,0.837394136733407,0.002306637739179141,0.025918468035081074
-1.0850142825422677,0.8437179961786427,0.002306637739179141,0.0415845495114016
-1.0878890843770614,0.8306677068796867,0.002306637739179141,-0.051374166145047744
-1.0878890843770614,0.8403320994728432,0.002306637739179141,-0.09975299772892714
-1.0878890843770614,0.8220141524302503,0.002306637739179141,-0.14876797240921316
-1.0878890843770614,0.8141342065458712,0.002306637739179141,-0.14440515104089108
-1.0878890843770614,0.8174624255281032,0.0025835285608834667,-0.17546532748633398
-1.0878890843770614,0.8002268384457185,0.0025835285608834667,-0.23510888546058656
-1.0878890843770614,0.7843889835786149,0.0025835285608834667,-0.20051854621784712
-1.0878890843770614,0.7746153673232149,0.0025835285608834667,-0.09299214746159193
-1.0878890843770614,0.7602946585988322,0.0025835285608834667,-0.06578758842013673
-1.0878890843770614,0.7761083157212926,0.0025835285608834667,0.0037138147054621568
-1.0878890843770614,0.7963659374415808,0.0025835285608834667,0.05910541999596418
-1.0878890843770614,0.791825713197331,0.0025835285608834667,0.11586421215940038
-1.0878890843770614,0.8311491005789534,0.0025835285608834667,0.10403896533699888
-1.0878890843770614,0.8428609198318984,0.0025835285608834667,-0.0236286590378345
-1.085675946192528,0.8532142462055793,0.0025835285608834667,0.07625442749478208
-1.085675946192528,0.8477605389870494,0.0025835285608834667,-0.09940976838805882
-1.085675946192528,0.8447369735293428,0.0025835285608834667,-0.1768217841558412
-1.085675946192528,0.8404346759388798,0.0025835285608834667,-0.24462872662272592
-1.085675946192528,0.853405561593284,0.0025835285608834667,-0.32001453944294017
-1.085675946192528,0.8379925774172611,0.0025835285608834667,-0.1925585202780584
-1.0872136531657262,0.8499174991061668,0.0025835285608834667,-0.04697809065970382
-1.0872136531657262,0.8365165023252213,0.0025835285608834667,-0.004468343063870034
-1.0872136531657262,0.8183863411625746,0.0025835285608834667,-0.08373141466892063
-1.0872136531657262,0.8383815057525604,0.0024149862110089946,-0.030897635746391663
-1.0872136531657262,0.8289060472917442,0.0024149862110089946,0.017331800337881193
-1.0872136531657262,0.8349991894206151,0.0024149862110089946,-0.03735798229463546
-1.0872136531657262,0.8186907129054238,0.0024149862110089946,-0.11778663283281555
-1.0872136531657262,0.8125061617322048,0.0024149862110089946,-0.06149384078261769
-1.0872136531657262,0.8029246054293379,0.0024149862110089946,-0.11586785689202551
-1.0872136531657262,0.8346396301326598,0.0024149862110089946,-0.10993872797157368
-1.0872136531657262,0.82496814753518,0.0024149862110089946,-0.07769751333550198
-1.0872136531657262,0.8468604051278592,0.0024149862110089946,-0.02560356186201013
-1.0872136531657262,0.852881826789619,0.0024149862110089946,-0.0851929793736011
-1.0872136531657262,0.838253900204113,0.0024149862110089946,-0.19770254824953648
-1.0872136531657262,0.8335570822409721,0.0024149862110089946,-0.11534004210649693
-1.0872136531657262,0.8151602667797431,0.0024149862110089946,-0.10689045731261528
-1.0872136531657262,0.8115358210060827,0.0024149862110089946,-0.0015202679937359326
-1.0872136531657262,0.8360346420213068,0.0024149862110089946,-0.09959845916462147
-1.0872136531657262,0.8447495617457569,0.0024149862110089946,-0.09261933838468625
-1.0872136531657262,0.8402920251238019,0.0024149862110089946,-0.023456832767856046
-1.0895378291017144,0.8443635961784263,0.0024149862110089946,-0.012109469980235849
-1.0895378291017144,0.8314331684257528,0.0024149862110089946,-0.022671879105315138
-1.0895378291017144,0.8333476015796902,0.0024149862110089946,0.1152511265937847
-1.0895378291017144,0.8683236681195438,0.0024149862110089946,0.25804734394354534
-1.0895378291017144,0.8760559386367168,0.0024149862110089946,0.21616069581237404
-1.0895537079089288,0.897405685154764,0.0024149862110089946,0.14319406874226315
-1.0898284220065333,0.9083875255974231,0.0024149862110089946,0.04998567540141271
-1.0898284220065333,0.9227065368882025,0.0024149862110089946,0.07869574532903606
-1.0898284220065333,0.9232129233145356,0.0024149862110089946,0.11427900190363541
-1.0898284220065333,0.9363368324736423,0.0024149862110089946,0.1437767068796985
-1.0898284220065333,0.9249906499374515,0.0024149862110089946,0.06862934932838845
-1.0898284220065333,0.9240542680262158,0.0024149862110089946,0.13343598385620714
-1.0841056285739856,0.919671726409475,0.0024149862110089946,0.1487506322232015
-1.0841056285739856,0.9364731181155853,0.0024149862110089946,0.13591342776073528
-1.0841056285739856,0.9101561987858761,0.0024149862110089946,0.04880072339730718
-1.0841056285739856,0.9092850592249513,0.0024149862110089946,-0.08130913082474164
-1.0841056285739856,0.9137674708327357,0.0024149862110089946,-0.07078535530793104
-1.0841056285739856,0.9209246871223327,0.0024149862110089946,-0.09077176623806903
-1.0841056285739856,0.9301511124462223,0.0024149862110089946,-0.023757101726536056
-1.0841056285739856,0.9280952262630082,0.0024149862110089946,0.0326119396564719
-1.078343725091596,0.9457061322558084,0.0024149862110089946,0.19536071106017386
-1.078343725091596,0.9555618811548626,0.0024149862110089946,0.23592501433305574
-1.078343725091596,0.9405505769568947,0.0024149862110089946,0.3081530691751762
-1.078343725091596,0.9136664464491757,0.0024149862110089946,0.191056354054276
-1.078343725091596,0.9157832081446736,0.0024149862110089946,0.19648652225721455
-1.074745556280255,0.9293715606327708,0.0024149862110089946,0.24483050560508132
-1.074745556280255,0.94095611012797,0.0024149862110089946,0.309390295158188
-1.074745556280255,0.9450566605541105,0.0024149862110089946,0.2561353851632624
-1.074745556280255,0.9481921810588122,0.0024149862110089946,0.2253851499502422
-1.074745556280255,0.9152602734267905,0.0024149862110089946,0.2727219188548798
-1.074745556280255,0.9233510483416154,0.0024149862110089946,0.25654118006203813
-1.074745556280255,0.9412389192192767,0.0024149862110089946,0.07153881572672965
-1.074745556280255,0.9372803698958034,0.0024149862110089946,0.008123198021690266
-1.074745556280255,0.9382403619201728,0.0024149862110089946,-0.018416875743758117
-1.074745556280255,0.944984840298882,0.0024149862110089946,-0.08271081262475134
-1.074745556280255,0.9407736680669226,0.0024149862110089946,-0.11915625554400198
-1.074745556280255,0.9232766297341397,0.0024149862110089946,-0.04174816851717507
-1.074745556280255,0.9062963720608357,0.0024149862110089946,-0.11917247697940879
-1.074745556280255,0.8980423700439305,0.0024149862110089946,-0.11463167170782448
-1.074745556280255,0.9016208392624011,0.0024149862110089946,-0.11660249783668084
-1.074745556280255,0.8931477611086728,0.0024149862110089946,-0.13936802597246595
-1.074745556280255,0.9187185722928585,0.0024149862110089946,-0.19463783173153854
-1.074745556280255,0.9273758789294753,0.0024149862110089946,-0.414248747536919
-1.074745556280255,0.9283058560655459,0.0024149862110089946,-0.472101223217796
-1.074745556280255,0.9337650695046404,0.0024149862110089946,-0.4284922610004859
-1.074745556280255,0.9450478218645059,0.0024149862110089946,-0.384036507893885
-1.0739578318040002,0.9381157646809853,0.0024149862110089946,-0.3424798722335878
-1.0717884470091805,0.9491203762114916,0.0024149862110089946,-0.3202021541379757
-1.0717884470091805,0.9909607921015224,0.0024149862110089946,-0.3176279859061899
-1.08500041925499,0.9909607921015224,0.0024149862110089946,-0.1993046767634788
-1.08500041925499,0.9903185112156195,0.0024149862110089946,-0.26603024646947915
-1.069295733553645,0.9892554018676426,0.0024149862110089946,-0.20797135780838225
-1.069295733553645,0.9788490015917122,0.0024149862110089946,-0.2805747149057563
-1.069295733553645,0.9719824166285631,0.0024149862110089946,-0.12272992945304338
-1.069295733553645,0.9561593584537399,0.0024149862110089946,-0.1607575641487762
-1.069295733553645,0.9506124157566942,0.0024149862110089946,-0.09471685707658525
-1.069295733553645,0.9553294667964091,0.0024149862110089946,-0.18650834243017275
-1.069295733553645,0.957624864848627,0.0024149862110089946,-0.19822791409506701
-1.069295733553645,0.9891749221067762,0.0024149862110089946,-0.19524516933698488
-1.0579017467281953,0.9814728364918464,0.0024149862110089946,-0.26850837023257307
-1.0579017467281953,0.9610068726510868,0.0024149862110089946,-0.23154677504046567
-1.0579017467281953,0.9725347215850771,0.0024149862110089946,-0.3490469112433631
-1.0579017467281953,0.9564017329584611,0.002273007456073616,-0.34167531949614427
-1.0650255574785414,0.9700801419753814,0.002273007456073616,-0.4026047108403126
-1.0650255574785414,0.9749148899417226,0.002273007456073616,-0.3939638464507657
-1.0650255574785414,0.9882903445854756,0.002273007456073616,-0.42471056624983544
-1.0650255574785414,0.969475693712593,0.002273007456073616,-0.4286616079400506
-1.0650255574785414,0.9497703684149021,0.002273007456073616,-0.4477237378073755
-1.063831701891731,0.9533778960662391,0.002273007456073616,-0.4340812442527412
-1.0607293530777107,0.9561028226083926,0.0021978807441266025,-0.33477959753823805
-1.0607293530777107,0.9814614960053287,0.0021978807441266025,-0.3104137916232511
-1.0636924758875557,0.9905663735260413,0.0021978807441266025,-0.3661519035429187
-1.0475842575209096,0.9799862019624974,0.0021978807441266025,-0.2804111908453282
-1.0563903343670762,0.9775025157612129,0.0021978807441266025,-0.20536037041478528
-1.0563903343670762,0.9882109681651648,0.0021978807441266025,-0.21040290902365155
-1.0563903343670762,0.9954472078324214,0.0021978807441266025,-0.2557746448648148
-1.0471944401918294,0.9977010968955908,0.0021978807441266025,-0.27757618035697823
-1.0493843280312538,0.992356192361483,0.0021978807441266025,-0.33182783339306443
-1.032838089167215,0.9785742410929567,0.0021978807441266025,-0.3742292511576526
-1.032838089167215,0.9829672911148919,0.0021978807441266025,-0.29550016443063065
-1.032838089167215,0.9469857103065006,0.0021978807441266025,-0.22762747088875115
-1.0321902695758032,0.9513267251648696,0.002762076511572206,-0.24643099020275663
-1.0300797835407005,0.9363206367779727,0.002762076511572206,-0.29544842414132716
-1.023869485490567,0.9529672943184874,0.002762076511572206,-0.1757375750555618
-1.023869485490567,0.946040623977916,0.002762076511572206,-0.16128630718926923
-1.023869485490567,0.9584034170876818,0.002762076511572206,-0.19814358155680195
-1.0152006381475973,0.9844582830879737,0.002762076511572206,-0.27436650823026004
-1.0152006381475973,0.973416752419625,0.002762076511572206,-0.1722003878732124
-1.0152006381475973,0.9571828236076253,0.002762076511572206,-0.21941917360036878
-1.0266027947738716,0.9513989986834261,0.002762076511572206,-0.35161323502427877
-1.0281653286246741,0.9558002831576905,0.002762076511572206,-0.481034201592152
-1.0281653286246741,0.9758033311558431,0.002762076511572206,-0.5351655945547663
-1.020149504501864,0.9809858031683887,0.002762076511572206,-0.49626034905926436
-0.9937045078269222,0.96538080447985,0.002762076511572206,-0.5998310895340196
-0.9937045078269222,0.9750269303678595,0.002762076511572206,-0.5631638535038864
-0.9937045078269222,0.9763470555938054,0.002762076511572206,-0.5631638535038864
-0.9937045078269222,0.9876435043781772,0.002762076511572206,-0.5981745728477975
-0.9754750358642587,0.9748789271520917,0.002762076511572206,-0.6226805998778149
-0.9754750358642587,0.9815384600126834,0.002762076511572206,-0.6996481503543251
-0.9754750358642587,0.9727410341107434,0.002762076511572206,-0.7070280308407364
-0.9754750358642587,0.9710429997073108,0.002762076511572206,-0.7635319397077736
-0.994027904436678,0.9878923302538416,0.002762076511572206,-0.7895250176760565
-0.9963537316827099,0.993126079040549,0.002762076511572206,-0.8272573464528659
-0.9963537316827099,0.9743707485564647,0.002762076511572206,-0.7889157654519172
-0.9966437548631433,0.9654737760917107,0.002762076511572206,-0.7348943856287524
-0.9875161823180655,0.9710408295435476,0.002762076511572206,-0.661601379289644
-0.9875161823180655,0.9488837419304167,0.002762076511572206,-0.7507331855772988
-0.9875161823180655,0.9251630842587983,0.002762076511572206,-0.7648965373314748
-0.9875161823180655,0.9251954137956417,0.0026762769627497436,-0.7449904831545945
-0.9875161823180655,0.9160293902498886,0.0026762769627497436,-0.7206462779524049
-0.9875161823180655,0.9127165610832771,0.0026762769627497436,-0.6737475633131955
-0.9875161823180655,0.9241369940324543,0.0026762769627497436,-0.6794812193261633
-0.9854517288403297,0.9174842569138549,0.0026762769627497436,-0.6866264731077281
-0.9854517288403297,0.9314678242084087,0.0026762769627497436,-0.6590955421545238
-0.9854517288403297,0.9473790433335741,0.0026762769627497436,-0.6665913587980974
-0.9854517288403297,0.9585846079713761,0.0026762769627497436,-0.7510594152157511
-0.9854517288403297,0.9486880287001493,0.0026762769627497436,-0.7858543290414931
-0.9854517288403297,0.9393217931334357,0.0026762769627497436,-0.7858543290414931
-0.9854517288403297,0.949914880040825,0.0026762769627497436,-0.8171621324275994
-0.9854517288403297,0.9569635482796796,0.0026762769627497436,-0.8609791600839636
-0.9877176475507629,0.951484846245694,0.0026762769627497436,-0.8609791600839636
-0.9877176475507629,0.9694407614306689,0.0026762769627497436,-0.837927889778451
-0.9945777775077993,0.9783994533811636,0.0026762769627497436,-0.837927889778451
-0.9994971853228395,0.9587723210983794,0.0026762769627497436,-0.8621722672988424
-0.9994971853228395,0.9546429504744492,0.0026762769627497436,-0.8558137592402449
-0.9994971853228395,0.9767452729527063,0.0026762769627497436,-0.8558137592402449
-0.9994971853228395,0.9732790590833577,0.0026762769627497436,-0.8558137592402449
-1.0053509878827707,0.9612159788076982,0.0026762769627497436,-0.8319092917533177
-1.0053509878827707,0.9748447497735012,0.0026762769627497436,-0.8222415324746167
-1.0053509878827707,0.9724308345782794,0.0026762769627497436,-0.8758170715036994
-1.0053509878827707,0.9645775942679091,0.0026762769627497436,-0.8512147293504816
-1.0053509878827707,0.9506677573213916,0.0026762769627497436,-0.8393866525362316
-1.010383853519915,0.940303660094427,0.0026762769627497436,-0.896657947580275
-1.010198996085855,0.9476756550208515,0.002338484687695308,-0.9127410034633727
-1.002576585058993,0.9793772504122262,0.002338484687695308,-0.9012265630967851
-1.002576585058993,0.957243278167051,0.002338484687695308,-0.9012265630967851
-1.0068454576571193,0.98361042656134,0.002338484687695308,-0.9250484607073775
-1.0086809861235801,0.9876287064999721,0.002338484687695308,-0.9250484607073775
-1.0086809861235801,0.9887429113108361,0.002338484687695308,-0.9277794646922191
-1.0086809861235801,0.9534112134387668,0.002338484687695308,-0.9277794646922191
-0.9983859173216539,0.9651899985628343,0.002338484687695308,-0.9277794646922191
-0.9903759334163341,0.9723003797626195,0.002338484687695308,-0.9095258992544694
-0.9903759334163341,0.9797252943052164,0.002338484687695308,-0.9158879813092753
-0.9903759334163341,0.9815038362614908,0.002338484687695308,-0.8892170052015717
-0.9903759334163341,0.9917632437227702,0.002338484687695308,-0.8892170052015717
-1.0079048306200018,0.9935401515467026,0.002338484687695308,-0.8746209742419916
-0.9781471597575588,0.996195008123108,0.002338484687695308,-0.8704620223260574
-1.0186035781211482,0.9899626634472023,0.002338484687695308,-0.887554709042741
-1.0118450906164145,0.9814187860459399,0.002338484687695308,-0.887554709042741
-1.0212702431999645,0.9928825417186325,0.002338484687695308,-0.832342312156373
-0.9846316198434174,0.989443941291529,0.0022606797320853388,-0.838941790681352
-1.011836984990078,0.9955095793466338,0.0022606797320853388,-0.838941790681352
-1.0014346463384896,0.9664221105462462,0.0022606797320853388,-0.8638312915829319
-1.0014346463384896,0.9658691502695393,0.0022606797320853388,-0.8867667125460384
-1.0014346463384896,0.9529353653942709,0.0022606797320853388,-0.9148997289825396
-1.0014346463384896,0.945883822043409,0.0022606797320853388,-0.9191142496103835
-1.0014346463384896,0.9291070570594886,0.0017194498871686086,-0.9142519394778805
-1.0030687025237917,0.924506404442116,0.0017194498871686086,-0.9142519394778805
-1.0030687025237917,0.9209465002642683,0.0017194498871686086,-0.9195476585100535
-1.0030687025237917,0.9436151114854706,0.0017194498871686086,-0.9195476585100535
-1.0030687025237917,0.9591343768957455,0.0017194498871686086,-0.9123599482849777
-1.0030687025237917,0.9205337241163565,0.0017194498871686086,-0.9123599482849777
-1.0030687025237917,0.9275721505486505,0.0017194498871686086,-0.8834067893202063
-1.0030687025237917,0.9310521027205549,0.001410311906400732,-0.8663852208957158
-1.0030687025237917,0.9356431048166491,0.001410311906400732,-0.7409170801543343
-1.0030687025237917,0.9262908841214004,0.001410311906400732,-0.7147069111155967
-1.0030687025237917,0.9262535205830962,0.001410311906400732,-0.7007268417893077
-1.0030687025237917,0.9457571603027407,0.001410311906400732,-0.6989897175520023
-1.0030687025237917,0.9477002290668656,0.001410311906400732,-0.6743992303193398
-1.0030687025237917,0.9338039655050585,0.0012548965808235443,-0.7386120192797688
-1.0030687025237917,0.9157845715500867,0.0012548965808235443,-0.7653733530175713
-1.0030687025237917,0.923654837567041,0.0012548965808235443,-0.8095717907032485
-1.0030687025237917,0.9304852077960627,0.0012548965808235443,-0.8095717907032485
-1.0030687025237917,0.9177545705852491,0.0012548965808235443,-0.8158643803860154
-1.0047899537409448,0.9211375364164672,0.0012548965808235443,-0.8158643803860154
-1.0047899537409448,0.9324253682818122,0.0012548965808235443,-0.7424314439290893
-1.0047899537409448,0.9196809032878158,0.0012548965808235443,-0.7020249156376049
-1.0047899537409448,0.9407012167688161,0.0012548965808235443,-0.7289608513129586
-1.007409414900201,0.9343591767289654,0.0012548965808235443,-0.7528892691901652
-1.0063106331276583,0.9379133034213554,0.0012548965808235443,-0.7504010283149694
-1.0063106331276583,0.9459123935641378,0.0012548965808235443,-0.7505814794907933
-1.0063106331276583,0.9620126190050878,0.0012548965808235443,-0.7505814794907933
-1.0063106331276583,0.9861161082113876,0.0012548965808235443,-0.7528011134039873
-1.0002743652214592,0.9648663268811669,0.0012548965808235443,-0.7926545482060529
-1.000653461408549,0.9650695338916441,0.0012548965808235443,-0.7886752503814747
-1.000653461408549,0.9638700201687905,0.0012548965808235443,-0.7724171601985242
-1.000653461408549,0.9606047238019199,0.0012548965808235443,-0.7825711632388745
-1.0031963967612065,0.9695177053664161,0.0012548965808235443,-0.7236134901083859
-1.0031963967612065,0.9595870387007487,0.0012548965808235443,-0.7617130601042765
-1.0031963967612065,0.9788365546638239,0.0012548965808235443,-0.7617130601042765
-1.0031963967612065,0.9643362429248896,0.0012548965808235443,-0.7361783214221066
-1.0007997673191287,0.9900016008777048,0.0012548965808235443,-0.7165048577012336
-1.0007997673191287,0.9739757242943407,0.0012548965808235443,-0.732407917608132
-1.0053716456024158,0.984163861594687,0.0012548965808235443,-0.7421745507434403
-1.0053716456024158,0.9669177104565295,0.0012548965808235443,-0.7478413482596505
-1.0053716456024158,0.958051068845446,0.0012548965808235443,-0.7478413482596505
-1.0053716456024158,0.9616341824422984,0.0012548965808235443,-0.7515388825157026
-1.0053716456024158,0.9649428976921518,0.0012548965808235443,-0.6983274777336362
-1.003147204176358,0.9631916505137367,0.0012548965808235443,-0.7139164440690744
-1.003147204176358,0.9645102205369408,0.0012548965808235443,-0.7417086521456812
-1.003147204176358,0.9835234723526104,0.0012548965808235443,-0.7411627305174484
-1.005985848234695,0.9753800344145027,0.0012548965808235443,-0.7416388957602361
-1.005985848234695,0.9698413820096619,0.0012548965808235443,-0.8114831306420759
-1.005985848234695,0.9790760589464615,0.0012548965808235443,-0.8373543842214137
-1.005985848234695,0.9685170476961401,0.0012548965808235443,-0.7896232038400662
-1.005985848234695,0.9709469720667059,0.0012548965808235443,-0.779478806501393
-1.005985848234695,0.959649775048168,0.0012548965808235443,-0.7214655238209087
-1.005985848234695,0.9661638339805877,0.0012548965808235443,-0.7024765938339113
-1.005985848234695,0.9762024434011534,0.0012548965808235443,-0.6574052621583311
-1.0082300118656362,0.9633121532331516,0.0012548965808235443,-0.6431568915266533
-0.9985740271888981,0.9534760013329515,0.0012548965808235443,-0.6714607139063722
-0.9985740271888981,0.9627035279102151,0.0012548965808235443,-0.7596522850435463
-0.9985740271888981,0.9508333324294667,0.0012548965808235443,-0.718831413273221
-0.9985740271888981,0.969488670329061,0.0012548965808235443,-0.6342083704377922
-0.9985740271888981,0.9732601949389883,0.0012548965808235443,-0.6613903533833008
-0.9985740271888981,0.9661438291392221,0.0012548965808235443,-0.7136840717816884
-0.9985740271888981,0.9643299415806603,0.001377973140168824,-0.6408244370102915
-0.9985740271888981,0.9721505734565732,0.001377973140168824,-0.6048037541398693
-0.9985740271888981,0.9876259156849214,0.001377973140168824,-0.5972125438690072
-0.9985740271888981,0.9949172944818746,0.001377973140168824,-0.606999326089946
-0.9943668367835125,0.9885013748662342,0.001377973140168824,-0.5893054771356017
-1.0022682713077913,0.9890153351623595,0.001377973140168824,-0.5361626736777231
-1.0022682713077913,0.9894186188275705,0.001377973140168824,-0.541661566038683
-0.9869644149519747,0.9894186188275705,0.001377973140168824,-0.5487129441544828
-0.997993785180718,0.992798892584053,0.001377973140168824,-0.5176010811514877
-0.9957532749871891,0.9857433556877324,0.0012544419581259,-0.5001127608152893
-0.9957532749871891,0.9569640862909138,0.0012544419581259,-0.5481310020562472
-0.9957532749871891,0.9400359693906877,0.0012544419581259,-0.5637180148531431
-0.9957532749871891,0.9334577284701201,0.0012544419581259,-0.5395503343159859
-0.9920142285960115,0.9607684091081261,0.0012544419581259,-0.6396956076683815
-0.993506223131583,0.9883765374988628,0.0012544419581259,-0.5978341766734225
-0.9886199142200077,0.9694234848985681,0.0012544419581259,-0.5385427734835705
-0.9850801062360062,0.9920385097063588,0.0012544419581259,-0.5525056831902678
-0.991909890964574,0.9744187874026993,0.0012544419581259,-0.540859800246258
-0.991909890964574,0.9915319747863979,0.0012544419581259,-0.5285674366764892
-1.0035747609738128,0.9947816626310837,0.0012544419581259,-0.44884156829045807
-1.0035747609738128,0.9981105807878676,0.0012544419581259,-0.32738894034071636
-0.9812174841260414,0.9932984373653378,0.0012544419581259,-0.40053620646656235
-0.9328307686454103,0.999830892448098,0.0012544419581259,-0.23515349168731953
-0.9346632590235497,0.999830892448098,0.0012544419581259,-0.23296656517136807
-1.0155811675920274,0.999830892448098,0.0012544419581259,-0.21027057776866515
-1.0633862944045314,0.999830892448098,0.0012544419581259,-0.2298457926726824
-1.0594344081885168,0.999830892448098,0.0012544419581259,-0.23278012259202577
-1.0026824728112322,0.999830892448098,0.0012544419581259,-0.20428131893698226
-1.063068968995082,0.999830892448098,0.0012544419581259,-0.08594654343672863
-1.037552214550783,0.999830892448098,0.0012544419581259,-0.1892862173090934
-1.031302376411298,0.999830892448098,0.0012544419581259,-0.2951465163268481
-1.0695470473821345,0.999830892448098,0.0012544419581259,-0.3203681470473967
-1.1498267993547404,0.999830892448098,0.0012544419581259,-0.29123298076655213
-1.0632062454623257,0.999830892448098,0.0012544419581259,-0.3183225295762307
-1.0822861587129322,0.999830892448098,0.0012544419581259,-0.3319730775555505
-1.143867694095054,0.9932938689648283,0.0012544419581259,-0.3795731057374212
-1.1563516331369619,0.9851244051071311,0.0012544419581259,-0.38065508136471954
-1.1563516331369619,0.9742169420250811,0.0012544419581259,-0.3896777625566133
-1.1524236543884196,0.9898286897412141,0.0012544419581259,-0.4264461875598573
-1.136102671496282,0.9990443252303473,0.0012544419581259,-0.4516279597112078
-1.1619052191145807,0.98375176777192,0.0012544419581259,-0.4261700785957624
-1.1619052191145807,0.9889099623524461,0.0012544419581259,-0.3634873036559107
-1.1538166533754948,0.9598523516952879,0.0012544419581259,-0.3470177281334386
-1.1538166533754948,0.9521739827321878,0.0012544419581259,-0.34767001037124784
