mu,phi,sigma_h
-1.1239370384936265,0.9626857972059343,0.04532033616828624
-1.1239370384936265,0.9626857972059343,0.04532033616828624
-1.1239370384936265,0.9626857972059343,0.04532033616828624
-1.1239370384936265,0.9626857972059343,0.04532033616828624
-1.1239370384936265,0.9626857972059343,0.04532033616828624
-1.1239370384936265,0.9626857972059343,0.04532033616828624
-1.1239370384936265,0.9626857972059343,0.04532033616828624
-1.1239370384936265,0.9626857972059343,0.04532033616828624
-1.1163821987314975,0.9846171389281305,0.09099580389734871
-1.1163821987314975,0.9846171389281305,0.09099580389734871
-0.8478158059929443,0.9912662062445381,0.09575036948630643
-0.8478158059929443,0.9912662062445381,0.09575036948630643
-0.8478158059929443,0.9912662062445381,0.09575036948630643
-0.8478158059929443,0.9912662062445381,0.09575036948630643
-0.8478158059929443,0.9912662062445381,0.09575036948630643
-0.8478158059929443,0.9912662062445381,0.09575036948630643
-0.8627343371164476,0.991044666580356,0.052355294565893856
-0.8627343371164476,0.991044666580356,0.052355294565893856
-0.8627343371164476,0.991044666580356,0.052355294565893856
-0.48153067893222157,0.9783772325829494,0.0801505369023319
-0.48153067893222157,0.9783772325829494,0.0801505369023319
-0.48153067893222157,0.9783772325829494,0.0801505369023319
-0.48153067893222157,0.9783772325829494,0.0801505369023319
-0.48153067893222157,0.9783772325829494,0.0801505369023319
-0.48153067893222157,0.9783772325829494,0.0801505369023319
-0.48153067893222157,0.9783772325829494,0.0801505369023319
-0.48153067893222157,0.9783772325829494,0.0801505369023319
-0.48153067893222157,0.9783772325829494,0.0801505369023319
-0.48153067893222157,0.9783772325829494,0.0801505369023319
-0.48153067893222157,0.9783772325829494,0.0801505369023319
-0.48153067893222157,0.9783772325829494,0.0801505369023319
-0.48153067893222157,0.9783772325829494,0.0801505369023319
-0.48153067893222157,0.9783772325829494,0.0801505369023319
-0.48153067893222157,0.9783772325829494,0.0801505369023319
-0.48153067893222157,0.9783772325829494,0.0801505369023319
-0.6127442031793915,0.9927052706806457,0.02876373488120363
-0.6127442031793915,0.9927052706806457,0.02876373488120363
-0.6127442031793915,0.9927052706806457,0.02876373488120363
-0.6127442031793915,0.9927052706806457,0.02876373488120363
-0.6127442031793915,0.9927052706806457,0.02876373488120363
-0.4910762276997312,0.9977995271010784,0.07467376721461469
-0.4910762276997312,0.9977995271010784,0.07467376721461469
-0.4910762276997312,0.9977995271010784,0.07467376721461469
-0.6238332066388337,0.9879156618958141,0.07119754402786524
-0.6238332066388337,0.9879156618958141,0.07119754402786524
-0.6238332066388337,0.9879156618958141,0.07119754402786524
-0.6238332066388337,0.9879156618958141,0.07119754402786524
-0.6238332066388337,0.9879156618958141,0.07119754402786524
-0.6238332066388337,0.9879156618958141,0.07119754402786524
-0.6238332066388337,0.9879156618958141,0.07119754402786524
-0.6238332066388337,0.9879156618958141,0.07119754402786524
-0.6238332066388337,0.9879156618958141,0.07119754402786524
-0.6238332066388337,0.9879156618958141,0.07119754402786524
-0.6238332066388337,0.9879156618958141,0.07119754402786524
-0.6238332066388337,0.9879156618958141,0.07119754402786524
-0.6238332066388337,0.9879156618958141,0.07119754402786524
-0.6238332066388337,0.9879156618958141,0.07119754402786524
-0.6238332066388337,0.9879156618958141,0.07119754402786524
-0.6238332066388337,0.9879156618958141,0.07119754402786524
-0.6238332066388337,0.9879156618958141,0.07119754402786524
-0.9638394991722798,0.9808946509576283,0.07171518959995446
-0.9638394991722798,0.9808946509576283,0.07171518959995446
-0.9638394991722798,0.9808946509576283,0.07171518959995446
-0.9638394991722798,0.9808946509576283,0.07171518959995446
-0.9638394991722798,0.9808946509576283,0.07171518959995446
-0.9638394991722798,0.9808946509576283,0.07171518959995446
-1.2683620339586097,0.9805239971231868,0.10754570930895799
-1.0966361353837584,0.9536301031309532,0.14078214963139407
-1.0966361353837584,0.9536301031309532,0.14078214963139407
-1.0966361353837584,0.9536301031309532,0.14078214963139407
-1.1638462541348622,0.9280460931136969,0.1802405012603655
-1.4221015976181075,0.9486481050181522,0.12866246039472998
-1.4786475925601161,0.9879149297382143,0.0802483579382395
-1.3750767933827006,0.9744260770264597,0.10854727860851035
-1.3750767933827006,0.9744260770264597,0.10854727860851035
-1.159706313223187,0.9444359090287875,0.1261581285174269
-0.9960905839192219,0.9349428271763648,0.09692492359034235
-0.9960905839192219,0.9349428271763648,0.09692492359034235
-1.268479122372099,0.9568790494468563,0.02779214043167652
-1.268479122372099,0.9568790494468563,0.02779214043167652
-0.8747982090026116,0.9349738823391072,0.050948793034447756
-0.9714842583997078,0.959372090266268,0.04942276538373023
-0.9714842583997078,0.959372090266268,0.04942276538373023
-0.9714842583997078,0.959372090266268,0.04942276538373023
-1.0102090013284963,0.9555118574786051,0.03174290086053193
-1.0102090013284963,0.9555118574786051,0.03174290086053193
-1.0102090013284963,0.9555118574786051,0.03174290086053193
-1.0102090013284963,0.9555118574786051,0.03174290086053193
-1.0102090013284963,0.9555118574786051,0.03174290086053193
-1.0102090013284963,0.9555118574786051,0.03174290086053193
-1.0102090013284963,0.9555118574786051,0.03174290086053193
-1.0102090013284963,0.9555118574786051,0.03174290086053193
-1.0102090013284963,0.9555118574786051,0.03174290086053193
-1.0102090013284963,0.9555118574786051,0.03174290086053193
-1.0102090013284963,0.9555118574786051,0.03174290086053193
-1.0102090013284963,0.9555118574786051,0.03174290086053193
-1.0102090013284963,0.9555118574786051,0.03174290086053193
-1.0102090013284963,0.9555118574786051,0.03174290086053193
-1.0102090013284963,0.9555118574786051,0.03174290086053193
-1.0102090013284963,0.9555118574786051,0.03174290086053193
-0.9117430148607067,0.9399713138737135,0.06896985006470689
-0.9117430148607067,0.9399713138737135,0.06896985006470689
-0.9117430148607067,0.9399713138737135,0.06896985006470689
-1.039282148537674,0.9452556737684,0.06565634806560731
-1.039282148537674,0.9452556737684,0.06565634806560731
-1.039282148537674,0.9452556737684,0.06565634806560731
-1.039282148537674,0.9452556737684,0.06565634806560731
-1.039282148537674,0.9452556737684,0.06565634806560731
-1.039282148537674,0.9452556737684,0.06565634806560731
-1.039282148537674,0.9452556737684,0.06565634806560731
-1.039282148537674,0.9452556737684,0.06565634806560731
-1.039282148537674,0.9452556737684,0.06565634806560731
-1.039282148537674,0.9452556737684,0.06565634806560731
-1.039282148537674,0.9452556737684,0.06565634806560731
-1.039282148537674,0.9452556737684,0.06565634806560731
-1.039282148537674,0.9452556737684,0.06565634806560731
-1.039282148537674,0.9452556737684,0.06565634806560731
-1.039282148537674,0.9452556737684,0.06565634806560731
-1.039282148537674,0.9452556737684,0.06565634806560731
-1.039282148537674,0.9452556737684,0.06565634806560731
-1.039282148537674,0.9452556737684,0.06565634806560731
-1.1496823563766705,0.946390212436198,0.025261564294636524
-1.1496823563766705,0.946390212436198,0.025261564294636524
-1.1496823563766705,0.946390212436198,0.025261564294636524
-1.1496823563766705,0.946390212436198,0.025261564294636524
-1.1496823563766705,0.946390212436198,0.025261564294636524
-1.1496823563766705,0.946390212436198,0.025261564294636524
-1.1496823563766705,0.946390212436198,0.025261564294636524
-1.0278326626190737,0.9254685890799204,0.02262873110929977
-1.0278326626190737,0.9254685890799204,0.02262873110929977
-1.0278326626190737,0.9254685890799204,0.02262873110929977
-1.0278326626190737,0.9254685890799204,0.02262873110929977
-1.0278326626190737,0.9254685890799204,0.02262873110929977
-1.2257464725831348,0.9158241387242589,0.00608821285886732
-1.2257464725831348,0.9158241387242589,0.00608821285886732
-1.2257464725831348,0.9158241387242589,0.00608821285886732
-1.1009983009044664,0.9078403044542072,0.03471803423041328
-1.1009983009044664,0.9078403044542072,0.03471803423041328
-0.9048379051446627,0.9782216145093198,0.030262095596848747
-0.9048379051446627,0.9782216145093198,0.030262095596848747
-0.9048379051446627,0.9782216145093198,0.030262095596848747
-0.9048379051446627,0.9782216145093198,0.030262095596848747
-0.9048379051446627,0.9782216145093198,0.030262095596848747
-0.9129138674196087,0.9690543979104878,0.02289279160819838
-0.9129138674196087,0.9690543979104878,0.02289279160819838
-0.9129138674196087,0.9690543979104878,0.02289279160819838
-0.9129138674196087,0.9690543979104878,0.02289279160819838
-0.9129138674196087,0.9690543979104878,0.02289279160819838
-0.9129138674196087,0.9690543979104878,0.02289279160819838
-0.9129138674196087,0.9690543979104878,0.02289279160819838
-1.0057817968629221,0.982685908172381,0.021474264357589593
-0.8544619651865373,0.9710168062313064,0.024868941085107912
-0.8544619651865373,0.9710168062313064,0.024868941085107912
-0.8544619651865373,0.9710168062313064,0.024868941085107912
-0.9020394500625852,0.9746771980665845,0.027892424490588198
-0.9020394500625852,0.9746771980665845,0.027892424490588198
-0.9020394500625852,0.9746771980665845,0.027892424490588198
-0.9020394500625852,0.9746771980665845,0.027892424490588198
-0.9020394500625852,0.9746771980665845,0.027892424490588198
-0.9020394500625852,0.9746771980665845,0.027892424490588198
-0.8743677765131921,0.9519657130224483,0.04303628728282636
-1.006409776097508,0.9556815939966065,0.07420932054731187
-1.1007293570227081,0.9675262763004152,0.047120492118955484
-1.1054344959462783,0.9683091182433613,0.07508227137660686
-1.1054344959462783,0.9683091182433613,0.07508227137660686
-1.1054344959462783,0.9683091182433613,0.07508227137660686
-1.1054344959462783,0.9683091182433613,0.07508227137660686
-0.9570222542079343,0.9821516190165835,0.05406377606412893
-0.9570222542079343,0.9821516190165835,0.05406377606412893
-0.8494458095401718,0.9711329232212782,0.047959600805092296
-1.0381467763357608,0.9410260442124978,0.03225724289211209
-1.0381467763357608,0.9410260442124978,0.03225724289211209
-1.0381467763357608,0.9410260442124978,0.03225724289211209
-0.8341537149811966,0.9450463807073638,0.04397298543915603
-0.46201493134509547,0.989162233641883,0.045951535656885714
-0.46201493134509547,0.989162233641883,0.045951535656885714
-0.46201493134509547,0.989162233641883,0.045951535656885714
-0.8450288909218867,0.9993549917453101,0.049391524463822105
-0.8450288909218867,0.9993549917453101,0.049391524463822105
-0.7486485526627997,0.9558263180262017,0.02547603784113116
-0.9777316158257228,0.9564939059712754,0.075104879374741
-0.9777316158257228,0.9564939059712754,0.075104879374741
-0.9777316158257228,0.9564939059712754,0.075104879374741
-0.9777316158257228,0.9564939059712754,0.075104879374741
-0.9777316158257228,0.9564939059712754,0.075104879374741
-1.0138743233034084,0.9475579397588282,0.05021563820537431
-0.8978768989370646,0.9213743686364856,0.019152181005848215
-0.8978768989370646,0.9213743686364856,0.019152181005848215
-0.8978768989370646,0.9213743686364856,0.019152181005848215
-0.8978768989370646,0.9213743686364856,0.019152181005848215
-0.8978768989370646,0.9213743686364856,0.019152181005848215
-0.8978768989370646,0.9213743686364856,0.019152181005848215
-0.8978768989370646,0.9213743686364856,0.019152181005848215
-0.8978768989370646,0.9213743686364856,0.019152181005848215
-0.8978768989370646,0.9213743686364856,0.019152181005848215
-0.8978768989370646,0.9213743686364856,0.019152181005848215
-0.8978768989370646,0.9213743686364856,0.019152181005848215
-0.8615380022677124,0.9252529437908428,0.005092003290496909
-0.8615380022677124,0.9252529437908428,0.005092003290496909
-1.015930226928531,0.8741851990781363,0.006723632772177544
-1.015930226928531,0.8741851990781363,0.006723632772177544
-1.015930226928531,0.8741851990781363,0.006723632772177544
-1.015930226928531,0.8741851990781363,0.006723632772177544
-1.015930226928531,0.8741851990781363,0.006723632772177544
-1.015930226928531,0.8741851990781363,0.006723632772177544
-1.015930226928531,0.8741851990781363,0.006723632772177544
-1.015930226928531,0.8741851990781363,0.006723632772177544
-1.015930226928531,0.8741851990781363,0.006723632772177544
-1.015930226928531,0.8741851990781363,0.006723632772177544
-1.015930226928531,0.8741851990781363,0.006723632772177544
-1.015930226928531,0.8741851990781363,0.006723632772177544
-1.015930226928531,0.8741851990781363,0.006723632772177544
-1.015930226928531,0.8741851990781363,0.006723632772177544
-1.015930226928531,0.8741851990781363,0.006723632772177544
-1.015930226928531,0.8741851990781363,0.006723632772177544
-0.9472513290989385,0.8707545349984169,0.018553845570608546
-0.9472513290989385,0.8707545349984169,0.018553845570608546
-0.9472513290989385,0.8707545349984169,0.018553845570608546
-0.9472513290989385,0.8707545349984169,0.018553845570608546
-0.9472513290989385,0.8707545349984169,0.018553845570608546
-0.9472513290989385,0.8707545349984169,0.018553845570608546
-0.9472513290989385,0.8707545349984169,0.018553845570608546
-0.9472513290989385,0.8707545349984169,0.018553845570608546
-0.9389551175131453,0.8810464200169829,0.028593296605326946
-0.9389551175131453,0.8810464200169829,0.028593296605326946
-1.047720693413505,0.8496240500736337,0.005966995243971283
-1.047720693413505,0.8496240500736337,0.005966995243971283
-1.047720693413505,0.8496240500736337,0.005966995243971283
-1.047720693413505,0.8496240500736337,0.005966995243971283
-1.047720693413505,0.8496240500736337,0.005966995243971283
-1.047720693413505,0.8496240500736337,0.005966995243971283
-1.047720693413505,0.8496240500736337,0.005966995243971283
-1.047720693413505,0.8496240500736337,0.005966995243971283
-1.047720693413505,0.8496240500736337,0.005966995243971283
-1.047720693413505,0.8496240500736337,0.005966995243971283
-1.047720693413505,0.8496240500736337,0.005966995243971283
-1.047720693413505,0.8496240500736337,0.005966995243971283
-1.047720693413505,0.8496240500736337,0.005966995243971283
-1.047720693413505,0.8496240500736337,0.005966995243971283
-1.047720693413505,0.8496240500736337,0.005966995243971283
-1.047720693413505,0.8496240500736337,0.005966995243971283
-1.047720693413505,0.8496240500736337,0.005966995243971283
-1.047720693413505,0.8496240500736337,0.005966995243971283
-1.047720693413505,0.8496240500736337,0.005966995243971283
-1.047720693413505,0.8496240500736337,0.005966995243971283
-1.0223152096143242,0.8431797138776704,0.010579968773628008
-0.8980687683985812,0.8070293245173662,0.011647092728744507
-0.8980687683985812,0.8070293245173662,0.011647092728744507
-0.8980687683985812,0.8070293245173662,0.011647092728744507
-1.0813752238886296,0.7769413070333093,0.006476180289546896
-1.0813752238886296,0.7769413070333093,0.006476180289546896
-1.0813752238886296,0.7769413070333093,0.006476180289546896
-1.0813752238886296,0.7769413070333093,0.006476180289546896
-1.0813752238886296,0.7769413070333093,0.006476180289546896
-1.0813752238886296,0.7769413070333093,0.006476180289546896
-1.0813752238886296,0.7769413070333093,0.006476180289546896
-1.0813752238886296,0.7769413070333093,0.006476180289546896
-1.0813752238886296,0.7769413070333093,0.006476180289546896
-1.0813752238886296,0.7769413070333093,0.006476180289546896
-1.0813752238886296,0.7769413070333093,0.006476180289546896
-1.0813752238886296,0.7769413070333093,0.006476180289546896
-1.0813752238886296,0.7769413070333093,0.006476180289546896
-1.0813752238886296,0.7769413070333093,0.006476180289546896
-1.0813752238886296,0.7769413070333093,0.006476180289546896
-1.0813752238886296,0.7769413070333093,0.006476180289546896
-1.0813752238886296,0.7769413070333093,0.006476180289546896
-1.0813752238886296,0.7769413070333093,0.006476180289546896
-1.0813752238886296,0.7769413070333093,0.006476180289546896
-1.0813752238886296,0.7769413070333093,0.006476180289546896
-1.0813752238886296,0.7769413070333093,0.006476180289546896
-1.0813752238886296,0.7769413070333093,0.006476180289546896
-1.0813752238886296,0.7769413070333093,0.006476180289546896
-1.0813752238886296,0.7769413070333093,0.006476180289546896
-1.0813752238886296,0.7769413070333093,0.006476180289546896
-1.0813752238886296,0.7769413070333093,0.006476180289546896
-1.0017379149328554,0.8199236659889256,0.042811656341928656
-1.0017379149328554,0.8199236659889256,0.042811656341928656
-0.9025341716030439,0.8144318999163653,0.04042801135498897
-1.048358423346319,0.9011572081627561,0.027197629419721307
-1.1709175698586398,0.9409729625789691,0.016750392930506508
-1.1709175698586398,0.9409729625789691,0.016750392930506508
-1.1709175698586398,0.9409729625789691,0.016750392930506508
-1.1709175698586398,0.9409729625789691,0.016750392930506508
-1.1709175698586398,0.9409729625789691,0.016750392930506508
-1.1709175698586398,0.9409729625789691,0.016750392930506508
-1.1709175698586398,0.9409729625789691,0.016750392930506508
-1.1709175698586398,0.9409729625789691,0.016750392930506508
-0.8195703911954799,0.920430719877065,0.007139458836258961
-0.8195703911954799,0.920430719877065,0.007139458836258961
-1.0372099483669148,0.8860685775328933,0.053308631486154556
-1.0372099483669148,0.8860685775328933,0.053308631486154556
-1.0371805313097588,0.9048201167775366,0.033024302916819306
-1.0371805313097588,0.9048201167775366,0.033024302916819306
-1.0371805313097588,0.9048201167775366,0.033024302916819306
-1.0371805313097588,0.9048201167775366,0.033024302916819306
-0.9699448779378044,0.8762166466734111,0.00538427232588919
-0.9699448779378044,0.8762166466734111,0.00538427232588919
-0.9699448779378044,0.8762166466734111,0.00538427232588919
-0.9699448779378044,0.8762166466734111,0.00538427232588919
-0.9699448779378044,0.8762166466734111,0.00538427232588919
-0.9699448779378044,0.8762166466734111,0.00538427232588919
-0.9699448779378044,0.8762166466734111,0.00538427232588919
-0.9699448779378044,0.8762166466734111,0.00538427232588919
-0.9699448779378044,0.8762166466734111,0.00538427232588919
-0.9699448779378044,0.8762166466734111,0.00538427232588919
-0.9699448779378044,0.8762166466734111,0.00538427232588919
-0.9699448779378044,0.8762166466734111,0.00538427232588919
-0.9699448779378044,0.8762166466734111,0.00538427232588919
-0.9699448779378044,0.8762166466734111,0.00538427232588919
-0.9699448779378044,0.8762166466734111,0.00538427232588919
-0.9699448779378044,0.8762166466734111,0.00538427232588919
-0.9699448779378044,0.8762166466734111,0.00538427232588919
-0.9699448779378044,0.8762166466734111,0.00538427232588919
-0.9699448779378044,0.8762166466734111,0.00538427232588919
-0.9699448779378044,0.8762166466734111,0.00538427232588919
-0.9699448779378044,0.8762166466734111,0.00538427232588919
-0.9699448779378044,0.8762166466734111,0.00538427232588919
-0.8707166566872571,0.8646280728239999,0.015407612245072384
-0.8707166566872571,0.8646280728239999,0.015407612245072384
-0.8707166566872571,0.8646280728239999,0.015407612245072384
-0.8707166566872571,0.8646280728239999,0.015407612245072384
-0.8707166566872571,0.8646280728239999,0.015407612245072384
-0.8707166566872571,0.8646280728239999,0.015407612245072384
-0.8707166566872571,0.8646280728239999,0.015407612245072384
-0.8707166566872571,0.8646280728239999,0.015407612245072384
-0.8707166566872571,0.8646280728239999,0.015407612245072384
-0.8707166566872571,0.8646280728239999,0.015407612245072384
-0.8707166566872571,0.8646280728239999,0.015407612245072384
-0.8707166566872571,0.8646280728239999,0.015407612245072384
-0.8707166566872571,0.8646280728239999,0.015407612245072384
-0.8707166566872571,0.8646280728239999,0.015407612245072384
-0.8707166566872571,0.8646280728239999,0.015407612245072384
-0.8707166566872571,0.8646280728239999,0.015407612245072384
-0.8707166566872571,0.8646280728239999,0.015407612245072384
-0.8707166566872571,0.8646280728239999,0.015407612245072384
-0.8707166566872571,0.8646280728239999,0.015407612245072384
-0.8707166566872571,0.8646280728239999,0.015407612245072384
-0.9520048928614371,0.9425899121711682,0.05902987148332085
-0.8772371003048067,0.94371344446475,0.018324983978422853
-0.8772371003048067,0.94371344446475,0.018324983978422853
-0.8772371003048067,0.94371344446475,0.018324983978422853
-0.8772371003048067,0.94371344446475,0.018324983978422853
-0.8772371003048067,0.94371344446475,0.018324983978422853
-0.8772371003048067,0.94371344446475,0.018324983978422853
-1.0268523689407136,0.900980322723545,0.038988198976109265
-1.0268523689407136,0.900980322723545,0.038988198976109265
-0.9820980983844368,0.8586177115699956,0.004353010698111316
-0.9820980983844368,0.8586177115699956,0.004353010698111316
-0.9820980983844368,0.8586177115699956,0.004353010698111316
-0.9820980983844368,0.8586177115699956,0.004353010698111316
-0.9820980983844368,0.8586177115699956,0.004353010698111316
-0.9820980983844368,0.8586177115699956,0.004353010698111316
-0.9820980983844368,0.8586177115699956,0.004353010698111316
-0.9820980983844368,0.8586177115699956,0.004353010698111316
-0.9820980983844368,0.8586177115699956,0.004353010698111316
-0.9820980983844368,0.8586177115699956,0.004353010698111316
-0.9820980983844368,0.8586177115699956,0.004353010698111316
-0.9820980983844368,0.8586177115699956,0.004353010698111316
-0.9820980983844368,0.8586177115699956,0.004353010698111316
-0.9820980983844368,0.8586177115699956,0.004353010698111316
-0.9820980983844368,0.8586177115699956,0.004353010698111316
-0.9820980983844368,0.8586177115699956,0.004353010698111316
-0.9820980983844368,0.8586177115699956,0.004353010698111316
-0.9820980983844368,0.8586177115699956,0.004353010698111316
-0.9820980983844368,0.8586177115699956,0.004353010698111316
-0.9820980983844368,0.8586177115699956,0.004353010698111316
-0.9820980983844368,0.8586177115699956,0.004353010698111316
-0.9820980983844368,0.8586177115699956,0.004353010698111316
-1.1092725581412166,0.9206324669828637,0.01836267304622123
-1.1092725581412166,0.9206324669828637,0.01836267304622123
-1.192417170261031,0.961056460583702,0.0449272234457179
-1.3302132223369223,0.9682480665134646,0.0687886884245729
-1.1319846947012597,0.9575658833029389,0.05322144528319395
-1.1319846947012597,0.9575658833029389,0.05322144528319395
-1.1319846947012597,0.9575658833029389,0.05322144528319395
-1.1319846947012597,0.9575658833029389,0.05322144528319395
-1.1319846947012597,0.9575658833029389,0.05322144528319395
-1.1319846947012597,0.9575658833029389,0.05322144528319395
-1.1319846947012597,0.9575658833029389,0.05322144528319395
-1.1319846947012597,0.9575658833029389,0.05322144528319395
-1.1319846947012597,0.9575658833029389,0.05322144528319395
-1.0504254018084997,0.960458781068485,0.055968379215370546
-1.0504254018084997,0.960458781068485,0.055968379215370546
-1.1985414058642485,0.9870062055887162,0.07651300795920343
-1.1985414058642485,0.9870062055887162,0.07651300795920343
-1.1985414058642485,0.9870062055887162,0.07651300795920343
-1.1985414058642485,0.9870062055887162,0.07651300795920343
-1.1985414058642485,0.9870062055887162,0.07651300795920343
-1.1985414058642485,0.9870062055887162,0.07651300795920343
-1.1985414058642485,0.9870062055887162,0.07651300795920343
-1.1796873615067596,0.9672462017822284,0.10217367626012203
-1.2305746209430652,0.9891767573319028,0.11828497763391843
-1.2551474850514501,0.9636414917849474,0.1027953796877222
-1.356156007677406,0.9998397195600218,0.04334632685995442
-1.356156007677406,0.9998397195600218,0.04334632685995442
-1.356156007677406,0.9998397195600218,0.04334632685995442
-1.356156007677406,0.9998397195600218,0.04334632685995442
-1.356156007677406,0.9998397195600218,0.04334632685995442
-1.1269596416861911,0.9566464060304906,0.014453646963172664
-1.1269596416861911,0.9566464060304906,0.014453646963172664
-1.1269596416861911,0.9566464060304906,0.014453646963172664
-1.1269596416861911,0.9566464060304906,0.014453646963172664
-1.0912582003107243,0.9751411271085775,0.012263008868012154
-1.0912582003107243,0.9751411271085775,0.012263008868012154
-1.0912582003107243,0.9751411271085775,0.012263008868012154
-1.0912582003107243,0.9751411271085775,0.012263008868012154
-1.0912582003107243,0.9751411271085775,0.012263008868012154
-1.0912582003107243,0.9751411271085775,0.012263008868012154
-1.0912582003107243,0.9751411271085775,0.012263008868012154
-1.0912582003107243,0.9751411271085775,0.012263008868012154
-1.0912582003107243,0.9751411271085775,0.012263008868012154
-1.0912582003107243,0.9751411271085775,0.012263008868012154
-1.0912582003107243,0.9751411271085775,0.012263008868012154
-1.0912582003107243,0.9751411271085775,0.012263008868012154
-1.0912582003107243,0.9751411271085775,0.012263008868012154
-1.0912582003107243,0.9751411271085775,0.012263008868012154
-1.0912582003107243,0.9751411271085775,0.012263008868012154
-1.0912582003107243,0.9751411271085775,0.012263008868012154
-1.0912582003107243,0.9751411271085775,0.012263008868012154
-0.9134143101280181,0.9835554387928277,0.0534922352962276
-0.7754292252461914,0.9879805065677659,0.024661568182021858
-0.7754292252461914,0.9879805065677659,0.024661568182021858
-0.7754292252461914,0.9879805065677659,0.024661568182021858
-0.7754292252461914,0.9879805065677659,0.024661568182021858
-0.7754292252461914,0.9879805065677659,0.024661568182021858
-0.7754292252461914,0.9879805065677659,0.024661568182021858
-0.7754292252461914,0.9879805065677659,0.024661568182021858
-0.7754292252461914,0.9879805065677659,0.024661568182021858
-0.7754292252461914,0.9879805065677659,0.024661568182021858
-0.7754292252461914,0.9879805065677659,0.024661568182021858
-0.7754292252461914,0.9879805065677659,0.024661568182021858
-0.7754292252461914,0.9879805065677659,0.024661568182021858
-0.7754292252461914,0.9879805065677659,0.024661568182021858
-0.7754292252461914,0.9879805065677659,0.024661568182021858
-0.7754292252461914,0.9879805065677659,0.024661568182021858
-0.7754292252461914,0.9879805065677659,0.024661568182021858
-0.7754292252461914,0.9879805065677659,0.024661568182021858
-0.7754292252461914,0.9879805065677659,0.024661568182021858
-0.7754292252461914,0.9879805065677659,0.024661568182021858
-0.7754292252461914,0.9879805065677659,0.024661568182021858
-0.95886011544768,0.978695648887742,0.005210034360100112
-1.0344405622708228,0.975955136218028,0.03888347619226118
-1.0344405622708228,0.975955136218028,0.03888347619226118
-1.0344405622708228,0.975955136218028,0.03888347619226118
-1.0344405622708228,0.975955136218028,0.03888347619226118
-1.0344405622708228,0.975955136218028,0.03888347619226118
-1.0344405622708228,0.975955136218028,0.03888347619226118
-1.0344405622708228,0.975955136218028,0.03888347619226118
-1.0344405622708228,0.975955136218028,0.03888347619226118
-1.0344405622708228,0.975955136218028,0.03888347619226118
-1.0344405622708228,0.975955136218028,0.03888347619226118
-1.0344405622708228,0.975955136218028,0.03888347619226118
-1.0344405622708228,0.975955136218028,0.03888347619226118
-1.0344405622708228,0.975955136218028,0.03888347619226118
-1.0344405622708228,0.975955136218028,0.03888347619226118
-1.0344405622708228,0.975955136218028,0.03888347619226118
-1.0344405622708228,0.975955136218028,0.03888347619226118
-1.0344405622708228,0.975955136218028,0.03888347619226118
-1.0344405622708228,0.975955136218028,0.03888347619226118
-1.0344405622708228,0.975955136218028,0.03888347619226118
-1.0344405622708228,0.975955136218028,0.03888347619226118
-1.0344405622708228,0.975955136218028,0.03888347619226118
-1.0344405622708228,0.975955136218028,0.03888347619226118
-1.0344405622708228,0.975955136218028,0.03888347619226118
-1.0153982428488681,0.9807526593480922,0.03484856946309801
-1.0153982428488681,0.9807526593480922,0.03484856946309801
-1.0153982428488681,0.9807526593480922,0.03484856946309801
-1.0153982428488681,0.9807526593480922,0.03484856946309801
-1.0153982428488681,0.9807526593480922,0.03484856946309801
-1.0153982428488681,0.9807526593480922,0.03484856946309801
-1.0153982428488681,0.9807526593480922,0.03484856946309801
-1.0153982428488681,0.9807526593480922,0.03484856946309801
-1.0153982428488681,0.9807526593480922,0.03484856946309801
-1.0153982428488681,0.9807526593480922,0.03484856946309801
-1.0153982428488681,0.9807526593480922,0.03484856946309801
-1.0153982428488681,0.9807526593480922,0.03484856946309801
-1.0153982428488681,0.9807526593480922,0.03484856946309801
-1.0153982428488681,0.9807526593480922,0.03484856946309801
-1.0153982428488681,0.9807526593480922,0.03484856946309801
-1.0153982428488681,0.9807526593480922,0.03484856946309801
-1.0153982428488681,0.9807526593480922,0.03484856946309801
-1.0153982428488681,0.9807526593480922,0.03484856946309801
-1.0153982428488681,0.9807526593480922,0.03484856946309801
-1.0153982428488681,0.9807526593480922,0.03484856946309801
-1.0153982428488681,0.9807526593480922,0.03484856946309801
-1.0153982428488681,0.9807526593480922,0.03484856946309801
-1.0153982428488681,0.9807526593480922,0.03484856946309801
-1.0153982428488681,0.9807526593480922,0.03484856946309801
-1.0153982428488681,0.9807526593480922,0.03484856946309801
-1.0153982428488681,0.9807526593480922,0.03484856946309801
-1.0153982428488681,0.9807526593480922,0.03484856946309801
-1.0153982428488681,0.9807526593480922,0.03484856946309801
-1.0153982428488681,0.9807526593480922,0.03484856946309801
-1.0153982428488681,0.9807526593480922,0.03484856946309801
-1.0153982428488681,0.9807526593480922,0.03484856946309801
-1.0153982428488681,0.9807526593480922,0.03484856946309801
-1.0153982428488681,0.9807526593480922,0.03484856946309801
-1.0153982428488681,0.9807526593480922,0.03484856946309801
-1.0153982428488681,0.9807526593480922,0.03484856946309801
-1.0153982428488681,0.9807526593480922,0.03484856946309801
-1.0153982428488681,0.9807526593480922,0.03484856946309801
-1.0153982428488681,0.9807526593480922,0.03484856946309801
-1.0153982428488681,0.9807526593480922,0.03484856946309801
-1.0153982428488681,0.9807526593480922,0.03484856946309801
-1.0153982428488681,0.9807526593480922,0.03484856946309801
-1.0153982428488681,0.9807526593480922,0.03484856946309801
-1.0153982428488681,0.9807526593480922,0.03484856946309801
-1.0638127320265105,0.9421105076353272,0.05937266725227235
-1.0638127320265105,0.9421105076353272,0.05937266725227235
-1.0638127320265105,0.9421105076353272,0.05937266725227235
-1.0071286419310315,0.9548767429946552,0.03855025294914438
-1.0071286419310315,0.9548767429946552,0.03855025294914438
-1.0071286419310315,0.9548767429946552,0.03855025294914438
-0.9930359412541176,0.9491894215830938,0.02926664633441011
-0.9930359412541176,0.9491894215830938,0.02926664633441011
-0.9930359412541176,0.9491894215830938,0.02926664633441011
-0.9930359412541176,0.9491894215830938,0.02926664633441011
-1.0409731045466681,0.977453495048875,0.024413356920532855
-1.0409731045466681,0.977453495048875,0.024413356920532855
-1.0409731045466681,0.977453495048875,0.024413356920532855
-0.9941462238289478,0.9828016200843267,0.04160167354968652
-0.9941462238289478,0.9828016200843267,0.04160167354968652
-1.1062115119282134,0.9657733265105172,0.027807077600241637
-1.2341330890308346,0.999573128678738,0.013073612487670437
-1.2341330890308346,0.999573128678738,0.013073612487670437
-1.2341330890308346,0.999573128678738,0.013073612487670437
-1.2341330890308346,0.999573128678738,0.013073612487670437
-1.2341330890308346,0.999573128678738,0.013073612487670437
-1.2341330890308346,0.999573128678738,0.013073612487670437
-1.2341330890308346,0.999573128678738,0.013073612487670437
-1.155710154964805,0.9818994901485544,0.014836910955284662
-1.155710154964805,0.9818994901485544,0.014836910955284662
-1.1286548522487787,0.963255439325413,0.02043208296255639
-1.2766678232931539,0.9638131775322186,0.03825789160823232
-1.1384814555656941,0.9458821272521433,0.015022577839487739
-0.988085548944278,0.9325249526676633,0.012694721385906734
-0.988085548944278,0.9325249526676633,0.012694721385906734
-0.988085548944278,0.9325249526676633,0.012694721385906734
-0.988085548944278,0.9325249526676633,0.012694721385906734
-0.988085548944278,0.9325249526676633,0.012694721385906734
-0.988085548944278,0.9325249526676633,0.012694721385906734
-0.9843525706460698,0.9585690280854475,0.026745316577660525
-0.9843525706460698,0.9585690280854475,0.026745316577660525
-0.9166412088578146,0.9657524828430377,0.02837421549738566
-1.1052489489382298,0.9842309157053486,0.0736601838776934
-1.056076961595088,0.9792534499646994,0.06860889136174318
-1.056076961595088,0.9792534499646994,0.06860889136174318
-1.056076961595088,0.9792534499646994,0.06860889136174318
-1.1197733774746208,0.9502836902773815,0.06992568115396812
-1.1296605496912064,0.9418017156674311,0.05121419859179893
-1.0574004691639771,0.9612173959901171,0.06818937817987729
-1.0574004691639771,0.9612173959901171,0.06818937817987729
-0.9259993949357761,0.992783238391669,0.11078287195042398
-0.9259993949357761,0.992783238391669,0.11078287195042398
-0.9259993949357761,0.992783238391669,0.11078287195042398
-0.9259993949357761,0.992783238391669,0.11078287195042398
-0.6655704913525129,0.968472037992677,0.1172828716407401
-0.7171940164184069,0.9671598302599304,0.0961811979014494
-0.7171940164184069,0.9671598302599304,0.0961811979014494
-0.7171940164184069,0.9671598302599304,0.0961811979014494
-0.7171940164184069,0.9671598302599304,0.0961811979014494
-0.7171940164184069,0.9671598302599304,0.0961811979014494
-0.8984034651473622,0.9611607074034115,0.07990061904252926
-0.8984034651473622,0.9611607074034115,0.07990061904252926
-1.040658044378605,0.971803415378279,0.08808052762330278
-0.8539617580258081,0.9802249927928178,0.08477215896445893
-0.8539617580258081,0.9802249927928178,0.08477215896445893
-0.8539617580258081,0.9802249927928178,0.08477215896445893
-0.8539617580258081,0.9802249927928178,0.08477215896445893
-0.8539617580258081,0.9802249927928178,0.08477215896445893
-0.7357818820256073,0.9912582297068502,0.047973203655757087
-0.7357818820256073,0.9912582297068502,0.047973203655757087
-0.7357818820256073,0.9912582297068502,0.047973203655757087
-0.7357818820256073,0.9912582297068502,0.047973203655757087
-0.7357818820256073,0.9912582297068502,0.047973203655757087
-0.7357818820256073,0.9912582297068502,0.047973203655757087
-0.7357818820256073,0.9912582297068502,0.047973203655757087
-0.7357818820256073,0.9912582297068502,0.047973203655757087
-0.6577623761567111,0.9845407369712683,0.09521815028153416
-0.6959805740310283,0.977775223113721,0.10620576298090667
-0.6959805740310283,0.977775223113721,0.10620576298090667
-0.8200298027099984,0.9597354079967672,0.13309828064568402
-0.8200298027099984,0.9597354079967672,0.13309828064568402
-0.8200298027099984,0.9597354079967672,0.13309828064568402
-0.8200298027099984,0.9597354079967672,0.13309828064568402
-0.8200298027099984,0.9597354079967672,0.13309828064568402
-0.8200298027099984,0.9597354079967672,0.13309828064568402
-0.8200298027099984,0.9597354079967672,0.13309828064568402
-0.8200298027099984,0.9597354079967672,0.13309828064568402
-0.8200298027099984,0.9597354079967672,0.13309828064568402
-0.8200298027099984,0.9597354079967672,0.13309828064568402
-0.8200298027099984,0.9597354079967672,0.13309828064568402
-0.8200298027099984,0.9597354079967672,0.13309828064568402
-0.8200298027099984,0.9597354079967672,0.13309828064568402
-0.8200298027099984,0.9597354079967672,0.13309828064568402
-0.8200298027099984,0.9597354079967672,0.13309828064568402
-1.0667027430831213,0.9772207066665317,0.12720692453117977
-1.0667027430831213,0.9772207066665317,0.12720692453117977
-0.9716567655500479,0.9738826091035323,0.09000312659291773
-0.9716567655500479,0.9738826091035323,0.09000312659291773
-0.9716567655500479,0.9738826091035323,0.09000312659291773
-0.9641910834117559,0.9437391604140504,0.04893031158247167
-0.9641910834117559,0.9437391604140504,0.04893031158247167
-0.9641910834117559,0.9437391604140504,0.04893031158247167
-1.1927682834228253,0.9568924390798196,0.0475137911946341
-1.1927682834228253,0.9568924390798196,0.0475137911946341
-1.1384425737262724,0.9559605288520062,0.005359172536865395
-1.1384425737262724,0.9559605288520062,0.005359172536865395
-1.1384425737262724,0.9559605288520062,0.005359172536865395
-1.0871512675129023,0.9689752029885138,0.0045372752268027965
-0.9820129394111254,0.957083672080244,0.014584513441767175
-0.9820129394111254,0.957083672080244,0.014584513441767175
-0.9820129394111254,0.957083672080244,0.014584513441767175
-0.9820129394111254,0.957083672080244,0.014584513441767175
-0.9820129394111254,0.957083672080244,0.014584513441767175
-0.9820129394111254,0.957083672080244,0.014584513441767175
-0.9820129394111254,0.957083672080244,0.014584513441767175
-0.9820129394111254,0.957083672080244,0.014584513441767175
-0.9820129394111254,0.957083672080244,0.014584513441767175
-0.9820129394111254,0.957083672080244,0.014584513441767175
-0.9820129394111254,0.957083672080244,0.014584513441767175
-0.9820129394111254,0.957083672080244,0.014584513441767175
-0.9820129394111254,0.957083672080244,0.014584513441767175
-0.9820129394111254,0.957083672080244,0.014584513441767175
-0.9820129394111254,0.957083672080244,0.014584513441767175
-0.9820129394111254,0.957083672080244,0.014584513441767175
-0.9820129394111254,0.957083672080244,0.014584513441767175
-0.9038325548361987,0.9407355304074371,0.014509418059880963
-0.8694390497721032,0.9407823027247935,0.07911076185840557
-0.8892099846319342,0.916937310201583,0.11236628666831298
-0.8892099846319342,0.916937310201583,0.11236628666831298
-0.8892099846319342,0.916937310201583,0.11236628666831298
-0.8892099846319342,0.916937310201583,0.11236628666831298
-0.8892099846319342,0.916937310201583,0.11236628666831298
-0.8892099846319342,0.916937310201583,0.11236628666831298
-0.8932353199092327,0.957404631218768,0.17436545660732067
-0.8932353199092327,0.957404631218768,0.17436545660732067
-0.8932353199092327,0.957404631218768,0.17436545660732067
-1.0551724267336517,0.9495089358875172,0.22211618983381662
-1.0551724267336517,0.9495089358875172,0.22211618983381662
-1.0584721919023692,0.9563832228855903,0.21742397329220198
-1.0584721919023692,0.9563832228855903,0.21742397329220198
-1.0584721919023692,0.9563832228855903,0.21742397329220198
-1.0584721919023692,0.9563832228855903,0.21742397329220198
-1.0584721919023692,0.9563832228855903,0.21742397329220198
-0.8978274684817825,0.9327224084246395,0.17515450936047228
-0.8978274684817825,0.9327224084246395,0.17515450936047228
-0.8978274684817825,0.9327224084246395,0.17515450936047228
-1.0794334696906964,0.9440974954964252,0.1894169007271945
-1.0794334696906964,0.9440974954964252,0.1894169007271945
-1.0794334696906964,0.9440974954964252,0.1894169007271945
-1.0794334696906964,0.9440974954964252,0.1894169007271945
-1.0794334696906964,0.9440974954964252,0.1894169007271945
-1.0794334696906964,0.9440974954964252,0.1894169007271945
-0.9003552952440251,0.9510963886794457,0.14347083043388947
-0.9003552952440251,0.9510963886794457,0.14347083043388947
-0.9003552952440251,0.9510963886794457,0.14347083043388947
-1.0062292008958076,0.9071272127000567,0.0885129063198356
-1.0004564128029332,0.9331683267134369,0.07438428476358272
-0.9143335526975039,0.9275632336325066,0.07893101680764734
-0.766052218815781,0.9543239462925256,0.12880941695615605
-0.766052218815781,0.9543239462925256,0.12880941695615605
-0.766052218815781,0.9543239462925256,0.12880941695615605
-0.766052218815781,0.9543239462925256,0.12880941695615605
-0.766052218815781,0.9543239462925256,0.12880941695615605
-0.766052218815781,0.9543239462925256,0.12880941695615605
-0.766052218815781,0.9543239462925256,0.12880941695615605
-0.766052218815781,0.9543239462925256,0.12880941695615605
-0.766052218815781,0.9543239462925256,0.12880941695615605
-0.9081429310670298,0.9294520493490108,0.14463667017716808
-0.8137193991806577,0.971519890341094,0.20046516002109643
-1.041019536916548,0.9218363707160248,0.10263936404598688
-1.041019536916548,0.9218363707160248,0.10263936404598688
-1.1050831970378179,0.9132814020202246,0.15498582186652995
-1.1050831970378179,0.9132814020202246,0.15498582186652995
-1.1050831970378179,0.9132814020202246,0.15498582186652995
-1.1050831970378179,0.9132814020202246,0.15498582186652995
-0.9447243722158452,0.8904999936735329,0.1097879538056872
-0.9447243722158452,0.8904999936735329,0.1097879538056872
-0.9447243722158452,0.8904999936735329,0.1097879538056872
-0.833428445520203,0.9137455844089032,0.15751124301262992
-1.064658437376408,0.9584499746993153,0.16661923038295262
-1.0973519772784397,0.9274264311882976,0.17097924138356202
-0.9730497365921823,0.9457963847974185,0.17172283753129844
-0.731613133790197,0.9601842954332032,0.20215505764294178
-0.731613133790197,0.9601842954332032,0.20215505764294178
-0.731613133790197,0.9601842954332032,0.20215505764294178
-0.756509379322043,0.9493980601387869,0.18824196352753675
-0.756509379322043,0.9493980601387869,0.18824196352753675
-0.8105733135329783,0.9057242374577674,0.10430825754561253
-0.8105733135329783,0.9057242374577674,0.10430825754561253
-0.8105733135329783,0.9057242374577674,0.10430825754561253
-0.8603966865687223,0.9212745695556239,0.12305234384090402
-0.7769227263899064,0.9162823733655522,0.12819773176736818
-0.9604625356445291,0.8765051252189164,0.15209377477092778
-1.257030696443293,0.8910156316632465,0.16574309877759175
-1.257030696443293,0.8910156316632465,0.16574309877759175
-1.257030696443293,0.8910156316632465,0.16574309877759175
-1.257030696443293,0.8910156316632465,0.16574309877759175
-1.3072495687351837,0.9318499497255914,0.1715313193244028
-1.3072495687351837,0.9318499497255914,0.1715313193244028
-0.9690721910529653,0.8928370770991734,0.12019634318595679
-1.0293576981177353,0.8871886193013577,0.08013120797584997
-0.8888953270695963,0.7863176373640598,0.0071008773397698705
-0.8888953270695963,0.7863176373640598,0.0071008773397698705
-0.8888953270695963,0.7863176373640598,0.0071008773397698705
-0.8888953270695963,0.7863176373640598,0.0071008773397698705
-0.8888953270695963,0.7863176373640598,0.0071008773397698705
-0.8888953270695963,0.7863176373640598,0.0071008773397698705
-0.8888953270695963,0.7863176373640598,0.0071008773397698705
-0.8888953270695963,0.7863176373640598,0.0071008773397698705
-0.8888953270695963,0.7863176373640598,0.0071008773397698705
-0.9394854476480962,0.7960412156066143,0.014347033053063413
-0.9394854476480962,0.7960412156066143,0.014347033053063413
-0.9394854476480962,0.7960412156066143,0.014347033053063413
-0.9394854476480962,0.7960412156066143,0.014347033053063413
-0.8238983952915703,0.7999261354085639,0.004507941015293329
-0.8238983952915703,0.7999261354085639,0.004507941015293329
-0.8238983952915703,0.7999261354085639,0.004507941015293329
-0.8238983952915703,0.7999261354085639,0.004507941015293329
-0.8238983952915703,0.7999261354085639,0.004507941015293329
-0.8238983952915703,0.7999261354085639,0.004507941015293329
-0.8238983952915703,0.7999261354085639,0.004507941015293329
-0.8238983952915703,0.7999261354085639,0.004507941015293329
-0.8238983952915703,0.7999261354085639,0.004507941015293329
-0.8238983952915703,0.7999261354085639,0.004507941015293329
-0.8238983952915703,0.7999261354085639,0.004507941015293329
-0.8238983952915703,0.7999261354085639,0.004507941015293329
-0.8238983952915703,0.7999261354085639,0.004507941015293329
-0.8238983952915703,0.7999261354085639,0.004507941015293329
-0.8238983952915703,0.7999261354085639,0.004507941015293329
-0.8238983952915703,0.7999261354085639,0.004507941015293329
-0.8238983952915703,0.7999261354085639,0.004507941015293329
-0.8238983952915703,0.7999261354085639,0.004507941015293329
-0.8238983952915703,0.7999261354085639,0.004507941015293329
-0.8238983952915703,0.7999261354085639,0.004507941015293329
-0.8238983952915703,0.7999261354085639,0.004507941015293329
-0.8238983952915703,0.7999261354085639,0.004507941015293329
-0.8238983952915703,0.7999261354085639,0.004507941015293329
-0.8238983952915703,0.7999261354085639,0.004507941015293329
-0.8238983952915703,0.7999261354085639,0.004507941015293329
-0.90510239691455,0.8509651356205677,0.020817833600027515
-0.90510239691455,0.8509651356205677,0.020817833600027515
-0.90510239691455,0.8509651356205677,0.020817833600027515
-0.90510239691455,0.8509651356205677,0.020817833600027515
-0.90510239691455,0.8509651356205677,0.020817833600027515
-0.8347430248101029,0.8498517779876424,0.01318491811250947
-0.8347430248101029,0.8498517779876424,0.01318491811250947
-0.8347430248101029,0.8498517779876424,0.01318491811250947
-0.8347430248101029,0.8498517779876424,0.01318491811250947
-0.8347430248101029,0.8498517779876424,0.01318491811250947
-0.8191636788779343,0.82663755656606,0.02832387777406936
-0.8191636788779343,0.82663755656606,0.02832387777406936
-0.8191636788779343,0.82663755656606,0.02832387777406936
-0.7712117207492154,0.8517922302272292,0.011833673644308158
-0.7712117207492154,0.8517922302272292,0.011833673644308158
-0.7712117207492154,0.8517922302272292,0.011833673644308158
-0.7712117207492154,0.8517922302272292,0.011833673644308158
-0.7712117207492154,0.8517922302272292,0.011833673644308158
-0.7712117207492154,0.8517922302272292,0.011833673644308158
-0.8293769843613324,0.9068377326630913,0.039602388874701425
-0.9549685154727038,0.8903123559743543,0.07292012470429968
-1.109899352025805,0.8810204221894343,0.10437913538864663
-1.109899352025805,0.8810204221894343,0.10437913538864663
-1.109899352025805,0.8810204221894343,0.10437913538864663
-1.3236087542111061,0.9251011958602973,0.09043577118509223
-1.3236087542111061,0.9251011958602973,0.09043577118509223
-1.3236087542111061,0.9251011958602973,0.09043577118509223
-1.0519273039451336,0.9326591425855864,0.07558002693424501
-1.0519273039451336,0.9326591425855864,0.07558002693424501
-1.0519273039451336,0.9326591425855864,0.07558002693424501
-1.0954993184158035,0.9498157330831015,0.033988653713413246
-1.1332744312364764,0.9843017982813054,0.08732193798371235
-1.1332744312364764,0.9843017982813054,0.08732193798371235
-1.1332744312364764,0.9843017982813054,0.08732193798371235
-1.1332744312364764,0.9843017982813054,0.08732193798371235
-1.1332744312364764,0.9843017982813054,0.08732193798371235
-0.9420955215472725,0.9822897701087218,0.03986621678661845
-0.9420955215472725,0.9822897701087218,0.03986621678661845
-0.9420955215472725,0.9822897701087218,0.03986621678661845
-1.0657636478261368,0.9688259460948534,0.06954487888657418
-1.0657636478261368,0.9688259460948534,0.06954487888657418
-0.9652630148806932,0.8812445733309135,0.012409204976764253
-0.9652630148806932,0.8812445733309135,0.012409204976764253
-0.9652630148806932,0.8812445733309135,0.012409204976764253
-0.9652630148806932,0.8812445733309135,0.012409204976764253
-0.9652630148806932,0.8812445733309135,0.012409204976764253
-0.9652630148806932,0.8812445733309135,0.012409204976764253
-0.9652630148806932,0.8812445733309135,0.012409204976764253
-0.9652630148806932,0.8812445733309135,0.012409204976764253
-0.9652630148806932,0.8812445733309135,0.012409204976764253
-0.9652630148806932,0.8812445733309135,0.012409204976764253
-0.9652630148806932,0.8812445733309135,0.012409204976764253
-0.9652630148806932,0.8812445733309135,0.012409204976764253
-0.9652630148806932,0.8812445733309135,0.012409204976764253
-0.9652630148806932,0.8812445733309135,0.012409204976764253
-1.0889539095022487,0.9811163091467915,0.019516274111514548
-1.0889539095022487,0.9811163091467915,0.019516274111514548
-1.0889539095022487,0.9811163091467915,0.019516274111514548
-0.9376872044233898,0.9992644216914732,0.013325557038929185
-0.9376872044233898,0.9992644216914732,0.013325557038929185
-0.9376872044233898,0.9992644216914732,0.013325557038929185
-0.9848456165134418,0.9657154940206766,0.012488516513597428
-0.9848456165134418,0.9657154940206766,0.012488516513597428
-0.9848456165134418,0.9657154940206766,0.012488516513597428
-0.9848456165134418,0.9657154940206766,0.012488516513597428
-0.9848456165134418,0.9657154940206766,0.012488516513597428
-0.9848456165134418,0.9657154940206766,0.012488516513597428
-0.9848456165134418,0.9657154940206766,0.012488516513597428
-0.9848456165134418,0.9657154940206766,0.012488516513597428
-0.9848456165134418,0.9657154940206766,0.012488516513597428
-0.9848456165134418,0.9657154940206766,0.012488516513597428
-0.9848456165134418,0.9657154940206766,0.012488516513597428
-0.9848456165134418,0.9657154940206766,0.012488516513597428
-0.9744968601113304,0.989020044018737,0.022564165686399948
-0.9744968601113304,0.989020044018737,0.022564165686399948
-0.9744968601113304,0.989020044018737,0.022564165686399948
-0.9744968601113304,0.989020044018737,0.022564165686399948
-0.9744968601113304,0.989020044018737,0.022564165686399948
-1.0053931392449365,0.9298164588353621,0.008643749424116493
-1.0053931392449365,0.9298164588353621,0.008643749424116493
-1.0053931392449365,0.9298164588353621,0.008643749424116493
-1.0053931392449365,0.9298164588353621,0.008643749424116493
-1.0053931392449365,0.9298164588353621,0.008643749424116493
-1.0053931392449365,0.9298164588353621,0.008643749424116493
-0.9699184168115678,0.9500640878434187,0.013306338457683458
-0.9699184168115678,0.9500640878434187,0.013306338457683458
-0.9535731059839055,0.9802132040255677,0.05606185048920469
-0.9535731059839055,0.9802132040255677,0.05606185048920469
-0.9535731059839055,0.9802132040255677,0.05606185048920469
-0.9535731059839055,0.9802132040255677,0.05606185048920469
-0.9535731059839055,0.9802132040255677,0.05606185048920469
-0.909450836323511,0.9537717856840474,0.03047493320877929
-0.8996805467296394,0.9937657025150143,0.05544402838129353
-0.8996805467296394,0.9937657025150143,0.05544402838129353
-0.8996805467296394,0.9937657025150143,0.05544402838129353
-0.8996805467296394,0.9937657025150143,0.05544402838129353
-0.8996805467296394,0.9937657025150143,0.05544402838129353
-0.8996805467296394,0.9937657025150143,0.05544402838129353
-0.8996805467296394,0.9937657025150143,0.05544402838129353
-0.8996805467296394,0.9937657025150143,0.05544402838129353
-0.8996805467296394,0.9937657025150143,0.05544402838129353
-0.8996805467296394,0.9937657025150143,0.05544402838129353
-0.8996805467296394,0.9937657025150143,0.05544402838129353
-0.8996805467296394,0.9937657025150143,0.05544402838129353
-0.8996805467296394,0.9937657025150143,0.05544402838129353
-0.8996805467296394,0.9937657025150143,0.05544402838129353
-0.8996805467296394,0.9937657025150143,0.05544402838129353
-0.8996805467296394,0.9937657025150143,0.05544402838129353
-0.8996805467296394,0.9937657025150143,0.05544402838129353
-0.8996805467296394,0.9937657025150143,0.05544402838129353
-0.8996805467296394,0.9937657025150143,0.05544402838129353
-0.8996805467296394,0.9937657025150143,0.05544402838129353
-0.8996805467296394,0.9937657025150143,0.05544402838129353
-0.8996805467296394,0.9937657025150143,0.05544402838129353
-0.8996805467296394,0.9937657025150143,0.05544402838129353
-0.8996805467296394,0.9937657025150143,0.05544402838129353
-0.8996805467296394,0.9937657025150143,0.05544402838129353
-1.0189151187240777,0.9826067860717851,0.04516357342336785
-1.0189151187240777,0.9826067860717851,0.04516357342336785
-1.0189151187240777,0.9826067860717851,0.04516357342336785
-1.0189151187240777,0.9826067860717851,0.04516357342336785
-1.0012032134659088,0.9867248661742324,0.027248003821435246
-0.9152752098420983,0.9911378481711351,0.02795976889101506
-0.9152752098420983,0.9911378481711351,0.02795976889101506
-0.9152752098420983,0.9911378481711351,0.02795976889101506
-0.9152752098420983,0.9911378481711351,0.02795976889101506
-0.9152752098420983,0.9911378481711351,0.02795976889101506
-0.9152752098420983,0.9911378481711351,0.02795976889101506
-0.9326866346655789,0.9667011184795756,0.0030166691450463357
-0.9326866346655789,0.9667011184795756,0.0030166691450463357
-0.9326866346655789,0.9667011184795756,0.0030166691450463357
-0.9326866346655789,0.9667011184795756,0.0030166691450463357
-0.9326866346655789,0.9667011184795756,0.0030166691450463357
-0.9326866346655789,0.9667011184795756,0.0030166691450463357
-0.9326866346655789,0.9667011184795756,0.0030166691450463357
-0.9326866346655789,0.9667011184795756,0.0030166691450463357
-0.9326866346655789,0.9667011184795756,0.0030166691450463357
-0.9326866346655789,0.9667011184795756,0.0030166691450463357
-0.9326866346655789,0.9667011184795756,0.0030166691450463357
-0.9326866346655789,0.9667011184795756,0.0030166691450463357
-0.9326866346655789,0.9667011184795756,0.0030166691450463357
-0.9326866346655789,0.9667011184795756,0.0030166691450463357
-0.8665868924947219,0.9677228201139844,0.01798932027982733
-0.8665868924947219,0.9677228201139844,0.01798932027982733
-0.8665868924947219,0.9677228201139844,0.01798932027982733
-0.8665868924947219,0.9677228201139844,0.01798932027982733
-0.8665868924947219,0.9677228201139844,0.01798932027982733
-0.8665868924947219,0.9677228201139844,0.01798932027982733
-0.858470950886796,0.9907398080198856,0.05107332298835038
-0.858470950886796,0.9907398080198856,0.05107332298835038
-0.858470950886796,0.9907398080198856,0.05107332298835038
-0.858470950886796,0.9907398080198856,0.05107332298835038
-0.858470950886796,0.9907398080198856,0.05107332298835038
-0.858470950886796,0.9907398080198856,0.05107332298835038
-0.858470950886796,0.9907398080198856,0.05107332298835038
-0.858470950886796,0.9907398080198856,0.05107332298835038
-0.858470950886796,0.9907398080198856,0.05107332298835038
-0.858470950886796,0.9907398080198856,0.05107332298835038
-0.858470950886796,0.9907398080198856,0.05107332298835038
-0.858470950886796,0.9907398080198856,0.05107332298835038
-0.858470950886796,0.9907398080198856,0.05107332298835038
-0.858470950886796,0.9907398080198856,0.05107332298835038
-0.858470950886796,0.9907398080198856,0.05107332298835038
-0.858470950886796,0.9907398080198856,0.05107332298835038
-0.858470950886796,0.9907398080198856,0.05107332298835038
-0.858470950886796,0.9907398080198856,0.05107332298835038
-0.858470950886796,0.9907398080198856,0.05107332298835038
-0.858470950886796,0.9907398080198856,0.05107332298835038
-0.858470950886796,0.9907398080198856,0.05107332298835038
-0.858470950886796,0.9907398080198856,0.05107332298835038
-0.858470950886796,0.9907398080198856,0.05107332298835038
-0.858470950886796,0.9907398080198856,0.05107332298835038
-0.858470950886796,0.9907398080198856,0.05107332298835038
-0.961883801297957,0.9840924923434343,0.0844979015079035
-0.961883801297957,0.9840924923434343,0.0844979015079035
-0.961883801297957,0.9840924923434343,0.0844979015079035
-0.961883801297957,0.9840924923434343,0.0844979015079035
-0.961883801297957,0.9840924923434343,0.0844979015079035
-0.961883801297957,0.9840924923434343,0.0844979015079035
-0.6777851007247004,0.935119724742786,0.049860945189468216
-0.6777851007247004,0.935119724742786,0.049860945189468216
-0.6796935604768598,0.8776669984336374,0.018130335197151418
-0.6796935604768598,0.8776669984336374,0.018130335197151418
-0.6796935604768598,0.8776669984336374,0.018130335197151418
-0.6502253915262084,0.8834980256650065,0.04223266649335245
-0.7962437099471216,0.8784481752140199,0.07734525582500668
-0.9299081662531256,0.8502092321745123,0.08636956354808711
-1.0038580976545484,0.8724064079829863,0.09422958566386716
-1.1080257647431584,0.8271786565528149,0.09260762779507468
-1.1080257647431584,0.8271786565528149,0.09260762779507468
-1.1080257647431584,0.8271786565528149,0.09260762779507468
-1.1080257647431584,0.8271786565528149,0.09260762779507468
-0.9892720167193592,0.877180035851392,0.08289781621031911
-0.982758431714527,0.9117620539289167,0.08170903970698275
-0.982758431714527,0.9117620539289167,0.08170903970698275
-1.085200874653448,0.975612015242767,0.10554753432384761
-1.085200874653448,0.975612015242767,0.10554753432384761
-1.085200874653448,0.975612015242767,0.10554753432384761
-1.085200874653448,0.975612015242767,0.10554753432384761
-1.085200874653448,0.975612015242767,0.10554753432384761
-1.2418563076905245,0.9846380227399533,0.1260926057943068
-1.2418563076905245,0.9846380227399533,0.1260926057943068
-1.2418563076905245,0.9846380227399533,0.1260926057943068
-1.2418563076905245,0.9846380227399533,0.1260926057943068
-1.1201075024820075,0.8680047295615289,0.004175928399199766
-1.1201075024820075,0.8680047295615289,0.004175928399199766
-1.1201075024820075,0.8680047295615289,0.004175928399199766
-1.1201075024820075,0.8680047295615289,0.004175928399199766
-1.1201075024820075,0.8680047295615289,0.004175928399199766
-1.1201075024820075,0.8680047295615289,0.004175928399199766
-1.1201075024820075,0.8680047295615289,0.004175928399199766
-1.1201075024820075,0.8680047295615289,0.004175928399199766
-1.1201075024820075,0.8680047295615289,0.004175928399199766
-1.1201075024820075,0.8680047295615289,0.004175928399199766
-1.1201075024820075,0.8680047295615289,0.004175928399199766
-1.1201075024820075,0.8680047295615289,0.004175928399199766
-1.1201075024820075,0.8680047295615289,0.004175928399199766
-1.1201075024820075,0.8680047295615289,0.004175928399199766
-1.1201075024820075,0.8680047295615289,0.004175928399199766
-0.9667868339104111,0.8700449314368176,0.00320529616173149
-0.9667868339104111,0.8700449314368176,0.00320529616173149
-0.9667868339104111,0.8700449314368176,0.00320529616173149
-0.9071356376850049,0.8913854017375271,0.015412957735677715
-0.9071356376850049,0.8913854017375271,0.015412957735677715
-0.9071356376850049,0.8913854017375271,0.015412957735677715
-0.9071356376850049,0.8913854017375271,0.015412957735677715
-0.835142469993168,0.9437831805807364,0.03547734792977079
-0.835142469993168,0.9437831805807364,0.03547734792977079
-0.835142469993168,0.9437831805807364,0.03547734792977079
-0.7519350422667123,0.9598481158318934,0.07375131804352675
-0.7519350422667123,0.9598481158318934,0.07375131804352675
-0.6327907045780564,0.9825283405709617,0.043060367705044025
-0.6327907045780564,0.9825283405709617,0.043060367705044025
-0.6327907045780564,0.9825283405709617,0.043060367705044025
-0.6327907045780564,0.9825283405709617,0.043060367705044025
-0.6327907045780564,0.9825283405709617,0.043060367705044025
-0.6327907045780564,0.9825283405709617,0.043060367705044025
-0.702240991543084,0.9869472629801206,0.0405565924417785
-0.702240991543084,0.9869472629801206,0.0405565924417785
-0.702240991543084,0.9869472629801206,0.0405565924417785
-0.702240991543084,0.9869472629801206,0.0405565924417785
-0.7458293857389601,0.9784641726129469,0.08181325599916187
-0.7458293857389601,0.9784641726129469,0.08181325599916187
-0.7458293857389601,0.9784641726129469,0.08181325599916187
-0.7458293857389601,0.9784641726129469,0.08181325599916187
-0.7458293857389601,0.9784641726129469,0.08181325599916187
-0.7458293857389601,0.9784641726129469,0.08181325599916187
-0.7458293857389601,0.9784641726129469,0.08181325599916187
-0.6971282271848542,0.9905707515879217,0.051937575222847795
-0.6971282271848542,0.9905707515879217,0.051937575222847795
-0.6971282271848542,0.9905707515879217,0.051937575222847795
-0.6971282271848542,0.9905707515879217,0.051937575222847795
-0.6971282271848542,0.9905707515879217,0.051937575222847795
-0.6971282271848542,0.9905707515879217,0.051937575222847795
-0.6971282271848542,0.9905707515879217,0.051937575222847795
-0.6971282271848542,0.9905707515879217,0.051937575222847795
-0.8612917899418079,0.9403052544707853,0.07142423158068292
-0.8612917899418079,0.9403052544707853,0.07142423158068292
-0.8637430927108528,0.9599891956199559,0.06818098490007382
-0.9507202476151271,0.9645039987257229,0.04582904506864452
-0.9507202476151271,0.9645039987257229,0.04582904506864452
-0.9507202476151271,0.9645039987257229,0.04582904506864452
-0.8192933790958042,0.9829192851864548,0.05466153899216324
-0.8192933790958042,0.9829192851864548,0.05466153899216324
-1.0281840994915672,0.983165535054107,0.0820607615813066
-1.0281840994915672,0.983165535054107,0.0820607615813066
-1.0281840994915672,0.983165535054107,0.0820607615813066
-1.0281840994915672,0.983165535054107,0.0820607615813066
-1.0281840994915672,0.983165535054107,0.0820607615813066
-1.0281840994915672,0.983165535054107,0.0820607615813066
-1.0281840994915672,0.983165535054107,0.0820607615813066
-1.0281840994915672,0.983165535054107,0.0820607615813066
-1.0281840994915672,0.983165535054107,0.0820607615813066
-1.0281840994915672,0.983165535054107,0.0820607615813066
-1.0281840994915672,0.983165535054107,0.0820607615813066
-1.0281840994915672,0.983165535054107,0.0820607615813066
-1.0281840994915672,0.983165535054107,0.0820607615813066
-1.0281840994915672,0.983165535054107,0.0820607615813066
-1.0281840994915672,0.983165535054107,0.0820607615813066
-1.0281840994915672,0.983165535054107,0.0820607615813066
-1.0026137869203908,0.9740684433923152,0.07257355409736949
-1.0026137869203908,0.9740684433923152,0.07257355409736949
-1.0026137869203908,0.9740684433923152,0.07257355409736949
-1.0026137869203908,0.9740684433923152,0.07257355409736949
-1.0026137869203908,0.9740684433923152,0.07257355409736949
-1.0026137869203908,0.9740684433923152,0.07257355409736949
-1.0026137869203908,0.9740684433923152,0.07257355409736949
-1.0026137869203908,0.9740684433923152,0.07257355409736949
-1.0026137869203908,0.9740684433923152,0.07257355409736949
-1.0026137869203908,0.9740684433923152,0.07257355409736949
-1.0026137869203908,0.9740684433923152,0.07257355409736949
-1.0026137869203908,0.9740684433923152,0.07257355409736949
-0.9428565533094806,0.9916207884931373,0.08829475970077012
-0.9428565533094806,0.9916207884931373,0.08829475970077012
-0.9428565533094806,0.9916207884931373,0.08829475970077012
-0.7788799928797484,0.9685786000257424,0.08093319115904035
-0.7788799928797484,0.9685786000257424,0.08093319115904035
-0.7788799928797484,0.9685786000257424,0.08093319115904035
-0.7788799928797484,0.9685786000257424,0.08093319115904035
-0.8412658818731535,0.9707103367610941,0.0443286870714078
-0.8412658818731535,0.9707103367610941,0.0443286870714078
-0.8412658818731535,0.9707103367610941,0.0443286870714078
-0.8412658818731535,0.9707103367610941,0.0443286870714078
-0.8412658818731535,0.9707103367610941,0.0443286870714078
-0.8412658818731535,0.9707103367610941,0.0443286870714078
-0.8412658818731535,0.9707103367610941,0.0443286870714078
-0.8412658818731535,0.9707103367610941,0.0443286870714078
-0.7705856882961111,0.9880691638894225,0.07361854572122345
-0.7705856882961111,0.9880691638894225,0.07361854572122345
-0.7705856882961111,0.9880691638894225,0.07361854572122345
-0.7705856882961111,0.9880691638894225,0.07361854572122345
-0.7705856882961111,0.9880691638894225,0.07361854572122345
-0.7678977398806806,0.9903666869679135,0.05488210282651121
-0.7678977398806806,0.9903666869679135,0.05488210282651121
-0.7678977398806806,0.9903666869679135,0.05488210282651121
-0.7678977398806806,0.9903666869679135,0.05488210282651121
-0.7283267906698487,0.9949485306493011,0.0636302573234756
-0.7283267906698487,0.9949485306493011,0.0636302573234756
-0.7013704279350051,0.9942963010075853,0.045907430132243916
-0.7013704279350051,0.9942963010075853,0.045907430132243916
-0.7013704279350051,0.9942963010075853,0.045907430132243916
-0.7013704279350051,0.9942963010075853,0.045907430132243916
-0.7013704279350051,0.9942963010075853,0.045907430132243916
-0.7013704279350051,0.9942963010075853,0.045907430132243916
-0.7013704279350051,0.9942963010075853,0.045907430132243916
-0.7013704279350051,0.9942963010075853,0.045907430132243916
-0.7013704279350051,0.9942963010075853,0.045907430132243916
-0.7013704279350051,0.9942963010075853,0.045907430132243916
-0.7013704279350051,0.9942963010075853,0.045907430132243916
-0.7013704279350051,0.9942963010075853,0.045907430132243916
-0.7013704279350051,0.9942963010075853,0.045907430132243916
-0.7013704279350051,0.9942963010075853,0.045907430132243916
-0.7013704279350051,0.9942963010075853,0.045907430132243916
-0.7703498693835381,0.9929603730481146,0.029345799239712287
-0.7703498693835381,0.9929603730481146,0.029345799239712287
-0.7703498693835381,0.9929603730481146,0.029345799239712287
-0.7703498693835381,0.9929603730481146,0.029345799239712287
-0.7703498693835381,0.9929603730481146,0.029345799239712287
-0.7703498693835381,0.9929603730481146,0.029345799239712287
-0.7703498693835381,0.9929603730481146,0.029345799239712287
-0.7703498693835381,0.9929603730481146,0.029345799239712287
-0.6539976004203453,0.998915881579019,0.03680251475953368
-0.6539976004203453,0.998915881579019,0.03680251475953368
-0.6539976004203453,0.998915881579019,0.03680251475953368
-0.6539976004203453,0.998915881579019,0.03680251475953368
-0.8694620969312158,0.9690347559051448,0.061843989505615954
-0.8694620969312158,0.9690347559051448,0.061843989505615954
-0.8694620969312158,0.9690347559051448,0.061843989505615954
-0.8694620969312158,0.9690347559051448,0.061843989505615954
-0.8694620969312158,0.9690347559051448,0.061843989505615954
-0.8694620969312158,0.9690347559051448,0.061843989505615954
-0.8694620969312158,0.9690347559051448,0.061843989505615954
-0.8694620969312158,0.9690347559051448,0.061843989505615954
-0.8694620969312158,0.9690347559051448,0.061843989505615954
-0.8694620969312158,0.9690347559051448,0.061843989505615954
-0.8694620969312158,0.9690347559051448,0.061843989505615954
-1.08486488975515,0.9706170619836919,0.0856193003613712
-1.08486488975515,0.9706170619836919,0.0856193003613712
-1.08486488975515,0.9706170619836919,0.0856193003613712
-1.08486488975515,0.9706170619836919,0.0856193003613712
-1.08486488975515,0.9706170619836919,0.0856193003613712
-1.08486488975515,0.9706170619836919,0.0856193003613712
-0.9150861500644065,0.9627394258514991,0.062308246626464406
-0.9250855547874264,0.9763075615937901,0.056761191736119994
-0.9250855547874264,0.9763075615937901,0.056761191736119994
-0.8609137188104409,0.9289167723643179,0.008017537450064609
-0.9891556631951539,0.9461656688030144,0.013625240195370175
-0.9891556631951539,0.9461656688030144,0.013625240195370175
-0.9891556631951539,0.9461656688030144,0.013625240195370175
-1.1106636434157173,0.9537272818523456,0.017102070954569257
-1.0226345702977993,0.9891770623302105,0.04320307255579407
-1.0226345702977993,0.9891770623302105,0.04320307255579407
-1.0226345702977993,0.9891770623302105,0.04320307255579407
-1.0226345702977993,0.9891770623302105,0.04320307255579407
-1.0226345702977993,0.9891770623302105,0.04320307255579407
-1.0226345702977993,0.9891770623302105,0.04320307255579407
-1.0226345702977993,0.9891770623302105,0.04320307255579407
-1.0226345702977993,0.9891770623302105,0.04320307255579407
-1.0226345702977993,0.9891770623302105,0.04320307255579407
-1.0226345702977993,0.9891770623302105,0.04320307255579407
-1.0226345702977993,0.9891770623302105,0.04320307255579407
-1.0329830603162924,0.9805471293362908,0.039453011547030105
-1.0582203794124154,0.9939172796606163,0.018160902972400302
-1.0582203794124154,0.9939172796606163,0.018160902972400302
-1.0582203794124154,0.9939172796606163,0.018160902972400302
-1.0582203794124154,0.9939172796606163,0.018160902972400302
-0.9928731868696533,0.9435786245936167,0.008166698950390263
-0.9928731868696533,0.9435786245936167,0.008166698950390263
-0.9928731868696533,0.9435786245936167,0.008166698950390263
-0.9928731868696533,0.9435786245936167,0.008166698950390263
-0.9928731868696533,0.9435786245936167,0.008166698950390263
-0.9928731868696533,0.9435786245936167,0.008166698950390263
-0.9928731868696533,0.9435786245936167,0.008166698950390263
-0.9928731868696533,0.9435786245936167,0.008166698950390263
-0.9928731868696533,0.9435786245936167,0.008166698950390263
-0.9928731868696533,0.9435786245936167,0.008166698950390263
-0.9928731868696533,0.9435786245936167,0.008166698950390263
-0.9928731868696533,0.9435786245936167,0.008166698950390263
-0.9405272565966653,0.9734490505845241,0.06683703095210394
-0.9405272565966653,0.9734490505845241,0.06683703095210394
-0.9405272565966653,0.9734490505845241,0.06683703095210394
-0.9405272565966653,0.9734490505845241,0.06683703095210394
-0.9405272565966653,0.9734490505845241,0.06683703095210394
-1.0206012720844413,0.9829152265235375,0.03148587370726002
-1.0206012720844413,0.9829152265235375,0.03148587370726002
-1.0206012720844413,0.9829152265235375,0.03148587370726002
-1.0206012720844413,0.9829152265235375,0.03148587370726002
-1.0206012720844413,0.9829152265235375,0.03148587370726002
-1.0206012720844413,0.9829152265235375,0.03148587370726002
-1.0206012720844413,0.9829152265235375,0.03148587370726002
-1.0277290590923727,0.9619260406214462,0.0498204105691336
-1.1399725509793996,0.9280616265931705,0.07539708349411395
-1.1181187212997594,0.9353113624313149,0.1350729488809167
-1.1181187212997594,0.9353113624313149,0.1350729488809167
-1.1181187212997594,0.9353113624313149,0.1350729488809167
-1.1181187212997594,0.9353113624313149,0.1350729488809167
-1.1181187212997594,0.9353113624313149,0.1350729488809167
-0.9505446395660822,0.9178549309855707,0.18750512191815635
-0.9505446395660822,0.9178549309855707,0.18750512191815635
-0.9505446395660822,0.9178549309855707,0.18750512191815635
-0.9505446395660822,0.9178549309855707,0.18750512191815635
-0.9505446395660822,0.9178549309855707,0.18750512191815635
-0.8292469129360457,0.9509938918501355,0.17398460069200833
-0.8292469129360457,0.9509938918501355,0.17398460069200833
-0.8292469129360457,0.9509938918501355,0.17398460069200833
-0.8292469129360457,0.9509938918501355,0.17398460069200833
-0.8292469129360457,0.9509938918501355,0.17398460069200833
-0.8531356889089943,0.9534643348366793,0.19652506757433327
-0.8531356889089943,0.9534643348366793,0.19652506757433327
-0.8531356889089943,0.9534643348366793,0.19652506757433327
-1.015320575191384,0.9265326282072192,0.17252629637104056
-1.015320575191384,0.9265326282072192,0.17252629637104056
-1.015320575191384,0.9265326282072192,0.17252629637104056
-1.0966919686537397,0.8753031067887879,0.13459682033248085
-1.0966919686537397,0.8753031067887879,0.13459682033248085
-1.0966919686537397,0.8753031067887879,0.13459682033248085
-1.0966919686537397,0.8753031067887879,0.13459682033248085
-1.0966919686537397,0.8753031067887879,0.13459682033248085
-1.0966919686537397,0.8753031067887879,0.13459682033248085
-1.0966919686537397,0.8753031067887879,0.13459682033248085
-1.1891325259034413,0.8902946106327784,0.16130117564637025
-1.1891325259034413,0.8902946106327784,0.16130117564637025
-1.1123595515370757,0.9056262705530073,0.1447997456187498
-1.1123595515370757,0.9056262705530073,0.1447997456187498
-1.1123595515370757,0.9056262705530073,0.1447997456187498
-1.1123595515370757,0.9056262705530073,0.1447997456187498
-1.1140126118309523,0.9232842247619898,0.1582083405477105
-0.9973568223494582,0.9358436135885783,0.1672713392363991
-1.0319644809994695,0.9110112733305941,0.15871860791706754
-1.2244891742071304,0.9244283671368562,0.19500035543719674
-1.2244891742071304,0.9244283671368562,0.19500035543719674
-1.2244891742071304,0.9244283671368562,0.19500035543719674
-1.2244891742071304,0.9244283671368562,0.19500035543719674
-1.2244891742071304,0.9244283671368562,0.19500035543719674
-1.2244891742071304,0.9244283671368562,0.19500035543719674
-1.2244891742071304,0.9244283671368562,0.19500035543719674
-1.2244891742071304,0.9244283671368562,0.19500035543719674
-1.2244891742071304,0.9244283671368562,0.19500035543719674
-1.2244891742071304,0.9244283671368562,0.19500035543719674
-1.2244891742071304,0.9244283671368562,0.19500035543719674
-1.2244891742071304,0.9244283671368562,0.19500035543719674
-1.2244891742071304,0.9244283671368562,0.19500035543719674
-1.2244891742071304,0.9244283671368562,0.19500035543719674
-1.2244891742071304,0.9244283671368562,0.19500035543719674
-1.2244891742071304,0.9244283671368562,0.19500035543719674
-1.2244891742071304,0.9244283671368562,0.19500035543719674
-1.1119310090176764,0.896622768270359,0.1640688689895461
-1.157036580467831,0.9420719146514068,0.15188696227397264
-1.157036580467831,0.9420719146514068,0.15188696227397264
-1.0649855708779223,0.9684093248449456,0.14172857729589022
-1.0302379209067445,0.9763102193880021,0.15282603519914234
-1.0302379209067445,0.9763102193880021,0.15282603519914234
-1.0890879814783396,0.9684295535963745,0.1587045594267286
-1.0890879814783396,0.9684295535963745,0.1587045594267286
-1.0890879814783396,0.9684295535963745,0.1587045594267286
-1.0890879814783396,0.9684295535963745,0.1587045594267286
-1.0890879814783396,0.9684295535963745,0.1587045594267286
-0.9220720321755647,0.9133489701418976,0.12973261880098483
-0.9220720321755647,0.9133489701418976,0.12973261880098483
-0.969801810954438,0.8999484480455738,0.09539107777403402
-1.1085252551903768,0.8799595092248149,0.10407739055110762
-1.0341982034121011,0.9581959967469892,0.11864307540793056
-1.0341982034121011,0.9581959967469892,0.11864307540793056
-1.0649035594323224,0.9836929395619076,0.14115312590957527
-0.9831684931456584,0.9379125724868081,0.1362531540771359
-0.9831684931456584,0.9379125724868081,0.1362531540771359
-0.9831684931456584,0.9379125724868081,0.1362531540771359
-1.036837240207284,0.9136349682551105,0.09130409562976936
-0.9633034225615373,0.9395401378060145,0.07681078057279951
-0.9597988147037022,0.986020906124217,0.09330088880969903
-0.9597988147037022,0.986020906124217,0.09330088880969903
-0.9597988147037022,0.986020906124217,0.09330088880969903
-0.9597988147037022,0.986020906124217,0.09330088880969903
-0.9597988147037022,0.986020906124217,0.09330088880969903
-0.8232373134634818,0.9403335235848201,0.0719561582274081
-0.8232373134634818,0.9403335235848201,0.0719561582274081
-0.8232373134634818,0.9403335235848201,0.0719561582274081
-0.7657851065247284,0.992807574985995,0.10449245923568365
-0.914920284864378,0.9723607710027358,0.13415137821094622
-0.914920284864378,0.9723607710027358,0.13415137821094622
-0.914920284864378,0.9723607710027358,0.13415137821094622
-1.1449825044008746,0.9095468177710487,0.1430120661775936
-1.1449825044008746,0.9095468177710487,0.1430120661775936
-1.0694025127186813,0.9709656765687482,0.15987601031576334
-1.0694025127186813,0.9709656765687482,0.15987601031576334
-1.0694025127186813,0.9709656765687482,0.15987601031576334
-1.0867531482456565,0.9843611128784712,0.14580994006803674
-1.1990937819555838,0.9457663809480162,0.15428466064055543
-1.1990937819555838,0.9457663809480162,0.15428466064055543
-1.1990937819555838,0.9457663809480162,0.15428466064055543
-1.1990937819555838,0.9457663809480162,0.15428466064055543
-0.8213526211201486,0.9467188682168606,0.14205580298491088
-0.8945469190813528,0.9509932112442518,0.16674003918044494
-0.8945469190813528,0.9509932112442518,0.16674003918044494
-0.9793110808866955,0.9198233952283928,0.15779016770218546
-0.891372636960491,0.9253234964792607,0.11081654856119369
-0.8084952005940034,0.9169933131404261,0.08588773870916142
-0.8084952005940034,0.9169933131404261,0.08588773870916142
-0.8084952005940034,0.9169933131404261,0.08588773870916142
-0.9703223457473098,0.921986148946445,0.2130044395307297
-0.9703223457473098,0.921986148946445,0.2130044395307297
-0.9703223457473098,0.921986148946445,0.2130044395307297
-0.9703223457473098,0.921986148946445,0.2130044395307297
-0.9703223457473098,0.921986148946445,0.2130044395307297
-0.9945300828325087,0.9216350885376988,0.25797393694631654
-0.9945300828325087,0.9216350885376988,0.25797393694631654
-0.9681869223273146,0.9092147798564361,0.2211500955234831
-0.9681869223273146,0.9092147798564361,0.2211500955234831
-0.9681869223273146,0.9092147798564361,0.2211500955234831
-0.9681869223273146,0.9092147798564361,0.2211500955234831
-0.9681869223273146,0.9092147798564361,0.2211500955234831
-0.9455490382970303,0.848575617390636,0.2080745598098009
-1.1005089258997862,0.8769543505985704,0.24705043268394455
-1.1005089258997862,0.8769543505985704,0.24705043268394455
-0.9839809555262911,0.9435920127548908,0.22060589216585028
-0.9839809555262911,0.9435920127548908,0.22060589216585028
-1.0767010060637379,0.9263869347725956,0.19210457180075696
-1.0767010060637379,0.9263869347725956,0.19210457180075696
-1.0767010060637379,0.9263869347725956,0.19210457180075696
-1.1189153559543374,0.918555405148073,0.1750420151599282
-1.1189153559543374,0.918555405148073,0.1750420151599282
-1.1189153559543374,0.918555405148073,0.1750420151599282
-1.107985374123359,0.9946013491442057,0.1279720461341736
-1.2201965580446668,0.9872233814695558,0.07922533386268338
-1.2201965580446668,0.9872233814695558,0.07922533386268338
-1.2201965580446668,0.9872233814695558,0.07922533386268338
-1.2201965580446668,0.9872233814695558,0.07922533386268338
-1.2201965580446668,0.9872233814695558,0.07922533386268338
-1.2201965580446668,0.9872233814695558,0.07922533386268338
-1.2201965580446668,0.9872233814695558,0.07922533386268338
-1.2201965580446668,0.9872233814695558,0.07922533386268338
-1.2201965580446668,0.9872233814695558,0.07922533386268338
-1.2201965580446668,0.9872233814695558,0.07922533386268338
-1.2201965580446668,0.9872233814695558,0.07922533386268338
-1.2201965580446668,0.9872233814695558,0.07922533386268338
-1.2201965580446668,0.9872233814695558,0.07922533386268338
-1.2201965580446668,0.9872233814695558,0.07922533386268338
-1.2201965580446668,0.9872233814695558,0.07922533386268338
-1.2201965580446668,0.9872233814695558,0.07922533386268338
-1.2201965580446668,0.9872233814695558,0.07922533386268338
-1.2201965580446668,0.9872233814695558,0.07922533386268338
-1.2201965580446668,0.9872233814695558,0.07922533386268338
-1.2201965580446668,0.9872233814695558,0.07922533386268338
-1.2201965580446668,0.9872233814695558,0.07922533386268338
-1.2201965580446668,0.9872233814695558,0.07922533386268338
-1.2201965580446668,0.9872233814695558,0.07922533386268338
-1.2201965580446668,0.9872233814695558,0.07922533386268338
-1.2201965580446668,0.9872233814695558,0.07922533386268338
-1.2201965580446668,0.9872233814695558,0.07922533386268338
-1.3211165128042521,0.9821668325862971,0.07152642467275577
-1.3211165128042521,0.9821668325862971,0.07152642467275577
-1.3211165128042521,0.9821668325862971,0.07152642467275577
-1.3211165128042521,0.9821668325862971,0.07152642467275577
-1.3211165128042521,0.9821668325862971,0.07152642467275577
-1.3211165128042521,0.9821668325862971,0.07152642467275577
-1.3211165128042521,0.9821668325862971,0.07152642467275577
-1.3211165128042521,0.9821668325862971,0.07152642467275577
-1.188748090554615,0.9663198466932608,0.044375993344531045
-1.188748090554615,0.9663198466932608,0.044375993344531045
-1.188748090554615,0.9663198466932608,0.044375993344531045
-1.188748090554615,0.9663198466932608,0.044375993344531045
-1.188748090554615,0.9663198466932608,0.044375993344531045
-1.188748090554615,0.9663198466932608,0.044375993344531045
-1.0980089400515258,0.8928906301615318,0.050799808794624035
-1.1387885376075106,0.9506357423834272,0.10610562952206538
-1.1387885376075106,0.9506357423834272,0.10610562952206538
-1.1387885376075106,0.9506357423834272,0.10610562952206538
-1.0986636839899444,0.9465054529492996,0.13808707706197626
-1.0986636839899444,0.9465054529492996,0.13808707706197626
-1.0986636839899444,0.9465054529492996,0.13808707706197626
-1.0986636839899444,0.9465054529492996,0.13808707706197626
-1.0986636839899444,0.9465054529492996,0.13808707706197626
-1.180316116781285,0.960022924077081,0.11726073655359961
-1.180316116781285,0.960022924077081,0.11726073655359961
-1.180316116781285,0.960022924077081,0.11726073655359961
-1.020091344337301,0.9396166879743555,0.007980909592073218
-1.020091344337301,0.9396166879743555,0.007980909592073218
-1.020091344337301,0.9396166879743555,0.007980909592073218
-1.020091344337301,0.9396166879743555,0.007980909592073218
-1.020091344337301,0.9396166879743555,0.007980909592073218
-1.020091344337301,0.9396166879743555,0.007980909592073218
-1.020091344337301,0.9396166879743555,0.007980909592073218
-0.9804961757089473,0.9888111024978211,0.032370468090421024
-0.9804961757089473,0.9888111024978211,0.032370468090421024
-0.9804961757089473,0.9888111024978211,0.032370468090421024
-0.9804961757089473,0.9888111024978211,0.032370468090421024
-0.9804961757089473,0.9888111024978211,0.032370468090421024
-0.8115491155575454,0.9866403694005687,0.07547756571771802
-0.8115491155575454,0.9866403694005687,0.07547756571771802
-0.8115491155575454,0.9866403694005687,0.07547756571771802
-0.8115491155575454,0.9866403694005687,0.07547756571771802
-0.8115491155575454,0.9866403694005687,0.07547756571771802
-0.8115491155575454,0.9866403694005687,0.07547756571771802
-0.8115491155575454,0.9866403694005687,0.07547756571771802
-0.8115491155575454,0.9866403694005687,0.07547756571771802
-1.022926055724796,0.9806505712272121,0.13231421787142505
-1.022926055724796,0.9806505712272121,0.13231421787142505
-1.022926055724796,0.9806505712272121,0.13231421787142505
-1.1103163415462258,0.936094041423801,0.022185437088292098
-1.1103163415462258,0.936094041423801,0.022185437088292098
-1.1103163415462258,0.936094041423801,0.022185437088292098
-1.1103163415462258,0.936094041423801,0.022185437088292098
-0.9941163523367899,0.9886443708174111,0.05540219638260697
-0.9941163523367899,0.9886443708174111,0.05540219638260697
-0.9941163523367899,0.9886443708174111,0.05540219638260697
-0.9941163523367899,0.9886443708174111,0.05540219638260697
-0.9941163523367899,0.9886443708174111,0.05540219638260697
-0.9941163523367899,0.9886443708174111,0.05540219638260697
-0.9120771734265751,0.992312619924011,0.02940603785730891
-0.9120771734265751,0.992312619924011,0.02940603785730891
-0.9120771734265751,0.992312619924011,0.02940603785730891
-0.8986602206775675,0.9661711050765552,0.033927603848693394
-0.8986602206775675,0.9661711050765552,0.033927603848693394
-0.8587158339543016,0.8557348212033927,0.024949858466666634
-0.8587158339543016,0.8557348212033927,0.024949858466666634
-0.8390281336458281,0.9250710482719082,0.0793136020392774
-1.0701881789573842,0.8980707431399053,0.1052109114880147
-0.9965849841419231,0.8831828024563025,0.05178264186598589
-0.9965849841419231,0.8831828024563025,0.05178264186598589
-0.9965849841419231,0.8831828024563025,0.05178264186598589
-1.0707108160617744,0.9288157968402007,0.022536693333981048
-1.100064926446927,0.9583433652319118,0.03374063194390572
-1.100064926446927,0.9583433652319118,0.03374063194390572
-1.0261951266897325,0.9762699531261907,0.08669604401903305
-1.0261951266897325,0.9762699531261907,0.08669604401903305
-1.0261951266897325,0.9762699531261907,0.08669604401903305
-1.0261951266897325,0.9762699531261907,0.08669604401903305
-0.9802909207272682,0.9956141230563846,0.11100566579778934
-0.9802909207272682,0.9956141230563846,0.11100566579778934
-0.9802909207272682,0.9956141230563846,0.11100566579778934
-0.9802909207272682,0.9956141230563846,0.11100566579778934
-0.9802909207272682,0.9956141230563846,0.11100566579778934
-0.8746488369568973,0.9597468070810868,0.13564758391041606
-0.8843967031937814,0.9496617878721592,0.1329235798932472
-0.8807467415980847,0.9389187421010624,0.14143016137640663
-0.8807467415980847,0.9389187421010624,0.14143016137640663
-0.8807467415980847,0.9389187421010624,0.14143016137640663
-0.8807467415980847,0.9389187421010624,0.14143016137640663
-0.9688803720976594,0.917555864689178,0.14281044558307027
-0.9688803720976594,0.917555864689178,0.14281044558307027
-1.0015174557236106,0.8993160938530997,0.05577010822030434
-1.1448727206319607,0.9295405555506767,0.12014720312423655
-1.1249782935361576,0.9745059290123061,0.06464348666374549
-1.1249782935361576,0.9745059290123061,0.06464348666374549
-1.1249782935361576,0.9745059290123061,0.06464348666374549
-1.1249782935361576,0.9745059290123061,0.06464348666374549
-0.9596291530160114,0.9475159519017409,0.09290061638103188
-0.9596291530160114,0.9475159519017409,0.09290061638103188
-1.111248545149005,0.9269645264780416,0.07106424150713611
-1.111248545149005,0.9269645264780416,0.07106424150713611
-1.111248545149005,0.9269645264780416,0.07106424150713611
-0.8158131181949067,0.9619402870279852,0.07193038955211309
-0.9416736562333823,0.9631087576236369,0.13945754811761013
-0.9416736562333823,0.9631087576236369,0.13945754811761013
-0.9416736562333823,0.9631087576236369,0.13945754811761013
-0.9416736562333823,0.9631087576236369,0.13945754811761013
-0.9960798631629049,0.9575267957025401,0.16996602461506094
-1.0236365282054831,0.9239548923258111,0.1381543906270899
-1.0236365282054831,0.9239548923258111,0.1381543906270899
-1.0236365282054831,0.9239548923258111,0.1381543906270899
-1.0236365282054831,0.9239548923258111,0.1381543906270899
-1.0236365282054831,0.9239548923258111,0.1381543906270899
-1.0236365282054831,0.9239548923258111,0.1381543906270899
-1.0236365282054831,0.9239548923258111,0.1381543906270899
-1.0236365282054831,0.9239548923258111,0.1381543906270899
-1.0236365282054831,0.9239548923258111,0.1381543906270899
-1.28075425316319,0.8993306157485683,0.1334663084217797
-1.28075425316319,0.8993306157485683,0.1334663084217797
-1.28075425316319,0.8993306157485683,0.1334663084217797
-1.28075425316319,0.8993306157485683,0.1334663084217797
-1.468684398190345,0.9535893827445601,0.1292405016999799
-1.468684398190345,0.9535893827445601,0.1292405016999799
-1.468684398190345,0.9535893827445601,0.1292405016999799
-1.5357906088765862,0.9661254876906602,0.10990347824332934
-1.5357906088765862,0.9661254876906602,0.10990347824332934
-1.5357906088765862,0.9661254876906602,0.10990347824332934
-1.5357906088765862,0.9661254876906602,0.10990347824332934
-1.5357906088765862,0.9661254876906602,0.10990347824332934
-1.5357906088765862,0.9661254876906602,0.10990347824332934
-1.5357906088765862,0.9661254876906602,0.10990347824332934
-1.7769130937711952,0.9834823292604055,0.10454066034843924
-1.7769130937711952,0.9834823292604055,0.10454066034843924
-1.7769130937711952,0.9834823292604055,0.10454066034843924
-1.7769130937711952,0.9834823292604055,0.10454066034843924
-1.7769130937711952,0.9834823292604055,0.10454066034843924
-1.7769130937711952,0.9834823292604055,0.10454066034843924
-1.7769130937711952,0.9834823292604055,0.10454066034843924
-1.7769130937711952,0.9834823292604055,0.10454066034843924
-1.8428193249267728,0.9865340102459391,0.08757044183240534
-1.8428193249267728,0.9865340102459391,0.08757044183240534
-1.8428193249267728,0.9865340102459391,0.08757044183240534
-1.8428193249267728,0.9865340102459391,0.08757044183240534
-1.8428193249267728,0.9865340102459391,0.08757044183240534
-1.8428193249267728,0.9865340102459391,0.08757044183240534
-1.8428193249267728,0.9865340102459391,0.08757044183240534
-1.8428193249267728,0.9865340102459391,0.08757044183240534
-1.8428193249267728,0.9865340102459391,0.08757044183240534
-1.8428193249267728,0.9865340102459391,0.08757044183240534
-1.8428193249267728,0.9865340102459391,0.08757044183240534
-1.8428193249267728,0.9865340102459391,0.08757044183240534
-1.8428193249267728,0.9865340102459391,0.08757044183240534
-1.8428193249267728,0.9865340102459391,0.08757044183240534
-1.8428193249267728,0.9865340102459391,0.08757044183240534
-1.8428193249267728,0.9865340102459391,0.08757044183240534
-1.8428193249267728,0.9865340102459391,0.08757044183240534
-1.680103899429265,0.9902104204542221,0.10188268399030134
-1.680103899429265,0.9902104204542221,0.10188268399030134
-1.680103899429265,0.9902104204542221,0.10188268399030134
-1.7138183922275423,0.9989498468967078,0.03788855071568313
-1.7711627436731088,0.9960504324704834,0.04454869910268999
-1.7711627436731088,0.9960504324704834,0.04454869910268999
-1.7711627436731088,0.9960504324704834,0.04454869910268999
-1.7493194589138088,0.9837528667177636,0.06576280915504201
-1.7493194589138088,0.9837528667177636,0.06576280915504201
-1.7493194589138088,0.9837528667177636,0.06576280915504201
-1.7493194589138088,0.9837528667177636,0.06576280915504201
-1.7493194589138088,0.9837528667177636,0.06576280915504201
-1.7493194589138088,0.9837528667177636,0.06576280915504201
-1.7493194589138088,0.9837528667177636,0.06576280915504201
-1.7493194589138088,0.9837528667177636,0.06576280915504201
-1.7493194589138088,0.9837528667177636,0.06576280915504201
-1.7493194589138088,0.9837528667177636,0.06576280915504201
-1.7493194589138088,0.9837528667177636,0.06576280915504201
-1.7493194589138088,0.9837528667177636,0.06576280915504201
-1.7493194589138088,0.9837528667177636,0.06576280915504201
-1.7493194589138088,0.9837528667177636,0.06576280915504201
-1.7493194589138088,0.9837528667177636,0.06576280915504201
-1.7493194589138088,0.9837528667177636,0.06576280915504201
-1.7493194589138088,0.9837528667177636,0.06576280915504201
-1.7493194589138088,0.9837528667177636,0.06576280915504201
-1.7493194589138088,0.9837528667177636,0.06576280915504201
-1.7493194589138088,0.9837528667177636,0.06576280915504201
-1.7493194589138088,0.9837528667177636,0.06576280915504201
-1.7493194589138088,0.9837528667177636,0.06576280915504201
-1.4019963452791435,0.9625287054662471,0.09654721134642157
-1.4019963452791435,0.9625287054662471,0.09654721134642157
-1.4019963452791435,0.9625287054662471,0.09654721134642157
-1.3269158917006942,0.9486527414900134,0.12943693905114978
-1.3269158917006942,0.9486527414900134,0.12943693905114978
