section,date,t,return,h_mean,h_q05,h_q95,vol_mean,vol_q05,vol_q95,ess,parameter,post_mean,post_std,ci_low,ci_high
filtered,2014-01-02,0.0,-0.01236493,-1.2052763238670923,-2.2283659444050903,-0.1800079893291977,0.5473656902852276,0.328183304274841,0.9139275344299685,909.7711298315821,,,,,
filtered,2014-01-03,1.0,0.01225974,-1.3443687257253112,-2.344037220621429,-0.3630976786384351,0.5105920404779967,0.30974106327215356,0.833977513414831,912.6572315509712,,,,,
filtered,2014-01-06,2.0,-0.01438896,-1.512486880581147,-2.487666462936571,-0.5439173086475004,0.4694265477966181,0.28827706459162517,0.7618857611206566,909.7526337651616,,,,,
filtered,2014-01-07,3.0,-0.00329368,-1.6539374808667455,-2.582313257012336,-0.7083760295494858,0.43737307024492367,0.274952581111329,0.7017430168962157,913.9585240286781,,,,,
filtered,2014-01-08,4.0,-0.00937955,-1.7824780585280517,-2.686418441519327,-0.8268991863576642,0.41014725334512164,0.2610066949707083,0.6613648708410085,919.7920503184266,,,,,
filtered,2014-01-09,5.0,0.0095999,-1.937227812566704,-2.851872268987432,-0.924689636843275,0.37960884704665354,0.2402834202915553,0.6298051340834999,920.8891263524941,,,,,
filtered,2014-01-10,6.0,0.01381181,-2.0434644950684526,-2.8699733843885142,-1.0825965581643973,0.35997084118014,0.23811853282878068,0.5819921734146928,930.6018290956879,,,,,
filtered,2014-01-13,7.0,-0.01027692,-2.1336703974153224,-2.9201779562957233,-1.2268805282109132,0.34409579081252983,0.23221561169545998,0.541484810290945,939.0518961285962,,,,,
filtered,2014-01-14,8.0,-0.01174209,-2.2308810226455984,-2.9530747516446243,-1.364316805728247,0.32777086031766006,0.2284272783851616,0.505524688038708,946.3169102177992,,,,,
filtered,2014-01-15,9.0,-0.00035931,-2.3153485386025228,-3.032210427247175,-1.5178631077068583,0.31421611380179476,0.21956538404538425,0.4681663704354815,949.632823257059,,,,,
filtered,2014-01-16,10.0,-0.00856227,-2.368948561028317,-3.084632896670985,-1.5843197137316472,0.30590695848161487,0.2138850734148523,0.4528656133123528,953.8411398647085,,,,,
filtered,2014-01-17,11.0,-0.00185742,-2.402095168886458,-3.1258538430782212,-1.6652268792433977,0.30087885075397464,0.20952191863445746,0.43491118566609777,954.2924265118702,,,,,
filtered,2014-01-20,12.0,-0.00446963,-2.45605642465846,-3.134846283955728,-1.7400781514430295,0.29286948516440425,0.20858197657835673,0.41893517873341934,952.9688532663051,,,,,
filtered,2014-01-21,13.0,0.00539035,-2.507496282153649,-3.2402937410469552,-1.7874980138645413,0.2854329464404937,0.19786963573241179,0.4091190837796456,953.5685141872261,,,,,
filtered,2014-01-22,14.0,0.00642369,-2.56937483469914,-3.3129354071619224,-1.8242887294896541,0.2767370733215321,0.1908117949311939,0.401661990081125,951.1600267054736,,,,,
filtered,2014-01-23,15.0,-0.00623659,-2.6230748722572006,-3.462287297725114,-1.8225944219813488,0.2694055440065819,0.1770817747499222,0.40200240371490786,945.957572755606,,,,,
filtered,2014-01-24,16.0,-0.01229862,-2.706050776706232,-3.539648924234558,-1.9223851484251675,0.2584571433949007,0.17036289134206084,0.38243652996640726,945.526372276858,,,,,
filtered,2014-01-27,17.0,0.01831653,-2.7647287291284792,-3.584413011296143,-1.9838339266894036,0.2509844322796112,0.16659217724764602,0.3708650744150041,943.8866287225916,,,,,
filtered,2014-01-28,18.0,-0.01292003,-2.8247273035719846,-3.5997145249832334,-2.0102478732419753,0.24356689490507927,0.1653224842570094,0.3659992712800061,942.420537022859,,,,,
filtered,2014-01-29,19.0,0.0099755,-2.8872999243090938,-3.6519195472184793,-2.0258812551605323,0.23606455761349945,0.1610629859199035,0.36314952040615794,938.9272845447442,,,,,
filtered,2014-01-30,20.0,0.00869694,-2.9681162349868337,-3.685970626585961,-2.1172620759056535,0.2267157797703472,0.15834401332792944,0.3469304199725954,941.9558955207659,,,,,
filtered,2014-01-31,21.0,0.00372591,-3.030260460074997,-3.7551526265116757,-2.2019535683837033,0.2197795610834839,0.1529603849125782,0.3325460992312828,946.286674304044,,,,,
filtered,2014-02-03,22.0,0.00353137,-3.0667607811198385,-3.7624131102766976,-2.2846329287580076,0.21580492797835446,0.15240610840451876,0.3190790298579449,951.3766118992561,,,,,
filtered,2014-02-04,23.0,0.00376141,-3.1099401061660332,-3.8123223063485954,-2.296544009466856,0.21119570720658104,0.14864993702648222,0.31718438922374803,950.470369722352,,,,,
filtered,2014-02-05,24.0,0.00138246,-3.1457044194478208,-3.8160516068380055,-2.3764776841221638,0.20745263929513028,0.1483730151464923,0.30475751783628746,951.8665750963506,,,,,
filtered,2014-02-06,25.0,0.01051366,-3.215904568092811,-3.923259628865593,-2.487649437680682,0.20029734649604747,0.1406290348128183,0.2882795185974659,952.9078931729833,,,,,
filtered,2014-02-07,26.0,-0.00440351,-3.263307357276423,-3.950060334308777,-2.5094889797873345,0.19560583732767212,0.1387571262721654,0.28514869729118636,951.4511934595689,,,,,
filtered,2014-02-10,27.0,-0.00878737,-3.2992517475318754,-3.996578608476069,-2.523839357194526,0.19212177297214975,0.1355669988730593,0.28311002425786314,952.1577693078859,,,,,
filtered,2014-02-11,28.0,0.02111269,-3.342884479135973,-4.037840156192599,-2.548026155243496,0.18797576396015997,0.132798800003839,0.27970688102698754,952.6936194945152,,,,,
filtered,2014-02-12,29.0,0.01304037,-3.374572529882536,-4.032592432696794,-2.5908601569745495,0.18502094114320145,0.13314770323208056,0.27378009207975734,955.0594730381396,,,,,
filtered,2014-02-13,30.0,-0.00366968,-3.4000887694290056,-4.141002854591848,-2.643512744967032,0.18267541587661607,0.12612252457048667,0.2666665246663854,953.2287283914067,,,,,
filtered,2014-02-14,31.0,0.00730809,-3.435374285693353,-4.128570757779223,-2.664021263597656,0.17948078164206968,0.1269089499853269,0.26394602914328585,951.9706217485467,,,,,
filtered,2014-02-17,32.0,0.01018317,-3.453028860490522,-4.136151831871272,-2.7197158609923884,0.17790342533115455,0.12642880748280436,0.25669724321309445,951.2629387593391,,,,,
filtered,2014-02-18,33.0,-0.0053276,-3.47581894790119,-4.230568745666482,-2.770239356858216,0.17588771439242407,0.12059898960004344,0.25029384322518183,949.4478417635992,,,,,
filtered,2014-02-19,34.0,-0.00214703,-3.511599055535291,-4.342259670581586,-2.7398717527188436,0.17276905340056636,0.11404868785784414,0.25412325433857796,941.9616783057327,,,,,
filtered,2014-02-20,35.0,-0.01309023,-3.5745108472707647,-4.417392698417105,-2.739841738839734,0.16741903400861408,0.10984375311171375,0.2541270679795108,939.5963919593668,,,,,
filtered,2014-02-21,36.0,0.00585201,-3.6410173629622333,-4.447279113737337,-2.7953340976518994,0.1619433523939991,0.10821453826348508,0.24717293421217654,939.4821206003112,,,,,
filtered,2014-02-24,37.0,0.00807632,-3.6751653956584356,-4.4309937975971465,-2.8417360164384364,0.15920180020280583,0.10909928947160288,0.24150429817562402,942.7132328389317,,,,,
filtered,2014-02-25,38.0,0.00203982,-3.7064060162009023,-4.463151271455842,-2.839842070365859,0.1567343401043292,0.10735913790597278,0.24173310455378086,938.8537351276498,,,,,
filtered,2014-02-26,39.0,-0.0032255,-3.7665074654023325,-4.5202339981718165,-2.849052987921263,0.15209442518325902,0.10433827655762251,0.24062237238440365,939.871689430258,,,,,
filtered,2014-02-27,40.0,-0.00744934,-3.811973615482411,-4.613245137763266,-2.9621570703585993,0.14867585572346978,0.0995970663759956,0.22739230547959022,942.9380898671642,,,,,
filtered,2014-02-28,41.0,-0.00406822,-3.850465367336212,-4.692869760674027,-3.081361530792259,0.14584181789870804,0.0957097714866476,0.21423520785682382,941.6518315795665,,,,,
filtered,2014-03-03,42.0,0.00548353,-3.9129741364092374,-4.725929442278984,-3.095468857045624,0.14135411711022836,0.0941407081114719,0.21272938190863064,939.5192611658546,,,,,
filtered,2014-03-04,43.0,0.00042941,-3.9727356790520667,-4.758333473844655,-3.1333653992831887,0.13719282794280882,0.09262772862852497,0.2087364766965536,936.7469830180264,,,,,
filtered,2014-03-05,44.0,0.00506703,-4.013791164177055,-4.787780940272158,-3.1366672777431464,0.13440527783095926,0.09127389387275767,0.2083921497680729,940.4132232297076,,,,,
filtered,2014-03-06,45.0,-0.0007951,-4.048953386073118,-4.770502564210619,-3.17031038376994,0.1320629345615235,0.09206584217374641,0.20491598935037014,941.1098026930216,,,,,
filtered,2014-03-07,46.0,-0.00056417,-4.07002371369069,-4.782884490970652,-3.2351381530746046,0.13067893305494022,0.09149762663198448,0.19838036087873995,943.6075450723903,,,,,
filtered,2014-03-10,47.0,-0.01388368,-4.091561295072777,-4.765468446588906,-3.2677493460076636,0.12927922906337935,0.09229786920330611,0.19517187995191412,948.0200187126605,,,,,
filtered,2014-03-11,48.0,-0.00875129,-4.11879017830372,-4.821215202309157,-3.353208205388671,0.12753109150734698,0.0897607392711771,0.18700795878337065,952.4378096925957,,,,,
filtered,2014-03-12,49.0,-0.00815199,-4.118741063607134,-4.823772741720961,-3.3642702300000265,0.1275342233712343,0.0896460293164569,0.18597647067839507,952.4293484712448,,,,,
filtered,2014-03-13,50.0,0.01219663,-4.1323500358145715,-4.820535259350921,-3.379083849033391,0.12666936431824627,0.08979126055036209,0.18460406722523412,951.6635692308372,,,,,
filtered,2014-03-14,51.0,0.00693598,-4.163713472373027,-4.87251038591546,-3.3826301449857623,0.12469846496611925,0.08748786394952246,0.18427702692814454,950.845129922357,,,,,
filtered,2014-03-17,52.0,-0.00145516,-4.174677383083129,-4.848853222850347,-3.386033807139032,0.12401674383797287,0.08852886593212128,0.1839636852599284,951.6036816487206,,,,,
filtered,2014-03-18,53.0,-0.00245045,-4.188002409039911,-4.88719978791865,-3.4359665268017827,0.1231932270644706,0.08684764573126488,0.17942764156186222,952.4585093451213,,,,,
filtered,2014-03-19,54.0,-0.0145307,-4.215076319828047,-4.88401454546906,-3.4876286178139013,0.12153680261160235,0.08698607133569879,0.17485218678670497,956.9747068874618,,,,,
filtered,2014-03-20,55.0,0.00240591,-4.214469545679149,-4.87113055472241,-3.482159767402872,0.1215736809004998,0.0875482440175482,0.17533096130172507,955.360174458474,,,,,
filtered,2014-03-21,56.0,-0.012117,-4.196849865037036,-4.823222534491488,-3.460079095293949,0.12264945736805652,0.08967069465577508,0.17727739892725425,958.7653140560941,,,,,
filtered,2014-03-24,57.0,-0.00428994,-4.193278335747735,-4.833772453207929,-3.492703536962924,0.12286867611099371,0.08919893074747373,0.17440906886588284,958.7220777395252,,,,,
filtered,2014-03-25,58.0,0.00049305,-4.175587779702798,-4.823282018261848,-3.4895029344717012,0.12396030447231313,0.08966802771993067,0.17468839936289304,958.7471124743014,,,,,
filtered,2014-03-26,59.0,-0.0020385,-4.1816458353548285,-4.782737763342317,-3.478589393114832,0.12358539335549876,0.09150433949309898,0.17564423942663146,959.6583423845348,,,,,
filtered,2014-03-27,60.0,0.00195143,-4.165092442853379,-4.842709909421759,-3.4658794343269057,0.1246125168484367,0.08880121428375641,0.17676400923733188,958.8999208407778,,,,,
filtered,2014-03-28,61.0,0.01303439,-4.162027320230726,-4.8619090119971435,-3.460855660970362,0.12480363958691483,0.08795284098919412,0.1772085785174056,958.8605175609255,,,,,
filtered,2014-03-31,62.0,0.00382737,-4.145859354110154,-4.7837750002703405,-3.459652082223345,0.12581663911401944,0.09145689595671105,0.17731525285137284,959.5745478326514,,,,,
filtered,2014-04-01,63.0,-0.01255818,-4.123893752884994,-4.810249697564992,-3.393223210982312,0.12720607415282045,0.09025422677602073,0.18330357780260428,956.6382846506729,,,,,
filtered,2014-04-02,64.0,-0.00934998,-4.134411985279869,-4.796919465230442,-3.424671091320975,0.12653883870010202,0.09085779086005656,0.18044386520720337,957.1554384346379,,,,,
filtered,2014-04-03,65.0,-0.01372438,-4.1296836937358705,-4.803632260100351,-3.387480523657486,0.12683834886395087,0.0905533472066236,0.18383066172643397,956.3580700658489,,,,,
filtered,2014-04-04,66.0,-0.00205581,-4.128143178166509,-4.794335235455712,-3.399433530239878,0.12693608472563134,0.09097526544324458,0.1827352737270693,956.3306988514149,,,,,
filtered,2014-04-07,67.0,-0.00956611,-4.128195737012387,-4.81324335312952,-3.413629818118858,0.12693274896240575,0.09011923279848805,0.18144278501348382,955.2227997657521,,,,,
filtered,2014-04-08,68.0,0.0086191,-4.137336296212839,-4.85299078663455,-3.392327569714448,0.12635395444307623,0.08834590833229014,0.1833856833099159,953.4870593065102,,,,,
filtered,2014-04-09,69.0,0.03297714,-4.151859857556535,-4.861857344542095,-3.381768896942046,0.12543972322971159,0.08795511316827252,0.18435639813096316,957.7426703570857,,,,,
filtered,2014-04-10,70.0,-0.01107428,-4.170575554848294,-4.9267337615850435,-3.401482076760951,0.12427135252974088,0.08514778536934037,0.18254819869676506,947.6286840673332,,,,,
filtered,2014-04-11,71.0,0.00300586,-4.191347169288829,-4.967561918788735,-3.420507842023808,0.12298737334087657,0.08342719368507273,0.180819872822289,949.5180675953993,,,,,
filtered,2014-04-14,72.0,-0.00370588,-4.2076235111583244,-4.998096301562263,-3.428317902160882,0.1219905427642791,0.08216316836272028,0.18011514267369008,945.7827466774713,,,,,
filtered,2014-04-15,73.0,-0.00101259,-4.219751650846953,-5.050192229300388,-3.420680544794613,0.12125302204126463,0.08005061837977048,0.1808042594498904,943.4783166671264,,,,,
filtered,2014-04-16,74.0,0.00186635,-4.273078121249356,-5.102008513936516,-3.462452023964292,0.1180627447551184,0.07800329130473276,0.17706719034314827,940.8648067859665,,,,,
filtered,2014-04-17,75.0,-0.00995348,-4.286729232328808,-5.06883802552324,-3.478167613844092,0.11725964485302574,0.07930778269195242,0.17568128488235302,942.8284417111545,,,,,
filtered,2014-04-18,76.0,-0.00406446,-4.308699875560473,-5.069262939625261,-3.4620751811208463,0.11597855939279032,0.07929093498409003,0.1771005567382663,940.7668614598253,,,,,
filtered,2014-04-21,77.0,0.01618311,-4.350962569962529,-5.080504548578467,-3.4988514730250406,0.11355348892836778,0.07884650633513254,0.17387376414018957,945.4374460550109,,,,,
filtered,2014-04-22,78.0,0.00923609,-4.357067157658241,-5.055722104449577,-3.5092715761456907,0.1132074187353498,0.0798295891240017,0.17297022864114403,946.429478558644,,,,,
filtered,2014-04-23,79.0,-0.0101987,-4.37862743037131,-5.070542217582761,-3.6181136308098383,0.11199358174406425,0.079240233628423,0.16380856567947816,950.2024501059268,,,,,
filtered,2014-04-24,80.0,-0.00579154,-4.376270450186647,-5.090953725825637,-3.572214240451377,0.11212564287163526,0.07843564001347424,0.1676113922779051,947.6178380635199,,,,,
filtered,2014-04-25,81.0,-0.00758303,-4.381645134912646,-5.11533686719185,-3.642967100073706,0.11182472739411911,0.07748519186448116,0.16178555583988616,953.5680596425073,,,,,
filtered,2014-04-28,82.0,-0.0088394,-4.380495427952354,-5.11325278914392,-3.615955528097764,0.11188902870797429,0.07756597654126626,0.16398541893411722,949.4591544538147,,,,,
filtered,2014-04-29,83.0,0.00442813,-4.390947008584385,-5.114700091891017,-3.605495056084306,0.11130584522974385,0.07750986612044172,0.16484534823309036,948.2315622898022,,,,,
filtered,2014-04-30,84.0,-0.00013335,-4.402498966947817,-5.128494662683989,-3.6365920310636604,0.11066479810453182,0.07697709789211946,0.16230207565657295,947.5742549779939,,,,,
filtered,2014-05-01,85.0,0.0048635,-4.449125507886073,-5.175913449658255,-3.6608796052945216,0.10811468101940623,0.07517348338060371,0.1603430329752415,948.3418925771265,,,,,
filtered,2014-05-02,86.0,-0.0119209,-4.447044717212388,-5.16000189786891,-3.6617472787467555,0.10822722156255982,0.07577393211831639,0.16027348536600422,948.6830670779424,,,,,
filtered,2014-05-05,87.0,0.00189735,-4.469496696928531,-5.212629915684619,-3.6234971009097863,0.107019057975013,0.07380602155320948,0.16336822932202538,941.6471615431515,,,,,
filtered,2014-05-06,88.0,0.00193388,-4.496612278576658,-5.240091658643802,-3.6441352196990753,0.1055779074566354,0.07279952639805348,0.16169109098769452,942.2513884202439,,,,,
filtered,2014-05-07,89.0,0.00320312,-4.509800982122038,-5.240113232250085,-3.6357597315819867,0.1048839801105989,0.07279874112812873,0.16236963167903037,942.8398141703104,,,,,
filtered,2014-05-08,90.0,0.00271421,-4.518464523735604,-5.283419904090616,-3.7126874650255592,0.10443062936212359,0.07123934947600495,0.15624285295296916,945.818758923669,,,,,
filtered,2014-05-09,91.0,0.01217998,-4.520280568001997,-5.26367845105339,-3.7063110099536223,0.10433584707799742,0.0719460155281134,0.1567417856519078,947.6502785909122,,,,,
filtered,2014-05-12,92.0,0.0172331,-4.5324505612069235,-5.303844266800297,-3.7691053565515893,0.10370289152226136,0.07051554243433672,0.15189699105859306,950.3731839197568,,,,,
filtered,2014-05-13,93.0,-0.01335218,-4.5455596646558885,-5.379438534969131,-3.7736550179813304,0.10302538834618677,0.06789999843374538,0.15155184384242135,946.0601760311482,,,,,
filtered,2014-05-14,94.0,0.01725507,-4.555400571377915,-5.429139299883758,-3.7483311444508987,0.10251970185149366,0.06623345044394471,0.15348298389169102,944.7475119214976,,,,,
filtered,2014-05-15,95.0,-0.00174776,-4.565955273727651,-5.452125097060209,-3.75521489137645,0.10198009448362673,0.06547659368470947,0.152955622957863,938.7262763060342,,,,,
filtered,2014-05-16,96.0,0.01658305,-4.578233764058275,-5.37999359624781,-3.774382086899651,0.10135593158654183,0.06788115671846648,0.1514967595379634,939.6416541804881,,,,,
filtered,2014-05-19,97.0,-0.00902763,-4.6193612930616155,-5.407749686195643,-3.762474794019952,0.09929295604688713,0.0669456057970817,0.15240140798737334,937.477041144916,,,,,
filtered,2014-05-20,98.0,-0.00398114,-4.631923954218458,-5.449047092638991,-3.81756791273283,0.0986712188784166,0.06557743988849393,0.14826056833906792,940.9081994639564,,,,,
filtered,2014-05-21,99.0,-0.00147351,-4.641006904383677,-5.426756739843492,-3.823719133585188,0.09822412200461281,0.06631240004632824,0.1478052770974356,943.073314589212,,,,,
filtered,2014-05-22,100.0,0.01589236,-4.660688737625325,-5.403759754867295,-3.826346018234867,0.09726224723711371,0.06707929328865349,0.14761127082657544,947.2002403753912,,,,,
filtered,2014-05-23,101.0,0.00747296,-4.659722657618309,-5.426035854443189,-3.8276534503917508,0.09730924014217311,0.06633630617499044,0.1475148064990531,947.0105757205264,,,,,
filtered,2014-05-26,102.0,-0.00017984,-4.6306974449572245,-5.388976056355744,-3.8202212379962983,0.09873174801829303,0.06757697042394382,0.1480640069974158,946.622020536405,,,,,
filtered,2014-05-27,103.0,-0.01113976,-4.642182011491105,-5.363377387632442,-3.862479551643323,0.09816642702377386,0.06844746968515211,0.14496835876009165,945.852323035119,,,,,
filtered,2014-05-28,104.0,-0.00268516,-4.659405708877026,-5.485927588654116,-3.8397078772879816,0.09732466238474505,0.06437925698082844,0.146628377305966,938.8760303000468,,,,,
filtered,2014-05-29,105.0,-0.01227454,-4.696181204692587,-5.525142341132689,-3.864442540740702,0.09555143382923859,0.06312924345690218,0.14482614290969387,939.1803761983144,,,,,
filtered,2014-05-30,106.0,-0.0043131,-4.712877366529977,-5.491662687633545,-3.887220217407631,0.09475708299347937,0.06419491071266928,0.14318609821048767,940.2022492402986,,,,,
filtered,2014-06-02,107.0,0.00969694,-4.708142883278099,-5.461718300246774,-3.8570171681415344,0.09498166161575046,0.06516328057091852,0.14536483632735114,940.6839549086645,,,,,
filtered,2014-06-03,108.0,0.01328825,-4.733274663467219,-5.551892547714707,-3.870940409944489,0.09379560006116816,0.062290504915986644,0.14435637577730323,940.6072484097152,,,,,
filtered,2014-06-04,109.0,-0.00641437,-4.765040524284189,-5.535237278900289,-3.917674663222328,0.0923176194745811,0.0628114033836347,0.1410222877973102,938.573577900853,,,,,
filtered,2014-06-05,110.0,0.00261488,-4.78418618000131,-5.632258183958493,-3.9135675860015793,0.09143809527845434,0.05983711897302273,0.14131218006082982,934.5521676671505,,,,,
filtered,2014-06-06,111.0,-0.01019364,-4.796566164526648,-5.615620050912439,-3.8845255976316406,0.09087384233849248,0.060336984269794475,0.14337914427366286,934.422070731573,,,,,
filtered,2014-06-09,112.0,0.00252673,-4.802586655643915,-5.581316499366496,-3.9746558610099956,0.09060070107559137,0.061380796724156785,0.13706117355652958,941.8232116132094,,,,,
filtered,2014-06-10,113.0,0.02165273,-4.787447761348753,-5.568130604191913,-3.9390878421336035,0.0912891004081945,0.061786814054621185,0.13952047405553633,945.5308082810091,,,,,
filtered,2014-06-11,114.0,-0.00280489,-4.795325555592335,-5.614900234470193,-3.9341880960108484,0.09093022927556917,0.06035870395478309,0.13986270054099265,938.3981889458144,,,,,
filtered,2014-06-12,115.0,-0.00554877,-4.836204454063401,-5.676010126243279,-3.9727036895692462,0.08909053073012216,0.05854233781797381,0.13719502232416433,938.3924309984054,,,,,
filtered,2014-06-13,116.0,0.01249581,-4.839435094112762,-5.618063665203441,-4.002528761881177,0.08894673717939153,0.06026330912884776,0.13516427601581638,944.1182350046745,,,,,
filtered,2014-06-16,117.0,-0.00604465,-4.833759997940768,-5.649333484916336,-3.9858262154181032,0.08919948624745991,0.059328425180416144,0.13629779639718592,942.8219334534814,,,,,
filtered,2014-06-17,118.0,-0.00109077,-4.821869475492413,-5.554617844248783,-3.99946166229757,0.08973138005136928,0.06220568267197674,0.13537171618241747,947.6459979036495,,,,,
filtered,2014-06-18,119.0,-0.00396938,-4.812021588489019,-5.549813914691268,-4.0366337826625465,0.09017430186316565,0.062355278120369034,0.13287892664564824,949.2923476485605,,,,,
filtered,2014-06-19,120.0,-0.00042581,-4.7971367858583776,-5.468755788181268,-4.020875983472761,0.09084791876033771,0.06493439060927729,0.13393000158663199,951.3445319663414,,,,,
filtered,2014-06-20,121.0,-0.00994018,-4.773335185430401,-5.46805679915986,-4.0351015546663405,0.0919355406401708,0.06495708878856461,0.13298076605672252,953.3738222289221,,,,,
filtered,2014-06-23,122.0,-0.01000634,-4.775929032440436,-5.4320488645137175,-4.055145687764629,0.09181638456142956,0.06613716524556211,0.13165468012977227,955.5817979089323,,,,,
filtered,2014-06-24,123.0,0.0141592,-4.765338250782602,-5.4039082075757525,-4.024607776058233,0.09230387779662794,0.06707431442205228,0.1336803350915151,958.1160001618102,,,,,
filtered,2014-06-25,124.0,-0.01030416,-4.7273777774389085,-5.412157531540361,-3.9686877939528395,0.0940725591413185,0.0667982253258873,0.13747077952892292,955.6787349607428,,,,,
filtered,2014-06-26,125.0,0.00333637,-4.692264756547101,-5.375736348236234,-3.928457333444213,0.09573872826953833,0.06802580407349729,0.14026403521920122,955.5431871645588,,,,,
filtered,2014-06-27,126.0,-0.00947527,-4.699039038532072,-5.408878588834306,-3.984098119441978,0.095414996270917,0.06690782892417196,0.13641561512712846,956.6570978574534,,,,,
filtered,2014-06-30,127.0,0.00790481,-4.687180311102207,-5.37418028327358,-3.9934824493061236,0.09598242707703629,0.06807875095316007,0.1357770299068427,957.0676865942401,,,,,
filtered,2014-07-01,128.0,-0.00348687,-4.6636100262806135,-5.346195059798077,-3.9237608509081228,0.09712028539051529,0.06903804635498115,0.1405937960425809,951.909862281811,,,,,
filtered,2014-07-02,129.0,-0.01345783,-4.644535463066729,-5.366929870201321,-3.9091174768232175,0.09805097999566663,0.06832599837679551,0.14162695744414355,953.8950623737067,,,,,
filtered,2014-07-03,130.0,-0.00233327,-4.634150905109098,-5.313830152317423,-3.883957794653141,0.09856141204398772,0.07016433986414562,0.14341985560497986,953.5758798479264,,,,,
filtered,2014-07-04,131.0,-0.00527949,-4.62976686453889,-5.319974078582672,-3.852791026348117,0.09877769762310151,0.06994912832905394,0.14567232729309063,952.3472526077436,,,,,
filtered,2014-07-07,132.0,0.010788,-4.6122162426912965,-5.335246767875423,-3.8286275187017544,0.09964831702313827,0.06941700699420347,0.14744297924250296,952.487529658606,,,,,
filtered,2014-07-08,133.0,0.00398219,-4.604433799750536,-5.307191735958178,-3.829544977618697,0.10003682609101838,0.07039761684820685,0.1473753583155211,954.09908142416,,,,,
filtered,2014-07-09,134.0,0.00030089,-4.588386282900991,-5.306095463293238,-3.787664754215418,0.1008427262676227,0.07043621491725628,0.1504939526831658,949.336272578331,,,,,
filtered,2014-07-10,135.0,0.00349013,-4.602971043520739,-5.361712650075959,-3.780722077590631,0.100110017598376,0.06850446693994452,0.1510172758973481,947.6771024389851,,,,,
filtered,2014-07-11,136.0,0.02131628,-4.613146689051881,-5.316835741773967,-3.7557676751824127,0.09960196909808249,0.0700589764537033,0.15291335310395376,951.0468535155252,,,,,
filtered,2014-07-14,137.0,0.00456621,-4.616426550064283,-5.290841460239956,-3.812790742139904,0.09943876265067372,0.0709754859322227,0.14861512462804521,951.3357185504926,,,,,
filtered,2014-07-15,138.0,-0.01145035,-4.612689426190126,-5.2796537223630775,-3.8491071451114935,0.09962474384220754,0.07137362603194287,0.14594089433603671,954.423289121158,,,,,
filtered,2014-07-16,139.0,0.00328403,-4.6131451416372276,-5.260488721502533,-3.854206949106047,0.09960204616088554,0.07206085124338897,0.14556923340893332,952.7986767836557,,,,,
filtered,2014-07-17,140.0,-0.02008326,-4.59312810232574,-5.2738780559646585,-3.8364545605525957,0.10060392047384524,0.07158003905849146,0.14686708567870244,958.2803102111394,,,,,
filtered,2014-07-18,141.0,0.00590748,-4.550393555506579,-5.20257029131717,-3.8448725114515776,0.10277668228069327,0.07417818715657501,0.14625022480753871,958.6677644629549,,,,,
filtered,2014-07-21,142.0,-0.00513209,-4.533107407330697,-5.1770759363386185,-3.7922535404089013,0.10366883869327435,0.07512980199001895,0.15014905621237049,957.236901572913,,,,,
filtered,2014-07-22,143.0,0.00091362,-4.509482889136116,-5.120960299665101,-3.790851299815975,0.10490066286643504,0.0772676314947612,0.15025436567616307,957.2882561668906,,,,,
filtered,2014-07-23,144.0,-0.00088809,-4.505708309386981,-5.173917679692253,-3.801454151587064,0.10509882776378071,0.07524853531115842,0.14945991102446496,956.3274737804395,,,,,
filtered,2014-07-24,145.0,0.00202407,-4.507285004515429,-5.2487118883769925,-3.7746862782432755,0.10501600600936394,0.07248642730827062,0.15147371928874961,953.1302085079487,,,,,
filtered,2014-07-25,146.0,-0.03137157,-4.473173442478229,-5.224857548758759,-3.7046278729028583,0.10682249778325247,0.07335616165979592,0.15687375012611007,961.6486033084608,,,,,
filtered,2014-07-28,147.0,0.00244285,-4.481690743960419,-5.2604416955764055,-3.7150947813547366,0.10636854537236495,0.0720625456274425,0.15605490310373069,948.4653724871728,,,,,
filtered,2014-07-29,148.0,-0.00428778,-4.483114776079665,-5.24961598867337,-3.6902373444133683,0.10629283621608715,0.07245366721322503,0.15800656878880445,949.3569327358794,,,,,
filtered,2014-07-30,149.0,0.00393364,-4.499621161994056,-5.31829639900057,-3.7130743494994665,0.1054191910688531,0.07000782905805725,0.15621263190909332,944.9324847315696,,,,,
filtered,2014-07-31,150.0,-0.01854926,-4.535439867611329,-5.306504847144747,-3.723799641631505,0.10354800744119791,0.07042179866827722,0.15537716102265786,947.2205958385615,,,,,
filtered,2014-08-01,151.0,-0.00394336,-4.52517248226202,-5.303068879829542,-3.731084420218734,0.10408095791997515,0.07054288615090427,0.15481224635899815,938.972265824498,,,,,
filtered,2014-08-04,152.0,-0.01320891,-4.567762932854265,-5.400379904162826,-3.729747316641358,0.10188796350098837,0.06719274812509335,0.1549157809684801,937.4557795579703,,,,,
filtered,2014-08-05,153.0,0.01660142,-4.573878426907072,-5.48733742975592,-3.7264275723205302,0.10157689171535265,0.06433389071121734,0.15517313488873433,934.6973757670455,,,,,
filtered,2014-08-06,154.0,0.02274007,-4.586067397540038,-5.474749775281171,-3.7321576808722816,0.10095971543648498,0.06474007398772745,0.1547291916994636,938.1459206077909,,,,,
filtered,2014-08-07,155.0,0.00638548,-4.6353918209189064,-5.527989108223259,-3.744412433591458,0.09850027780433886,0.06303945025078563,0.15378400641830592,930.4179872997528,,,,,
filtered,2014-08-08,156.0,0.00702548,-4.660550086021119,-5.484872978939904,-3.7489695721729306,0.09726899025414759,0.06441321342764417,0.15343399781473605,931.6642043889216,,,,,
filtered,2014-08-11,157.0,-0.00444436,-4.694616685904677,-5.471523022035475,-3.821426753519093,0.09562620907896502,0.06484460841368513,0.1479747871596906,936.9164817107865,,,,,
filtered,2014-08-12,158.0,-0.0108202,-4.720616208574323,-5.491615701331648,-3.843830001463127,0.09439113640185395,0.0641964188711124,0.1463264783396669,941.6765886991631,,,,,
filtered,2014-08-13,159.0,-0.01949341,-4.722441625394938,-5.497311268532577,-3.901835854896707,0.09430502412148063,0.06401386142766591,0.14214353423209145,947.3898648333325,,,,,
filtered,2014-08-14,160.0,-0.00302887,-4.717641261463553,-5.454526998063814,-3.871624761294079,0.09453164519676562,0.06539800673563086,0.14430698898697167,944.6210856105625,,,,,
filtered,2014-08-15,161.0,0.01423844,-4.738712954813851,-5.451935912890994,-3.926046960014939,0.09354090259776938,0.0654827875451396,0.1404331814769267,947.5923825757797,,,,,
filtered,2014-08-18,162.0,0.01527669,-4.7378820781099815,-5.454639442693469,-3.8919850789874166,0.09357977114936757,0.06539433001166502,0.142845373279372,946.3853228993943,,,,,
filtered,2014-08-19,163.0,-0.00093345,-4.730220715958696,-5.471529220692839,-3.9167035324853816,0.09393893288560713,0.06484440743924183,0.14109077996381372,947.3666598541931,,,,,
filtered,2014-08-20,164.0,-0.00851009,-4.734449220484448,-5.451776125402039,-3.9544623622826043,0.09374053209274952,0.06548801941922963,0.13845205575185607,949.918148308282,,,,,
filtered,2014-08-21,165.0,0.01206532,-4.708383331698575,-5.4145762523381284,-3.9112745612126174,0.09497024320689398,0.06671749102573502,0.1414742891390368,952.4990240875076,,,,,
filtered,2014-08-22,166.0,-0.0174581,-4.7130219944895195,-5.377763373322159,-3.980332098686872,0.09475023097944778,0.06795689399433723,0.13667272914428302,957.1852641439983,,,,,
filtered,2014-08-25,167.0,-0.02085978,-4.683360971999565,-5.3593514131781905,-3.9708924663971525,0.09616589692311946,0.0685853923390545,0.1373193240019535,959.5513561280554,,,,,
filtered,2014-08-26,168.0,0.0054661,-4.656235963378329,-5.342574896663705,-3.891482236528028,0.09747903188569348,0.0691631240163572,0.14288129215397263,952.9240970697496,,,,,
filtered,2014-08-27,169.0,0.01101718,-4.635119331943752,-5.294648627580436,-3.8644995566958373,0.09851369883846471,0.07084050666913487,0.14482201426811045,955.3451534059526,,,,,
filtered,2014-08-28,170.0,0.00492728,-4.595214361607907,-5.183751647062292,-3.854321143468947,0.10049903225790421,0.07487944763336762,0.14556092205327958,957.0417433132562,,,,,
filtered,2014-08-29,171.0,0.00658009,-4.562331821251332,-5.1944785796008635,-3.8321822563993586,0.10216502196497466,0.07447890933872205,0.14718115143544383,956.8634936306382,,,,,
filtered,2014-09-01,172.0,-0.03397967,-4.539661050260256,-5.217662295753,-3.8000828718846282,0.10332969038511214,0.07362054502227103,0.14956242183435514,963.4794766896719,,,,,
filtered,2014-09-02,173.0,0.00969954,-4.54458866765275,-5.198141833414439,-3.78818147555351,0.1030754191618127,0.07434261662119689,0.15045507598718402,956.0958125024657,,,,,
filtered,2014-09-03,174.0,0.02149965,-4.521607610658381,-5.220924574270057,-3.7618378378149506,0.1042666409805661,0.07350055754579599,0.15244995222833616,956.5279293839931,,,,,
filtered,2014-09-04,175.0,0.01266785,-4.495911876288183,-5.201445616974482,-3.7219746202979507,0.10561488743547041,0.07421991203914276,0.15551900904854013,953.2076815523498,,,,,
filtered,2014-09-05,176.0,0.01172526,-4.502697001792941,-5.196543812366045,-3.749072126361568,0.10525718940184936,0.07440204089142077,0.15342613036687008,954.4855210923046,,,,,
filtered,2014-09-08,177.0,0.0037698,-4.492972287298654,-5.189214678576217,-3.7557474063754532,0.10577023375120187,0.07467519233256946,0.15291490279742415,953.325405667491,,,,,
filtered,2014-09-09,178.0,0.00436115,-4.483530080516134,-5.139374134749514,-3.794546735734017,0.1062707665643498,0.07655949964089794,0.14997699431721614,957.6442005710184,,,,,
filtered,2014-09-10,179.0,-0.00179167,-4.498550521661047,-5.197798952486902,-3.7583850863717148,0.10547563919533108,0.0743553630464635,0.15271336543428424,955.3587282705247,,,,,
filtered,2014-09-11,180.0,0.00566004,-4.502590111521083,-5.216186257046722,-3.7479698217351194,0.10526281503697456,0.07367489846376489,0.15351071484085388,952.4837770101914,,,,,
filtered,2014-09-12,181.0,-0.01534171,-4.489955241288248,-5.204879744425842,-3.710172263318703,0.10592991099019479,0.07409258106943604,0.15643946770371087,952.8975866269582,,,,,
filtered,2014-09-15,182.0,0.02190388,-4.480158732227034,-5.1896833027477545,-3.719702484097066,0.10645005551679053,0.07465769708225317,0.15569578963210998,954.9056249588539,,,,,
filtered,2014-09-16,183.0,-0.01110532,-4.487228866264397,-5.210749735849172,-3.7424298596650196,0.1060744117904623,0.07387543847390021,0.15393652608190764,950.4693983457981,,,,,
filtered,2014-09-17,184.0,0.01210286,-4.469457761474164,-5.195398259238712,-3.6942393306956527,0.10702114141311694,0.07444466884371291,0.15769071484457986,949.4188658759712,,,,,
filtered,2014-09-18,185.0,0.0188038,-4.487228191443096,-5.234086302895769,-3.646284140832313,0.10607444758110463,0.07301844843690414,0.1615174535864298,947.3955206238622,,,,,
filtered,2014-09-19,186.0,0.0125838,-4.495886051391494,-5.2222614080788095,-3.690667155534093,0.1056162511910535,0.07345144494632572,0.15797261594705586,949.0974516864648,,,,,
filtered,2014-09-22,187.0,0.03522223,-4.481702553980808,-5.161326932936496,-3.7166778827415747,0.10636791726687463,0.07572374718571809,0.1559314266123657,961.7533365040653,,,,,
filtered,2014-09-23,188.0,-0.02921356,-4.455356455016941,-5.145259775713241,-3.6950055715175987,0.10777837673422917,0.07633452996231915,0.15763031188464424,957.1033830467617,,,,,
filtered,2014-09-24,189.0,-0.00708176,-4.45162235606861,-5.106301506972033,-3.681792304880488,0.10797979226370732,0.07783603708109565,0.1586751652361956,951.9936004845911,,,,,
filtered,2014-09-25,190.0,0.02139963,-4.425919881084884,-5.0854298904137645,-3.672360863151952,0.109376421201943,0.07865257223297291,0.15942520011115494,956.0368245062127,,,,,
filtered,2014-09-26,191.0,-0.01788251,-4.415652557917888,-5.107299054999796,-3.635643497018533,0.10993936648254454,0.07779722416869679,0.1623790684348752,954.292554780733,,,,,
filtered,2014-09-29,192.0,-0.01012345,-4.40243459648599,-5.126644171313728,-3.6390042369391296,0.11066835993393168,0.07704835357922316,0.162106440648018,950.4579070194119,,,,,
filtered,2014-09-30,193.0,0.00734061,-4.403807530959732,-5.213878118075501,-3.624194903164148,0.1105924158002409,0.07375997349774528,0.16331123990508342,947.9505435521127,,,,,
filtered,2014-10-01,194.0,-0.01891957,-4.396121125633279,-5.241699922783968,-3.5986534131949215,0.11101826265089862,0.07274100949500238,0.16541022034786046,947.6572425075101,,,,,
filtered,2014-10-02,195.0,0.00094113,-4.417974114670962,-5.223462572871732,-3.589393097326235,0.10981182528105664,0.07340734454578401,0.16617787159384764,938.23284119038,,,,,
filtered,2014-10-03,196.0,0.00556115,-4.454684348237383,-5.23679472830815,-3.5518434999173456,0.10781460210956473,0.07291963285000766,0.16932730011329902,938.52978520763,,,,,
filtered,2014-10-06,197.0,0.00195032,-4.482210404510157,-5.237500645918111,-3.525850605890667,0.10634091119423694,0.07289389976516392,0.17154231588703328,935.7542874536969,,,,,
filtered,2014-10-07,198.0,0.00315988,-4.501860361556143,-5.207929179903748,-3.635962729347625,0.10530122981263501,0.07397969687688917,0.16235315217915075,942.9585642510839,,,,,
filtered,2014-10-08,199.0,-0.00875532,-4.524466569952751,-5.213730404898376,-3.7459923454446806,0.10411770041851731,0.07376542135893802,0.15366257180133033,950.959503702574,,,,,
filtered,2014-10-09,200.0,0.00279427,-4.519948335095581,-5.197296628084665,-3.789061414958847,0.10435318041849313,0.07437404064856687,0.15038889487204735,951.6565397548461,,,,,
filtered,2014-10-10,201.0,-0.00492898,-4.502945790755834,-5.207894629148869,-3.7378385798761635,0.10524409680269566,0.07398097491511485,0.15429031484281666,950.5577966933232,,,,,
filtered,2014-10-13,202.0,-0.00332956,-4.502671647163724,-5.233601479919994,-3.7146055648468383,0.10525852378881245,0.07303615109320992,0.15609308009011172,947.1193544537628,,,,,
filtered,2014-10-14,203.0,0.01149974,-4.495436165227954,-5.2781748399769475,-3.727164878940649,0.10564001150834075,0.0714264221485354,0.15511594034205256,946.9495455185597,,,,,
filtered,2014-10-15,204.0,-0.01517092,-4.5290030874308655,-5.301166701244169,-3.748830551217172,0.10388180217492007,0.070610010650234,0.15344466345592972,946.4563750977187,,,,,
filtered,2014-10-16,205.0,-0.02514125,-4.539811942464991,-5.3713221870445755,-3.770598272478785,0.10332189485678857,0.06817610831145357,0.15178364864790622,948.7161647033848,,,,,
filtered,2014-10-17,206.0,0.00814751,-4.5526951604921,-5.397253137028811,-3.7681723736615798,0.10265847464839159,0.06729787832133183,0.1519678662354904,943.1270127786674,,,,,
filtered,2014-10-20,207.0,0.00233842,-4.569717482821523,-5.352061278914176,-3.748355439922638,0.10178843958216502,0.06883584688291275,0.15348111943226672,940.730707708322,,,,,
filtered,2014-10-21,208.0,0.01492912,-4.56107569829059,-5.379380499767384,-3.733292774136615,0.10222920803420107,0.0679019687573861,0.15464140058294948,942.3725980429347,,,,,
filtered,2014-10-22,209.0,0.01515518,-4.598147804302731,-5.363019729365028,-3.726577015525213,0.1003517362294181,0.06845971118139581,0.1551615405366348,943.5457785127111,,,,,
filtered,2014-10-23,210.0,-0.00894337,-4.578059669017865,-5.329507813026885,-3.7654739536254023,0.10136475475305634,0.06961648358855323,0.15217304118396638,944.2070289173704,,,,,
filtered,2014-10-24,211.0,-0.01547191,-4.586011927863924,-5.350637280483967,-3.7760389046998015,0.1009625155766734,0.06888487540392747,0.15137131024286013,945.8140604738359,,,,,
filtered,2014-10-27,212.0,-0.00331901,-4.591616008024582,-5.386806748768902,-3.7379318057083113,0.1006800105414715,0.0676503078069074,0.1542831230889355,941.557109216662,,,,,
filtered,2014-10-28,213.0,0.01858811,-4.6416956506544915,-5.438227747070439,-3.8444125299071907,0.09819030207941654,0.06593315366039315,0.14628386487798026,946.5140331099597,,,,,
filtered,2014-10-29,214.0,0.00414606,-4.642093482173072,-5.410860266572802,-3.823950636180344,0.09817077242336604,0.06684156687954274,0.14778816943495887,940.9643370030251,,,,,
filtered,2014-10-30,215.0,0.00467738,-4.670449294386146,-5.491803580612179,-3.837285874604995,0.09678873676595406,0.0641903885658641,0.1468060520280342,943.1234216174564,,,,,
filtered,2014-10-31,216.0,-0.01651377,-4.658705412334111,-5.409297417558452,-3.787029162374425,0.09735874641393295,0.06689381893085822,0.15054178664770473,947.0058226652802,,,,,
filtered,2014-11-03,217.0,-0.00559655,-4.710825401072746,-5.446755637910229,-3.8326150819492986,0.09485435201367957,0.06565261681376677,0.1471493030003668,943.214118209929,,,,,
filtered,2014-11-04,218.0,-0.00982394,-4.6778095139553395,-5.407158433308653,-3.8009040872080035,0.0964331982004807,0.06696539961407483,0.14950102296433526,945.2899588684617,,,,,
filtered,2014-11-05,219.0,0.00420609,-4.686228777367931,-5.351131613429752,-3.855758007350304,0.0960281032003985,0.06886785147619699,0.14545638399379876,949.2726146418532,,,,,
filtered,2014-11-06,220.0,0.00327806,-4.696722546524302,-5.358748056458798,-3.917180065263449,0.0955255743349969,0.06860608618900088,0.14105716677775107,953.125346261761,,,,,
filtered,2014-11-07,221.0,0.01257936,-4.6665250011506405,-5.281719550084559,-3.929441251962204,0.09697883689961234,0.07129994128587218,0.14019504799921326,958.7057886008133,,,,,
filtered,2014-11-10,222.0,-0.01320008,-4.657461593893334,-5.3111753344958705,-3.9167896330973937,0.09741931354769058,0.07025753847674966,0.1410847060933036,957.8050557780507,,,,,
filtered,2014-11-11,223.0,-0.00294316,-4.638454134179056,-5.317797944943971,-3.938466188233532,0.0983495738560324,0.07002527907566877,0.1395638475194261,958.9887621871271,,,,,
filtered,2014-11-12,224.0,0.00432044,-4.633099999525426,-5.3163721102096435,-3.8828791052779335,0.09861321502193134,0.07007521911270698,0.143497229205842,955.2960310487143,,,,,
filtered,2014-11-13,225.0,0.0039331,-4.624602508867847,-5.3289312287850095,-3.9122703281551168,0.09903308879535522,0.06963655636553191,0.14140386896084375,954.5844739208088,,,,,
filtered,2014-11-14,226.0,0.02465349,-4.617802981963908,-5.330526399354021,-3.893441186652105,0.09937035085193366,0.06958103741640269,0.14274141200721677,960.0688676631422,,,,,
filtered,2014-11-17,227.0,0.0021841,-4.585424254047732,-5.313780207974954,-3.864086926296979,0.10099218644906931,0.07016609204193301,0.14485189633332204,951.9711088692745,,,,,
filtered,2014-11-18,228.0,-0.01029772,-4.562899648312335,-5.383880537546621,-3.855918363596911,0.10213602005010766,0.06774935979594568,0.1454447220414306,952.1743707443231,,,,,
filtered,2014-11-19,229.0,-2.986e-05,-4.532003231916859,-5.343104901847725,-3.747512771984273,0.1037260887867898,0.06914479803754454,0.1535457998665869,946.3223048301979,,,,,
filtered,2014-11-20,230.0,-0.01050105,-4.539508440603731,-5.340037850481001,-3.7856240570572366,0.10333757524021384,0.06925091470672859,0.15064758734107103,948.4439931086591,,,,,
filtered,2014-11-21,231.0,-0.02404809,-4.529246127203334,-5.366405825508443,-3.7455235599362897,0.1038691792371225,0.0683439036609028,0.15369859341618944,950.1276075153328,,,,,
filtered,2014-11-24,232.0,-0.00473239,-4.555804049223934,-5.467462852875161,-3.755602529814776,0.10249902172331846,0.0649763821640054,0.15292598009122613,937.4974942224904,,,,,
filtered,2014-11-25,233.0,0.02118904,-4.583029551677132,-5.459096504844526,-3.733396964275467,0.10111318198583936,0.06524875898010082,0.1546333447382867,943.9482407754717,,,,,
filtered,2014-11-26,234.0,-0.01079255,-4.605979210530259,-5.47517143157405,-3.7804569328257784,0.09995955695329745,0.06472642639662697,0.15103729794455725,938.8342561717255,,,,,
filtered,2014-11-27,235.0,-0.00448885,-4.6421357893221815,-5.461019744828863,-3.8166615660284577,0.09816869578257675,0.06518604462752171,0.14832777130396552,938.5078624041859,,,,,
filtered,2014-11-28,236.0,0.00244082,-4.639375505077474,-5.49988025887353,-3.787791103301787,0.09830427607323683,0.06393168871834093,0.15048444559675908,936.4838144954911,,,,,
filtered,2014-12-01,237.0,-0.00376416,-4.659478409579194,-5.44162915971443,-3.80958104067749,0.09732112466339733,0.06582111602769375,0.14885382120442936,936.4222987357731,,,,,
filtered,2014-12-02,238.0,-0.01425959,-4.715696020886605,-5.458447604907995,-3.878755023887771,0.09462363332029276,0.06526993237254877,0.14379343161785493,942.2325521098792,,,,,
filtered,2014-12-03,239.0,0.03334149,-4.693818716016525,-5.446915882153664,-3.823556373502348,0.09566437010897859,0.06564735679753601,0.14781730598645698,956.2947292069595,,,,,
filtered,2014-12-04,240.0,0.01872567,-4.695410710829345,-5.457873460362172,-3.8420961202688377,0.09558825181748642,0.06528867225010869,0.14645338970853697,948.7605731208378,,,,,
filtered,2014-12-05,241.0,0.00778579,-4.66162158690253,-5.451200247028094,-3.844441868670631,0.0972168923067472,0.0655068787013305,0.14628171899986625,945.1833759196442,,,,,
filtered,2014-12-08,242.0,-0.00188246,-4.673460396714184,-5.3933381988558935,-3.8600410153118943,0.09664312601037792,0.06742974085404117,0.14514522186482973,947.3337181199389,,,,,
filtered,2014-12-09,243.0,0.00554424,-4.6971617828651855,-5.414261504090056,-3.8684330815247208,0.09550459748666387,0.06672799145866964,0.14453746368708187,945.8774258685393,,,,,
filtered,2014-12-10,244.0,0.00799343,-4.715824082400486,-5.409355091406766,-3.9116994092832997,0.09461757469139816,0.06689188994668825,0.14144423979135573,949.2471390600003,,,,,
filtered,2014-12-11,245.0,0.00481817,-4.708368073471147,-5.412989144265056,-3.9230041590939053,0.09497096774844266,0.06677045597254025,0.1406469991938411,948.1481851379615,,,,,
filtered,2014-12-12,246.0,0.00578924,-4.701303786882013,-5.399696783107959,-3.9185729050607803,0.09530701194410514,0.06721570243550269,0.1409589659584289,950.7113543596957,,,,,
filtered,2014-12-15,247.0,0.01138601,-4.67948721994584,-5.411114409733209,-3.895645864873264,0.09635233884262748,0.06683307375564483,0.14258414926042492,949.6565849385144,,,,,
filtered,2014-12-16,248.0,-0.00325843,-4.693146906067248,-5.440374687803356,-3.899995993312666,0.09569650964440653,0.06586241434884188,0.14227435661065937,945.1450509311314,,,,,
filtered,2014-12-17,249.0,-0.01378039,-4.684412905694924,-5.483583542986389,-3.868782876064778,0.09611533014884967,0.06445475517419816,0.1445121866897695,943.8087458595971,,,,,
filtered,2014-12-18,250.0,0.00947998,-4.654366605080073,-5.467504316847487,-3.8269565019017424,0.09757018609760863,0.06497503508851328,0.14756622056759386,943.5398409315258,,,,,
filtered,2014-12-19,251.0,-0.01448058,-4.669553918389241,-5.594598808761523,-3.8193854291720624,0.0968320776226564,0.060974507964185645,0.14812589653026959,936.9713211493729,,,,,
filtered,2014-12-22,252.0,-0.00418621,-4.706158402328193,-5.641696649133221,-3.9099204078260845,0.09507595303693002,0.05955539896520429,0.14157011051846002,934.7525361382745,,,,,
filtered,2014-12-23,253.0,0.00447549,-4.689569790081087,-5.5269173798755,-3.8974482513313733,0.09586782155661785,0.06307323988623506,0.1424557112729558,940.5287572021366,,,,,
filtered,2014-12-24,254.0,0.00463059,-4.6661669184008945,-5.44500215105726,-3.869008016247643,0.09699620167836498,0.06571020255426073,0.14449591985529744,943.5247701833069,,,,,
filtered,2014-12-25,255.0,-0.00222992,-4.688541923034017,-5.545498031104584,-3.897085736533161,0.09591710390678528,0.06248998247086099,0.1424815347649478,940.0179869763548,,,,,
filtered,2014-12-26,256.0,-0.00044096,-4.683698508583749,-5.615549128183957,-3.8574704562408693,0.09614966853839514,0.06033912393950845,0.14533189398540058,937.1095530120235,,,,,
filtered,2014-12-29,257.0,0.00342595,-4.756427563858871,-5.6163806153143625,-3.915783883988998,0.09271604075706051,0.06031404355086698,0.141155671843924,934.9339203637978,,,,,
filtered,2014-12-30,258.0,-0.00622544,-4.753101109203249,-5.622583594194203,-3.9091582502329136,0.09287037692225923,0.060127269969578345,0.14162407016659473,932.8314942389454,,,,,
filtered,2014-12-31,259.0,0.01664795,-4.775495750284964,-5.657580259681751,-3.8530660644954846,0.0918362779167159,0.05908429476861976,0.14565229594695758,933.6312923890185,,,,,
filtered,2015-01-01,260.0,-0.0081222,-4.7847755812928305,-5.569187214878967,-3.921659403451672,0.09141115238296803,0.06175418037163019,0.14074159891651938,934.3899892971895,,,,,
filtered,2015-01-02,261.0,-0.00167312,-4.81773216114193,-5.629330199766084,-3.9794505585601394,0.08991719564267092,0.059924784197198995,0.13673298366998846,936.8220923295726,,,,,
filtered,2015-01-05,262.0,-0.00467181,-4.821384635587038,-5.64729540795528,-3.9464683468187,0.08975313536513044,0.05938891394361829,0.1390065571241078,936.7037607424604,,,,,
filtered,2015-01-06,263.0,0.00191162,-4.830652810483388,-5.660951752998485,-3.967463702005847,0.08933817371399018,0.058984777520152985,0.13755494371955665,937.8325011809052,,,,,
filtered,2015-01-07,264.0,0.01973991,-4.803903168128956,-5.578890050448954,-3.9529319782140013,0.09054108222292534,0.061455310599929855,0.13855803870553476,946.2943412072626,,,,,
filtered,2015-01-08,265.0,-0.01111578,-4.811109997212887,-5.600915835715657,-3.962379641088182,0.09021541228488428,0.0607822229862266,0.13790505738752495,940.0969701275068,,,,,
filtered,2015-01-09,266.0,0.00563171,-4.828570113644365,-5.623822987069306,-3.980857328337687,0.08943125433625727,0.060090020857341615,0.13663684157189138,937.8911248892451,,,,,
filtered,2015-01-12,267.0,0.00713208,-4.801868059435999,-5.579519048520984,-4.003705436860936,0.09063325958446009,0.061435986002931015,0.13508477719330583,941.282440162994,,,,,
filtered,2015-01-13,268.0,0.0122189,-4.822574211207657,-5.681917030682252,-3.9574953902984884,0.08969976716722834,0.05836969089812387,0.13824225039646965,938.7303212409048,,,,,
filtered,2015-01-14,269.0,-0.00678431,-4.828268473909064,-5.733663424060871,-3.942886142815525,0.08944474336338115,0.05687884998088391,0.13925575514972793,933.7157202047787,,,,,
filtered,2015-01-15,270.0,-0.00645367,-4.847526822224289,-5.724755706559108,-4.028042686211805,0.08858759777705587,0.057132745331919824,0.13345094216375572,938.91925369689,,,,,
filtered,2015-01-16,271.0,-0.0011961,-4.883186072664685,-5.680213808441083,-4.089230504611648,0.08702211159700803,0.05841942034806859,0.1294299782844909,942.3394713455278,,,,,
filtered,2015-01-19,272.0,-0.00101625,-4.903882987084574,-5.675695883105898,-4.064754570028251,0.08612621059063967,0.058551536804587245,0.13102367000863357,942.6904868692881,,,,,
filtered,2015-01-20,273.0,-0.00819168,-4.907496610564609,-5.677957321007177,-4.0660580686800865,0.08597073724005498,0.05848536888804158,0.13093830324191433,942.8001164518698,,,,,
filtered,2015-01-21,274.0,0.0061536,-4.924951665217712,-5.693674528082575,-4.067186029543179,0.08522368996113906,0.05802755679915918,0.13086447742126198,940.3457993396548,,,,,
filtered,2015-01-22,275.0,0.0053541,-4.924659576812087,-5.668609956970908,-4.123677782296007,0.08523613729590859,0.05875935065805143,0.12721981127988968,945.5511301847805,,,,,
filtered,2015-01-23,276.0,0.01918891,-4.9301447036411155,-5.656785571336694,-4.136117391209077,0.08500269204968663,0.05910777623363674,0.12643098464747518,954.0866786949933,,,,,
filtered,2015-01-26,277.0,-0.0025456,-4.917549129309156,-5.637527341177688,-4.148178460269615,0.0855397101506643,0.059679680861921255,0.12567083259419018,949.4497664644529,,,,,
filtered,2015-01-27,278.0,-0.0088759,-4.918675685861101,-5.6457432551665425,-4.132429647123563,0.08549154105777888,0.059435022167254874,0.1266643222616469,947.2974604488057,,,,,
filtered,2015-01-28,279.0,-0.00706494,-4.889954598149063,-5.601852152500718,-4.1156206452394235,0.08672810368760225,0.06075377393826883,0.12773335874381703,950.9674276958941,,,,,
filtered,2015-01-29,280.0,0.0030746,-4.865245336261913,-5.563032868238663,-4.122359358439511,0.08780624369844034,0.06194450136303712,0.1273037037454138,953.8300815606991,,,,,
filtered,2015-01-30,281.0,-0.00611063,-4.8517578864514075,-5.550949025592543,-4.0709950525526795,0.08840038596521725,0.062319898083411915,0.13061548170131904,952.2520494924601,,,,,
filtered,2015-02-02,282.0,0.00687255,-4.844317091048877,-5.51430976404654,-4.0927485738441485,0.08872988310810241,0.06347209731451306,0.12920250659624852,953.0355064172132,,,,,
filtered,2015-02-03,283.0,-0.00547406,-4.8552002393815865,-5.526726511896295,-4.069630514427992,0.08824836416708937,0.06307925950438807,0.13070462701063223,953.0978103259856,,,,,
filtered,2015-02-04,284.0,0.00202581,-4.847749780043358,-5.527308201476222,-4.0632817025308166,0.0885777226787002,0.06306091589810693,0.13112019579917117,953.4782199107299,,,,,
filtered,2015-02-05,285.0,-0.00027438,-4.8532725608738065,-5.568649517482141,-4.087994406897167,0.08833346240849002,0.061770785134629115,0.1295099970598715,953.6751674633747,,,,,
filtered,2015-02-06,286.0,-0.00746456,-4.844248079224859,-5.648387422263578,-4.079832547616412,0.08873294486646559,0.059356496022741664,0.13003959814297986,950.0998908433655,,,,,
filtered,2015-02-09,287.0,-0.01246355,-4.870443197858294,-5.6057367191551295,-4.112311764162246,0.08757833763174845,0.060635887417655666,0.12794486090128135,951.5307855701022,,,,,
filtered,2015-02-10,288.0,0.01221864,-4.858264620635735,-5.6026683324484985,-4.06466110483265,0.08811325438406158,0.060728985990449125,0.13102979322818228,945.9606507363153,,,,,
filtered,2015-02-11,289.0,0.00372935,-4.8656493254451565,-5.589683762391849,-4.057074815410003,0.08778850910330908,0.061124538507452794,0.13152775201320732,945.2665632616001,,,,,
filtered,2015-02-12,290.0,-0.00917267,-4.831892471589306,-5.5344410000552475,-4.056770730947418,0.08928281634224415,0.06283641605844112,0.13154775130643032,951.125993990034,,,,,
filtered,2015-02-13,291.0,-0.00838207,-4.831714849943543,-5.514109729513849,-4.0925020697505365,0.08929074597474608,0.06347844593765635,0.12921843205104125,952.353975935442,,,,,
filtered,2015-02-16,292.0,0.01728942,-4.824249186325054,-5.474273828016895,-4.057647208001833,0.08962467617648187,0.06475548225158671,0.13149011464386584,955.3860308316512,,,,,
filtered,2015-02-17,293.0,-0.00637361,-4.820696380042188,-5.527252684118198,-4.053225548547896,0.08978402722674071,0.06306266641012538,0.13178113848166081,951.2538362762461,,,,,
filtered,2015-02-18,294.0,0.01340819,-4.805902109865853,-5.456448796340566,-4.080882585229079,0.09045063425642891,0.06533519602951668,0.12997134282761671,957.0199206057994,,,,,
filtered,2015-02-19,295.0,0.00219466,-4.80480728077698,-5.5549536090686145,-4.071211743030401,0.09050016180398754,0.06219524030862841,0.1306013309023549,953.0393614879945,,,,,
filtered,2015-02-20,296.0,-0.01382415,-4.7910438762132195,-5.539931629952589,-4.042543191626673,0.09112510484362882,0.06266414688088502,0.13248688814968423,956.5155033519696,,,,,
filtered,2015-02-23,297.0,-0.00307186,-4.779439092313141,-5.511548826868563,-4.042136145801363,0.09165538537839442,0.06355977905815487,0.13251385501114307,950.9338950314301,,,,,
filtered,2015-02-24,298.0,0.00661124,-4.77936192831723,-5.526101088067177,-4.004418274276127,0.09165892169450433,0.06309898822493887,0.13503663903078317,949.0812523744598,,,,,
filtered,2015-02-25,299.0,-0.01378744,-4.77319230766601,-5.541520085413733,-3.978424323127455,0.09194210864703092,0.06261439703668768,0.1368031617895963,947.7186255748852,,,,,
filtered,2015-02-26,300.0,-0.00445965,-4.782001853507547,-5.58623387490188,-4.012071644073454,0.09153801515996123,0.06123006588604633,0.1345208838091692,945.049814897019,,,,,
filtered,2015-02-27,301.0,-0.00531657,-4.760764412082478,-5.578757488100874,-4.000877214615261,0.09251521087959914,0.06145938406506294,0.13527593720815717,942.4088822075015,,,,,
filtered,2015-03-02,302.0,0.00498154,-4.7516437627282695,-5.543207709942725,-3.9937709882590933,0.09293807374191307,0.06256158452559003,0.13575744283876137,942.3699287361218,,,,,
filtered,2015-03-03,303.0,0.00437861,-4.745991049259334,-5.578028277599349,-3.97160388627794,0.09320112145074519,0.06148179656481096,0.13727048683984486,939.9515913087871,,,,,
filtered,2015-03-04,304.0,0.00474381,-4.7349487458757205,-5.563064297045959,-3.90951976684494,0.09371712212835327,0.06194352794978725,0.14159847275312298,941.2316111118946,,,,,
filtered,2015-03-05,305.0,0.00213716,-4.770313737121214,-5.589194564799405,-3.909359686993633,0.09207453484659865,0.06113949132463735,0.14160980673793439,938.4320204573506,,,,,
filtered,2015-03-06,306.0,0.0035224,-4.797753093903879,-5.6777720488015255,-3.919587128835777,0.09081992792167946,0.05849078699564002,0.14088750211275622,931.5646178323412,,,,,
filtered,2015-03-09,307.0,-0.00859937,-4.8174366749194695,-5.718905696331592,-3.9279993544561527,0.0899304812703141,0.05730010354667415,0.1402961578873931,928.9629733526685,,,,,
filtered,2015-03-10,308.0,0.00206653,-4.849326120254981,-5.753557219253643,-3.9693078841229092,0.08850793587119445,0.056315886396947124,0.13742816399610372,929.4083625686916,,,,,
filtered,2015-03-11,309.0,0.01061102,-4.89576193576279,-5.788546885044302,-3.9777689779428616,0.08647663925963472,0.05533921761421141,0.13684799578128828,930.3089585036953,,,,,
filtered,2015-03-12,310.0,0.00052418,-4.941745963457657,-5.790891107850656,-4.044336386322824,0.08451105018668167,0.05527439188511276,0.13236815399343335,930.4177069679668,,,,,
filtered,2015-03-13,311.0,-0.00413792,-4.926790112945506,-5.767745800010031,-4.020141423133497,0.08514538630636519,0.055917778960512574,0.1339792004546648,931.3793003495529,,,,,
filtered,2015-03-16,312.0,-0.00366467,-4.964898308128295,-5.745438696062145,-4.1170630436421405,0.08353837648679799,0.056544951915722945,0.12764127075838638,942.2806087916058,,,,,
filtered,2015-03-17,313.0,0.01025997,-4.978603801332568,-5.761109856323358,-4.145628934055867,0.08296786617508188,0.05610362071500651,0.12583113528746315,942.9818617242588,,,,,
filtered,2015-03-18,314.0,-0.01640762,-4.975421504986784,-5.777367268524592,-4.17478478001931,0.08309998542653345,0.05564941940648336,0.12401008450761068,948.9712497170111,,,,,
filtered,2015-03-19,315.0,0.01992933,-4.971259856477343,-5.764683861439005,-4.166979087390433,0.08327308192101142,0.05600345292798758,0.12449502251258086,950.76729021007,,,,,
filtered,2015-03-20,316.0,-0.01436211,-4.96493705361897,-5.767149532805354,-4.147858441159756,0.08353675813478043,0.05593445241472382,0.12569094273704579,947.8444826582588,,,,,
filtered,2015-03-23,317.0,-0.00184313,-4.957290560357878,-5.74341704823986,-4.116668883226007,0.08385675108003712,0.05660213780273553,0.12766642880558052,944.272325801086,,,,,
filtered,2015-03-24,318.0,-0.00800746,-4.958679491593312,-5.712155860597737,-4.131471351953662,0.08379853566623993,0.05749381338344113,0.12672502770803054,945.9218039621431,,,,,
filtered,2015-03-25,319.0,0.00438444,-4.944731417094369,-5.697835848392082,-4.133559635461804,0.08438499238395916,0.05790694669168346,0.1265927778711184,945.0929696655274,,,,,
filtered,2015-03-26,320.0,0.00531332,-4.941109093647962,-5.694490837828898,-4.115317220646395,0.08453796574010483,0.058003877401833374,0.12775273893508304,943.5329650234665,,,,,
filtered,2015-03-27,321.0,0.00170684,-4.951942157502215,-5.684953499921925,-4.1723019178106995,0.08408130103559491,0.05828113925075107,0.12416413008246607,946.5344621952061,,,,,
filtered,2015-03-30,322.0,-0.00084547,-4.929921112813815,-5.685691928115089,-4.163139116415082,0.08501219549201643,0.05825962500450074,0.12473428076177696,945.6053803674023,,,,,
filtered,2015-03-31,323.0,-0.01427844,-4.9409347742418195,-5.6363843070470745,-4.167944583406862,0.08454533436521591,0.05971379856648244,0.12443493729260734,950.2300537868621,,,,,
filtered,2015-04-01,324.0,-0.00304014,-4.968113213600565,-5.713251281629246,-4.196188536136994,0.08340420036472083,0.057462332039378804,0.12269001988934483,946.5818297199137,,,,,
filtered,2015-04-02,325.0,-0.00137334,-4.9503792019640205,-5.7159038407642875,-4.138156735046454,0.08414703438438105,0.057386171438781074,0.12630213222753944,945.7044869108413,,,,,
filtered,2015-04-03,326.0,-0.0114542,-4.966221508128491,-5.738632755535085,-4.1293640907564395,0.08348312577585665,0.056737700478452884,0.12685861944064342,944.2814632443105,,,,,
filtered,2015-04-06,327.0,0.0038264,-4.984510134075125,-5.839145993655754,-4.142559105341028,0.08272320969624775,0.053956722073528154,0.12602442360618568,937.124593517297,,,,,
filtered,2015-04-07,328.0,0.00215929,-5.021742500940605,-5.849242947544446,-4.200885375405669,0.08119746508471774,0.05368500925120482,0.1224022302953311,939.2228863577358,,,,,
filtered,2015-04-08,329.0,-0.00335402,-5.022031547353163,-5.9012920441892485,-4.159302298328253,0.08118573101466513,0.05230590426145746,0.12497380181022792,933.6201359465811,,,,,
filtered,2015-04-09,330.0,0.00012099,-5.0504950658235686,-5.9269834804333374,-4.202133510561569,0.08003849817192973,0.051638294502886116,0.1223258668623847,929.8656819171624,,,,,
filtered,2015-04-10,331.0,-0.00301109,-5.102100657530382,-5.94077858322241,-4.210633536248915,0.07799969763571968,0.05128334227053143,0.12180708355584549,931.7260564170466,,,,,
filtered,2015-04-13,332.0,-0.01616191,-5.096764289879934,-5.938748109347394,-4.196816894764501,0.07820809306234285,0.05133543345185482,0.12265147927774007,939.8535292132937,,,,,
filtered,2015-04-14,333.0,0.00453466,-5.126552043168802,-6.001975910032687,-4.180512743114138,0.07705190282191124,0.0497379052733826,0.12365543001826212,930.6966933462433,,,,,
filtered,2015-04-15,334.0,-0.02163682,-5.120533725099575,-5.968939600517227,-4.219865649436533,0.07728411345556208,0.050566306685726405,0.121246110901484,941.570092346553,,,,,
filtered,2015-04-16,335.0,0.00275477,-5.121471406828356,-5.9244441067150335,-4.233709245838461,0.07724788799765696,0.051703900607636334,0.1204097676280428,931.5221469657401,,,,,
filtered,2015-04-17,336.0,-0.01111816,-5.140191138337055,-5.887261637465377,-4.246831920196275,0.0765282313349788,0.052674130899125496,0.11962230477275221,939.8114378438822,,,,,
filtered,2015-04-20,337.0,0.0035008,-5.14948202901235,-5.87880205387745,-4.262096226449784,0.07617354808818617,0.05289740337090812,0.1187128041641533,940.3370252863118,,,,,
filtered,2015-04-21,338.0,0.00475862,-5.141414756567758,-5.884585986074821,-4.292925487197268,0.07648142498520208,0.05274464686343595,0.1168969217017814,942.7368702888847,,,,,
filtered,2015-04-22,339.0,-0.00151462,-5.128024020249308,-5.853494035913006,-4.253585984399494,0.07699521436801476,0.053571020578903776,0.11921901774934689,943.8536611095087,,,,,
filtered,2015-04-23,340.0,0.0074395,-5.0905672401243045,-5.759758575336362,-4.262993025922754,0.07845079860474179,0.05614153940125091,0.1186595853066012,951.5660166193363,,,,,
filtered,2015-04-24,341.0,-0.00611522,-5.064734966976008,-5.739984657317112,-4.260263677600141,0.0794706519381604,0.056699361538340584,0.11882162751892253,952.8754154459133,,,,,
filtered,2015-04-27,342.0,-0.00543191,-5.028075025700059,-5.723184615552258,-4.27222473270152,0.08094077918758484,0.05717764333551725,0.11811313220152138,952.9062189768301,,,,,
filtered,2015-04-28,343.0,0.01906953,-4.997070550873579,-5.661649701511818,-4.250833954234337,0.08220531863398005,0.05896419694251799,0.11938317783337399,959.0845278001154,,,,,
filtered,2015-04-29,344.0,-0.00486406,-4.980183801574912,-5.641784861256306,-4.230443234400494,0.08290234743406438,0.0595527722690394,0.12060655810345487,953.447838201541,,,,,
filtered,2015-04-30,345.0,-0.00273912,-4.9720515399258645,-5.620899472869411,-4.210574748515154,0.08324012548387609,0.06017792210144787,0.12181066398966577,954.6489443611423,,,,,
filtered,2015-05-01,346.0,-0.02911962,-4.950949770468044,-5.657222530358306,-4.212130728793006,0.08412303198453384,0.059094863806202165,0.12171593334879616,965.7326896489836,,,,,
filtered,2015-05-04,347.0,-0.00939614,-4.926713814512147,-5.645000214667954,-4.1692438186083605,0.08514863459811614,0.05945710758384297,0.12435412841746951,954.3224466918766,,,,,
filtered,2015-05-05,348.0,-0.01006722,-4.9097049251920595,-5.655496328121374,-4.145887859001234,0.08587586440866912,0.05914589066675141,0.12581484593200112,951.2290913625711,,,,,
filtered,2015-05-06,349.0,-0.00174928,-4.902759811981676,-5.634093401376966,-4.170309347577903,0.0861745915821706,0.0597822370954128,0.12428789459939363,947.7102288730135,,,,,
filtered,2015-05-07,350.0,-0.00237427,-4.90057365670948,-5.615562247569421,-4.118476823914979,0.08626883860129939,0.06033872813469389,0.12755107428634135,945.034157724224,,,,,
filtered,2015-05-08,351.0,-0.00028446,-4.908000792135298,-5.652866086006589,-4.0590125534408195,0.08594906754086797,0.05922372584314696,0.13140038056270503,940.1378223846044,,,,,
filtered,2015-05-11,352.0,-0.01038279,-4.907743644578247,-5.706985634006439,-4.082797854568522,0.08596011904769423,0.05764263368062254,0.12984693734066577,938.6443597940845,,,,,
filtered,2015-05-12,353.0,0.00609049,-4.950488385600208,-5.843417700390354,-4.063314879325204,0.08414244077017484,0.05384160141118988,0.13111802074332354,931.1021723811456,,,,,
filtered,2015-05-13,354.0,0.00693302,-5.004122910486856,-6.054252848392657,-4.102172650949685,0.08191595836740308,0.04845467644762908,0.1285951315152624,923.8675986675061,,,,,
filtered,2015-05-14,355.0,0.00749381,-5.053079040670953,-6.062161369363672,-4.163560344316536,0.07993515621151212,0.04826345235931007,0.12470801274841681,922.9947533885697,,,,,
filtered,2015-05-15,356.0,0.00018338,-5.07285789584877,-6.037906353752657,-4.1883636768883195,0.07914853927891638,0.04885233135432116,0.12317097619812173,919.6890492978221,,,,,
filtered,2015-05-18,357.0,-0.01131936,-5.1078122300414925,-5.998167463534088,-4.163472650027324,0.07777726493257343,0.04983270758270977,0.12471348095856712,924.8298609074074,,,,,
filtered,2015-05-19,358.0,0.00628439,-5.169810338563654,-6.08602860689936,-4.221048413839025,0.07540322980452789,0.047690917718102535,0.12117442930722522,922.3785606303371,,,,,
filtered,2015-05-20,359.0,-0.00847761,-5.215533432121431,-6.09299108433834,-4.243371660162844,0.07369895079408424,0.04752518289739041,0.1198294460519101,926.7232440775259,,,,,
filtered,2015-05-21,360.0,0.00997952,-5.252968379039434,-6.087032887588318,-4.316508488518524,0.07233232245241218,0.047666976195756244,0.11552662636853306,931.3616645575929,,,,,
filtered,2015-05-22,361.0,-0.01095813,-5.247608056827728,-6.049194987850078,-4.373881434929784,0.07252644475306251,0.04857737002203981,0.1122596578323998,936.9214260411129,,,,,
filtered,2015-05-25,362.0,0.01078072,-5.260243330249333,-6.030434014337147,-4.388839422134166,0.07206969333711763,0.04903519334387981,0.11142320039854292,939.4200851021051,,,,,
filtered,2015-05-26,363.0,0.00594711,-5.266629306581068,-6.035999261050144,-4.385735705439721,0.0718399426499827,0.04889893653320228,0.11159624765984545,937.9455222082113,,,,,
filtered,2015-05-27,364.0,-0.0074581,-5.262218021143852,-6.073989003147944,-4.424107707582726,0.0719985707705648,0.047978873442663494,0.10947557064028732,940.7971520355799,,,,,
filtered,2015-05-28,365.0,0.00071876,-5.2369853311161885,-6.061613477529134,-4.403778236916938,0.07291268383774707,0.04827667574620094,0.11059403566158453,938.3278098317409,,,,,
filtered,2015-05-29,366.0,-0.00110594,-5.228470207762436,-6.003183329352369,-4.390644913595767,0.07322377586302935,0.049707887081556705,0.11132265896857235,939.1348416417038,,,,,
filtered,2015-06-01,367.0,0.00151401,-5.220788238737517,-6.036579958623868,-4.392115963283473,0.07350556808540022,0.048884740847250835,0.1112408084924366,939.2773436712821,,,,,
filtered,2015-06-02,368.0,0.00684021,-5.199345388673246,-5.999066551161965,-4.319932200708125,0.07429789235598379,0.049810310631866694,0.11532903058509915,937.0624126247926,,,,,
filtered,2015-06-03,369.0,-0.01633021,-5.190995343883358,-5.95723420083903,-4.271199464572863,0.07460873615886479,0.05086312384433149,0.11817369653887731,941.4111436598812,,,,,
filtered,2015-06-04,370.0,0.00971002,-5.207601038820641,-5.942445276583441,-4.3595173778669025,0.07399183576160917,0.05124062326982551,0.1130688121043002,942.2590947609668,,,,,
filtered,2015-06-05,371.0,-0.01365372,-5.210773760072445,-5.931412999187365,-4.315978639286772,0.07387455107921582,0.051524054659502085,0.11555723627012636,945.0826080040114,,,,,
filtered,2015-06-08,372.0,0.00738076,-5.189287357291292,-5.962406983934055,-4.2831399412814175,0.07467247873336164,0.05073174186659791,0.1174702732949347,942.3987192638928,,,,,
filtered,2015-06-09,373.0,0.00470794,-5.169390832294313,-5.929172464723436,-4.30350137531312,0.0754190475271941,0.05158180771298174,0.11628040879874499,941.8284922484909,,,,,
filtered,2015-06-10,374.0,-0.00719638,-5.168077495187197,-5.904309887527882,-4.358285795675216,0.07546858910846352,0.05222703826535319,0.11313846031418447,946.0311392073448,,,,,
filtered,2015-06-11,375.0,-0.0022277,-5.144537677700647,-5.898744497322571,-4.333085019234353,0.0763620954444537,0.052372572583867315,0.11457306816374813,946.5851138430758,,,,,
filtered,2015-06-12,376.0,0.01667155,-5.130530059403762,-5.828309986159597,-4.351699479207556,0.07689879827529962,0.05424985317158471,0.11351165732746617,953.8501995338722,,,,,
filtered,2015-06-15,377.0,0.01047127,-5.1122501657078185,-5.796555823537819,-4.289490423411627,0.0776048710225435,0.05511805653105435,0.11709786840976859,949.2569054205599,,,,,
filtered,2015-06-16,378.0,0.007575,-5.115293795892392,-5.758054068728593,-4.317906003775729,0.07748686057640065,0.05618940660828616,0.11544592945412706,953.1145744482211,,,,,
filtered,2015-06-17,379.0,0.00423368,-5.104625078798905,-5.771020387068455,-4.308950651728997,0.07790130769537193,0.05582630005220081,0.11596401797509187,954.4020405918626,,,,,
filtered,2015-06-18,380.0,0.0064146,-5.087141533800143,-5.748805612491381,-4.3149702353389925,0.07858528845099763,0.056449840932070894,0.11561551514767893,955.6521388044334,,,,,
filtered,2015-06-19,381.0,0.00672608,-5.077807857423017,-5.76756328447639,-4.337596132700995,0.0789528903783782,0.05592288212499424,0.11431493333670698,953.205974064748,,,,,
filtered,2015-06-22,382.0,-0.01810293,-5.055311239228121,-5.7171896099575115,-4.308102519578249,0.07984599040953055,0.057349290609433334,0.11601320480957601,960.0475462010543,,,,,
filtered,2015-06-23,383.0,-0.00547607,-5.048460564646726,-5.734331488762443,-4.305351813686793,0.08011995880720645,0.05685985377776461,0.11617287368791618,954.4346278907565,,,,,
filtered,2015-06-24,384.0,0.01649652,-5.031061539013221,-5.770845426921956,-4.291417876929984,0.08082000402687269,0.05583118395463757,0.11698507242152559,955.5741100186341,,,,,
filtered,2015-06-25,385.0,0.01486221,-5.012125757405284,-5.736403940192082,-4.261471708474129,0.08158883285024471,0.05680096465162206,0.11874987909241226,952.7209934678345,,,,,
filtered,2015-06-26,386.0,0.01500406,-4.985713066051215,-5.681052922292757,-4.281793886912635,0.08267346945922348,0.05839491521666644,0.11754936059318556,957.4295413279441,,,,,
filtered,2015-06-29,387.0,0.00251031,-4.98554282110979,-5.634996718044331,-4.280542126585055,0.08268050712873388,0.059755242046550784,0.11762295543462034,953.1502376828732,,,,,
filtered,2015-06-30,388.0,0.00435364,-4.939227210827006,-5.571775623180442,-4.237741360195939,0.08461754844828842,0.061674309550790174,0.12016725918920486,956.213466653781,,,,,
filtered,2015-07-01,389.0,-0.01307206,-4.936792246264385,-5.688356316432543,-4.226907865996218,0.0847206315524055,0.05818206354731118,0.12081994095207062,951.2079175274648,,,,,
filtered,2015-07-02,390.0,-0.00051722,-4.955738954098262,-5.858762016170598,-4.202788028241115,0.08392183265195992,0.05343010071175298,0.1222858411908557,940.9707784890788,,,,,
filtered,2015-07-03,391.0,0.01052592,-4.96540545118126,-5.858430952292402,-4.177433699443103,0.08351719621862232,0.053438945831984754,0.12384594686765124,939.6922149139997,,,,,
filtered,2015-07-06,392.0,0.00314535,-4.947969091681553,-5.881200579508297,-4.098459849079892,0.08424849732272494,0.05283400350616173,0.12883407735865224,932.0494938746172,,,,,
filtered,2015-07-07,393.0,-0.00202552,-4.970958065001121,-5.847350832953964,-4.098762612952354,0.08328564842226456,0.05373582237812679,0.12881457568270716,929.757856615459,,,,,
filtered,2015-07-08,394.0,-0.00132128,-5.042397907846392,-5.91066537602534,-4.097683859309463,0.08036319719521695,0.052061337511623874,0.12888407402030605,925.4477353303239,,,,,
filtered,2015-07-09,395.0,-0.01254127,-5.055923221554419,-5.924244527243956,-4.106310705558926,0.0798215619796848,0.05170906038364635,0.12832933973695781,929.216048749505,,,,,
filtered,2015-07-10,396.0,0.00445013,-5.057648581162482,-5.904395509381974,-4.131914206639123,0.07975273122395887,0.052224802425287715,0.1266969704283268,928.2356098338136,,,,,
filtered,2015-07-13,397.0,-0.00087011,-5.075530423061235,-5.904565666601448,-4.101402667287278,0.07904284659875957,0.052220359400709446,0.12864464912175366,928.490839902721,,,,,
filtered,2015-07-14,398.0,0.01105706,-5.097934508607706,-5.849320582964216,-4.155253096403576,0.07816234615953613,0.05368292536253668,0.1252270801969569,938.6364697850183,,,,,
filtered,2015-07-15,399.0,0.00072103,-5.091082895833826,-5.823253983746299,-4.217088547681869,0.07843057441092555,0.05438717036174377,0.12141458423497781,941.5716330185592,,,,,
filtered,2015-07-16,400.0,-0.01085152,-5.081966230798045,-5.81923936624784,-4.20084105583101,0.07878890311890277,0.05449645184880541,0.12240494273277651,944.1949737847845,,,,,
filtered,2015-07-17,401.0,0.00429053,-5.071676867188341,-5.829542878928349,-4.231994500686912,0.07919529142812462,0.054216421351265226,0.1205130479291847,944.3050705926911,,,,,
filtered,2015-07-20,402.0,0.01281618,-5.067345573388541,-5.802356873912313,-4.244138310838665,0.07936698631363642,0.05495841685119141,0.11978352119165424,948.6942571888724,,,,,
filtered,2015-07-21,403.0,-0.01373866,-5.047769046967525,-5.764959340057957,-4.265528507349144,0.08014766578088199,0.055995739582280664,0.1185092510318719,949.4013871271999,,,,,
filtered,2015-07-22,404.0,0.00270384,-5.052058606103975,-5.752743475296017,-4.280982441256789,0.0799759509159663,0.05633880441511758,0.11759706272845423,949.6257994876471,,,,,
filtered,2015-07-23,405.0,-0.00601829,-5.045453118028796,-5.745831278098953,-4.265543345075538,0.08024052768517521,0.056533853738797664,0.11850837183121225,951.4169783237301,,,,,
filtered,2015-07-24,406.0,-0.00529594,-5.019859744558826,-5.721632801657501,-4.245327697632466,0.08127393859710486,0.05722202508204215,0.11971230789968011,950.5863349704528,,,,,
filtered,2015-07-27,407.0,0.0036305,-5.026888623847435,-5.808167116901991,-4.223012490445787,0.08098880757660941,0.05479898766577967,0.1210554897873961,943.5977188572829,,,,,
filtered,2015-07-28,408.0,0.00285005,-5.025347475628529,-5.772511405567257,-4.226620961658075,0.08105123950600836,0.05578469653898089,0.12083727407787474,943.6287102767579,,,,,
filtered,2015-07-29,409.0,-0.01181472,-5.00522851913804,-5.824182367834631,-4.2007631815321265,0.08187068738543278,0.05436193012856809,0.12240970892511445,941.3122479995726,,,,,
filtered,2015-07-30,410.0,0.01516479,-5.0186696714578165,-5.991416837174371,-4.2191467657985635,0.08132231395229851,0.05000119276256688,0.12128969965747285,939.4504375882158,,,,,
filtered,2015-07-31,411.0,-0.02013903,-5.028699108856611,-6.070687617956038,-4.19560298710101,0.08091552623929009,0.048058137215881196,0.12272594565959877,939.9252720749663,,,,,
filtered,2015-08-03,412.0,0.00055209,-5.012977835952703,-6.0922326516065155,-4.210862174238027,0.08155408020667558,0.04754320864215078,0.12179315948843143,926.2904316819292,,,,,
filtered,2015-08-04,413.0,-0.00072548,-5.01708370458148,-6.113166096224203,-4.145160547120446,0.08138682677583593,0.04704818225077307,0.12586060756835518,917.566223708925,,,,,
filtered,2015-08-05,414.0,-0.02488813,-5.082264398494685,-6.14376226164712,-4.117391155066009,0.07877715784155824,0.04633391267486972,0.1276203321964322,930.3299951734589,,,,,
filtered,2015-08-06,415.0,0.01541802,-5.154258274179708,-6.14305226212712,-4.133830062003781,0.07599185335871358,0.0463503641227064,0.1265756620047111,915.0387346125364,,,,,
filtered,2015-08-07,416.0,-0.00314619,-5.223857483153479,-6.115446433398433,-4.118329266623534,0.07339285131915373,0.04699456996062237,0.12756048517901983,908.1943189670942,,,,,
filtered,2015-08-10,417.0,-0.00748793,-5.283848043326493,-6.161235147214842,-4.2395763505239366,0.07122410092786409,0.04593088218768214,0.1200570568728046,913.3422262061714,,,,,
filtered,2015-08-11,418.0,0.01254902,-5.31324559673719,-6.222427497847708,-4.291260356192273,0.07018485033957832,0.04454685381820132,0.11699428657183024,921.0762245590884,,,,,
filtered,2015-08-12,419.0,-0.00293528,-5.329359579462465,-6.20367329540217,-4.333141229315476,0.06962164352952235,0.04496653881471924,0.11456984812826995,920.5658962130962,,,,,
filtered,2015-08-13,420.0,0.00068521,-5.348957029588208,-6.28461953914275,-4.430211365360217,0.06894277165738093,0.04318293998119685,0.10914197922207201,919.7578353440346,,,,,
filtered,2015-08-14,421.0,-0.00082287,-5.401123959602394,-6.378461886907895,-4.48265178675457,0.06716775520953931,0.04120354661455823,0.10631744528866281,919.2836484358795,,,,,
filtered,2015-08-17,422.0,0.00472618,-5.4318953247173924,-6.458458992447107,-4.467425650856557,0.06614224278390132,0.03958798973578854,0.10712993607334033,917.1586941798989,,,,,
filtered,2015-08-18,423.0,0.01275463,-5.4886403003084965,-6.481920251057976,-4.554354617723538,0.06429199499300316,0.039126310889154824,0.10257333130214992,926.5824172253297,,,,,
filtered,2015-08-19,424.0,0.01381317,-5.556735500781381,-6.499462879459468,-4.596349872013618,0.06213985239446884,0.0387846224418693,0.10044198960412186,929.5615922453179,,,,,
filtered,2015-08-20,425.0,-0.00635281,-5.563853326646234,-6.457787123266621,-4.652192489165153,0.061919095131109506,0.03960129094494202,0.09767630821481252,927.3562815048597,,,,,
filtered,2015-08-21,426.0,0.00074414,-5.598712859008448,-6.4537112267775285,-4.653824288303812,0.06084921078331839,0.03968207861889334,0.09759664665933994,928.0965673306146,,,,,
filtered,2015-08-24,427.0,0.00050216,-5.612951874310335,-6.3875935516130085,-4.704261144999097,0.06041753285214362,0.0410158469570482,0.09516618760407172,936.742401019667,,,,,
filtered,2015-08-25,428.0,0.00653549,-5.6343265471185155,-6.373089140622391,-4.776100201556253,0.05977526851459489,0.04131438352356203,0.09180852683300299,940.5267957464569,,,,,
filtered,2015-08-26,429.0,0.00895913,-5.615604939309717,-6.355422177542636,-4.765951591061224,0.06033744016578467,0.041680950013301375,0.09227557529355317,944.9513925388258,,,,,
filtered,2015-08-27,430.0,-0.01730896,-5.619074575154972,-6.325341301060223,-4.790847947005823,0.06023285643627334,0.042312587916137775,0.09113403231569275,953.15576461403,,,,,
filtered,2015-08-28,431.0,0.00131981,-5.585198891009588,-6.2939037837695855,-4.7920343863529675,0.06126176015206074,0.04298294405387711,0.09107998584709032,947.9166355939525,,,,,
filtered,2015-08-31,432.0,0.00996295,-5.56160572313776,-6.230901372616716,-4.80018862335822,0.0619887190332428,0.04435851086829501,0.09070939793035386,953.5571967287118,,,,,
filtered,2015-09-01,433.0,-0.0040617,-5.545166839314549,-6.185667742304316,-4.791611007389498,0.06250033141228535,0.0453731902653309,0.09109926856299275,953.9444700437131,,,,,
filtered,2015-09-02,434.0,-0.00018246,-5.509058902761688,-6.172443455547138,-4.7706223820166445,0.06363895784827492,0.04567419836257474,0.09206032677534923,956.0131754814356,,,,,
filtered,2015-09-03,435.0,-0.01032877,-5.4574931143158825,-6.147344144391204,-4.752088408258007,0.06530108957497027,0.046251005616732094,0.09291741378907122,959.8827179027948,,,,,
filtered,2015-09-04,436.0,0.00099463,-5.396979860755148,-6.100844106467963,-4.677708028553331,0.06730707440629201,0.04733894062134773,0.09643809160557511,957.3713212220093,,,,,
filtered,2015-09-07,437.0,-0.01897984,-5.34724217671525,-6.074751444478567,-4.614318552249937,0.06900191036232549,0.04796058639053136,0.09954362625119044,961.7049352611556,,,,,
filtered,2015-09-08,438.0,-0.0018788,-5.300086989584468,-5.998091231429689,-4.585325904348568,0.07064814016742435,0.049834607044993005,0.10099715284675682,953.2164776758098,,,,,
filtered,2015-09-09,439.0,2.514e-05,-5.2372563511929275,-6.012384410920969,-4.460525932452817,0.07290280410657908,0.04947972914709096,0.10750015750782659,949.0871718200102,,,,,
filtered,2015-09-10,440.0,0.00975854,-5.241153939783294,-6.0384563838494625,-4.450042351392131,0.07276086988305569,0.04883889807531077,0.10806513025624676,948.7842989447381,,,,,
filtered,2015-09-11,441.0,-0.01066656,-5.254922997518804,-5.972179979655682,-4.4754416659020375,0.07226166593760779,0.050484446015888654,0.10670141780950762,949.2462386914399,,,,,
filtered,2015-09-14,442.0,0.00284055,-5.251706820957574,-6.001043328344591,-4.439703379758628,0.07237796255829475,0.04976110301123978,0.10862521784953158,944.8064018801433,,,,,
filtered,2015-09-15,443.0,-0.00380624,-5.241918969962304,-6.0433991312216095,-4.413565839538925,0.0727330430748262,0.04871834793133434,0.11005413259157593,942.4050407641141,,,,,
filtered,2015-09-16,444.0,-0.01370379,-5.237294935065021,-6.053787372369829,-4.36800246100788,0.07290139768391098,0.048465955005092834,0.112590129102879,945.5110460777213,,,,,
filtered,2015-09-17,445.0,-0.00408644,-5.246195194944784,-5.983274304940054,-4.459443794625448,0.07257769777894123,0.05020517587749562,0.10755833823974355,947.6220619106097,,,,,
filtered,2015-09-18,446.0,0.00059814,-5.224725680127895,-5.945436234084181,-4.449785270425609,0.07336099850755307,0.05116405127673485,0.10807902189311329,946.6113569591065,,,,,
filtered,2015-09-21,447.0,0.00831663,-5.228808323996418,-5.98256120778348,-4.470859240641078,0.07321139783569545,0.05022307965317062,0.10694617373254033,947.3273641816346,,,,,
filtered,2015-09-22,448.0,-0.00607353,-5.210374213102401,-5.988032231946951,-4.390377946030423,0.07388931072998367,0.050085881551085065,0.11133751973000186,942.780271366791,,,,,
filtered,2015-09-23,449.0,-0.0114766,-5.20484063377555,-5.986911877931554,-4.405993842601529,0.07409402998811675,0.0501139463702396,0.1104715871114863,945.1657527328557,,,,,
filtered,2015-09-24,450.0,0.00111106,-5.200752749209994,-5.95184154391168,-4.352376476846934,0.07424562878572925,0.05100045259140875,0.11347324026787138,943.5400049348898,,,,,
filtered,2015-09-25,451.0,0.01283542,-5.225394518256735,-5.95799531745316,-4.3843768432040715,0.07333646929281437,0.05084377114267852,0.11167209538687324,946.421620079523,,,,,
filtered,2015-09-28,452.0,0.01607244,-5.208434972370302,-5.9175600044409045,-4.354933005403753,0.07396099005575203,0.05188217471580016,0.11332828414413675,947.8629674275712,,,,,
filtered,2015-09-29,453.0,-0.00941684,-5.2144878772692955,-5.870600968201823,-4.3772430371832245,0.07373748901446239,0.053114756768341764,0.11207113015617916,950.0531000067688,,,,,
filtered,2015-09-30,454.0,-0.00798607,-5.17940425545634,-5.846247425918711,-4.343245767752202,0.07504238980361537,0.053765476799827565,0.11399247017380326,951.9662827894657,,,,,
filtered,2015-10-01,455.0,0.00324347,-5.156962912279849,-5.806876772665112,-4.45093535897379,0.07588915758214448,0.054834353852152275,0.10801688953656445,955.6317514808043,,,,,
filtered,2015-10-02,456.0,-0.00450763,-5.119521324221291,-5.8407538796255105,-4.351558291763862,0.07732324461100042,0.053913361377429275,0.11351967082067779,951.4863353009107,,,,,
filtered,2015-10-05,457.0,0.00985938,-5.094365756497069,-5.843811072351114,-4.3240329201387375,0.07830194168686959,0.053831012564404083,0.1150928068413627,950.4140816236422,,,,,
filtered,2015-10-06,458.0,0.00509405,-5.103508612112647,-5.8207197900742775,-4.316804875543749,0.07794480694303642,0.05445612785191138,0.11550950734046703,949.7657413828532,,,,,
filtered,2015-10-07,459.0,-0.01825894,-5.0752948548072165,-5.810544897438748,-4.289891106455485,0.07905215713974872,0.05473387639537405,0.11707441119440232,953.1553170517465,,,,,
filtered,2015-10-08,460.0,-0.00811353,-5.051643125248727,-5.787459213883186,-4.267844630742315,0.07999256688005318,0.055369321234718286,0.11837208944368068,947.5162015033047,,,,,
filtered,2015-10-09,461.0,-0.00530035,-5.034444695710195,-5.700929214639879,-4.22891307596002,0.08068340622345171,0.057817452222112785,0.12069886698218388,950.5424097777634,,,,,
filtered,2015-10-12,462.0,0.01860866,-5.0186538892912225,-5.679725166830134,-4.2424811478929625,0.08132295567598377,0.058433695171650576,0.11988281272794955,956.156141894105,,,,,
filtered,2015-10-13,463.0,0.00429494,-4.998050627221035,-5.685697460725446,-4.221747813728728,0.08216504475844005,0.05825946384082132,0.12113206202432909,951.7622355879319,,,,,
filtered,2015-10-14,464.0,0.00102288,-4.9727217430609505,-5.684629246432115,-4.18071119530038,0.08321223626046619,0.058290588948150805,0.12364316078177247,949.4027587978028,,,,,
filtered,2015-10-15,465.0,0.00459495,-4.948257814074299,-5.698184919418601,-4.200480625277079,0.08423633598669239,0.057896840754969425,0.12242700396125852,949.5560901590155,,,,,
filtered,2015-10-16,466.0,0.01727522,-4.915603476665648,-5.68960921813067,-4.1298253922460475,0.08562296592239113,0.058145626758322015,0.12682936277974965,951.2803998114612,,,,,
filtered,2015-10-19,467.0,0.00649808,-4.9219334820976375,-5.728109114711573,-4.144418840248908,0.08535239740360616,0.05703703088975691,0.12590729206311746,949.1379408834496,,,,,
filtered,2015-10-20,468.0,-0.00056318,-4.8785672728215115,-5.640190501463721,-4.111234861592567,0.08722331269218057,0.05960026546965799,0.1280137715268648,948.7242028211226,,,,,
filtered,2015-10-21,469.0,0.00932198,-4.8477957190163075,-5.612642246808884,-4.049080010566064,0.08857568811726368,0.060426887041073914,0.13205457362513826,947.8973330824908,,,,,
filtered,2015-10-22,470.0,0.00966479,-4.865045661722322,-5.662634610027518,-4.095421179519325,0.08781501047170027,0.058935166921238416,0.12902996822749155,946.7134026247571,,,,,
filtered,2015-10-23,471.0,0.01337337,-4.862599271241951,-5.6632308268095635,-4.059858834060508,0.08792249109601903,0.05891760047193593,0.13134479152677045,945.2372523774393,,,,,
filtered,2015-10-26,472.0,-0.00364356,-4.866304897170382,-5.6575411321220805,-4.016928368196437,0.08775973798676541,0.05908545069206141,0.1341946147085341,941.5535049310879,,,,,
filtered,2015-10-27,473.0,-0.03285365,-4.853228284744305,-5.599891692195107,-4.052357693531808,0.08833541796204647,0.060813355816585916,0.13183833435122252,957.6888789111728,,,,,
filtered,2015-10-28,474.0,-0.0419181,-4.856396493621434,-5.586139561289254,-3.9934739535983406,0.08819559620973849,0.061232953368485527,0.1357776066690526,965.5878055004854,,,,,
filtered,2015-10-29,475.0,0.00501028,-4.854605130712554,-5.528602292786509,-4.0173627476850635,0.08827462675744129,0.06302012580441527,0.13416547217932115,946.3788004762,,,,,
filtered,2015-10-30,476.0,-0.01218796,-4.8634981900793814,-5.534477384644856,-4.039463296843415,0.08788298238372555,0.06283527293023383,0.13269106816040283,950.1836910467387,,,,,
filtered,2015-11-02,477.0,0.01441732,-4.851906107963865,-5.494135178682159,-4.0466796357851536,0.08839383478852178,0.06411559907604637,0.13221315900630626,954.075846325859,,,,,
filtered,2015-11-03,478.0,0.02277594,-4.815497303451181,-5.438248787743464,-4.0604961167092295,0.09001772786912132,0.06593246002507795,0.13130294631561126,960.0305020272466,,,,,
filtered,2015-11-04,479.0,0.00439683,-4.798878055819081,-5.449583080965554,-4.03781765834079,0.09076885780598308,0.06555986787206496,0.13280029385610256,954.9902956184692,,,,,
filtered,2015-11-05,480.0,0.00175252,-4.795075526707821,-5.496728162462427,-4.064719592686661,0.09094159757805254,0.0640325275842071,0.13102596145850187,952.5993795849514,,,,,
filtered,2015-11-06,481.0,-0.00084545,-4.775135735980899,-5.518615857941116,-4.031607246665603,0.09185281059151217,0.06333558591960758,0.13321330701739195,950.8756584262229,,,,,
filtered,2015-11-09,482.0,-0.01393384,-4.747527909429617,-5.436354984087916,-4.004161482287428,0.09312953041492916,0.06599492115959955,0.13505397830744822,955.6785857982397,,,,,
filtered,2015-11-10,483.0,-0.00733255,-4.778198070852403,-5.544925701623911,-4.011152298524899,0.09171227617736803,0.0625078674593729,0.134582733611274,948.9971851010348,,,,,
filtered,2015-11-11,484.0,0.00067682,-4.76195891092106,-5.552785984227406,-4.021124218876705,0.09245997272074687,0.06226268482457743,0.13391337953417679,949.4759263912631,,,,,
filtered,2015-11-12,485.0,-0.00083702,-4.7751701896242125,-5.672758631059841,-3.962142080731878,0.09185122827315464,0.05863759028995364,0.13792143874768067,939.3487766878866,,,,,
filtered,2015-11-13,486.0,0.00699891,-4.798773353850167,-5.655192820648619,-3.9828414918166426,0.09077360976943118,0.05915486695772709,0.13650135387497553,936.8488311899674,,,,,
filtered,2015-11-16,487.0,-0.0103584,-4.799886697320209,-5.635526233523381,-3.95104506597916,0.09072309272859563,0.05973942347787842,0.1386888238200764,934.6603154403169,,,,,
filtered,2015-11-17,488.0,-0.00421593,-4.838390923410223,-5.66971804133996,-3.9602289318016997,0.08899318709227054,0.058726804515851896,0.13805343399575198,932.6534494037609,,,,,
filtered,2015-11-18,489.0,0.0047658,-4.865955370529985,-5.689530250896951,-3.926491157343872,0.08777507651022233,0.058147922603294835,0.14040199491824862,929.1738422402447,,,,,
filtered,2015-11-19,490.0,-0.01556819,-4.866547088977776,-5.726466531117378,-3.9582573731068744,0.08774911128542368,0.057083894176939945,0.13818959131933714,934.7062714404054,,,,,
filtered,2015-11-20,491.0,0.00804186,-4.899426363117474,-5.861444182064448,-3.9193551537406672,0.08631834064114374,0.05335849454047556,0.14090384425633168,926.8595155513713,,,,,
filtered,2015-11-23,492.0,0.00710993,-4.914396400169236,-5.830903755333679,-3.9953730410029302,0.0856746582548309,0.054179542975116894,0.1356487410891597,930.3364400138546,,,,,
filtered,2015-11-24,493.0,0.00358089,-4.963014627784741,-5.871010707590296,-4.025705476450907,0.083617093349191,0.05310387627894253,0.1336069847443713,927.4407334536672,,,,,
filtered,2015-11-25,494.0,-0.00440951,-5.022023210304601,-5.870219533914415,-4.114511936525924,0.08118606944006149,0.05312488762907486,0.12780418791815576,929.5060146399759,,,,,
filtered,2015-11-26,495.0,0.01554332,-5.034693884310734,-5.873698759558446,-4.135928235293272,0.08067335415713804,0.05303255123146392,0.12644294279729854,934.5486487485161,,,,,
filtered,2015-11-27,496.0,0.01541134,-5.02159415024512,-5.795348277437853,-4.099243044326554,0.08120348815830526,0.055151345376597875,0.12878363611713425,934.909913209841,,,,,
filtered,2015-11-30,497.0,0.00432454,-5.052377156330916,-5.943759952259255,-4.140084824257909,0.07996321375169281,0.051206951937245226,0.12618043001088203,929.1951748469961,,,,,
filtered,2015-12-01,498.0,0.00174697,-5.062039647493244,-5.894884184754612,-4.108907666592069,0.0795778235356022,0.05247375745384085,0.12816281472774235,928.9752094746523,,,,,
filtered,2015-12-02,499.0,0.01019949,-5.084804201130217,-5.9032569117053155,-4.163477457912216,0.07867718211809235,0.052254542409306354,0.124713181154897,933.952761956343,,,,,
forecast,,500.0,,-9.156772722137658,-10.004072979361514,-8.307817939108789,0.010271457354493542,0.00672423920218333,0.015702914144473615,,,,,,
forecast,,501.0,,-9.153433208269169,-10.030329685407443,-8.281667469811653,0.010288622518473633,0.006636537962178019,0.015909581599972068,,,,,,
forecast,,502.0,,-9.150025021713711,-10.036952693659256,-8.24567057705652,0.010306170238173592,0.006614597387536391,0.016198521788537465,,,,,,
forecast,,503.0,,-9.147816961826562,-10.055845387168722,-8.212560452524585,0.010317554842035517,0.006552407801616015,0.016468921390814205,,,,,,
forecast,,504.0,,-9.144708797122636,-10.09873620618662,-8.199866654330933,0.010333601637722279,0.006413384764107818,0.01657378038584189,,,,,,
forecast,,505.0,,-9.13429685002781,-10.131585574148101,-8.156908315393268,0.010387538369279848,0.006308907299512032,0.016933622140047566,,,,,,
forecast,,506.0,,-9.13211323109329,-10.16213117519922,-8.145476093672933,0.010398885775488496,0.006213284688052127,0.017030693773263574,,,,,,
forecast,,507.0,,-9.126441834083668,-10.17087115712045,-8.071493775141448,0.010428415729569087,0.006186191930797208,0.01767247583019435,,,,,,
forecast,,508.0,,-9.126918158226461,-10.210322889429488,-8.016299754757188,0.010425932372210052,0.0060653596158609605,0.018166975295566164,,,,,,
forecast,,509.0,,-9.123816247347992,-10.255035582889477,-8.022878458680289,0.010442115074813225,0.005931264852825294,0.018107315893919246,,,,,,
forecast,,510.0,,-9.119765968647327,-10.250522098410986,-7.9783670167742935,0.010463283239959483,0.005944665303745378,0.01851482514941323,,,,,,
forecast,,511.0,,-9.115748307057748,-10.288682445868343,-7.947053409685639,0.010484323331462953,0.0058323152942668,0.018806989339807557,,,,,,
forecast,,512.0,,-9.115515151913627,-10.311840925811557,-7.949167572916976,0.010485545639667112,0.00576517100601472,0.018787119321096373,,,,,,
forecast,,513.0,,-9.114022945161185,-10.333671494759852,-7.911171686641549,0.010493371859892,0.005702584719397466,0.019147447858743075,,,,,,
forecast,,514.0,,-9.111062588526949,-10.330520420029215,-7.86961370244807,0.010508915422176501,0.005711576436234674,0.01954947491998903,,,,,,
forecast,,515.0,,-9.106550672671588,-10.36977600149003,-7.836185632996203,0.010532649855109487,0.005600563839161033,0.019878971460369377,,,,,,
forecast,,516.0,,-9.093905009950827,-10.36239138022074,-7.829278573376459,0.010599457006528354,0.00562128108429986,0.01994774276441949,,,,,,
forecast,,517.0,,-9.085412396143296,-10.412571373718029,-7.788173614254917,0.010644561249447067,0.005481997775637993,0.020361960358679505,,,,,,
forecast,,518.0,,-9.075743564807352,-10.404855678676002,-7.733698871090717,0.010696146073903694,0.00550318733392908,0.020924188691984934,,,,,,
forecast,,519.0,,-9.071352723955105,-10.436361722123701,-7.735036297637291,0.010719654407370624,0.005417174761980594,0.02091020108664377,,,,,,
forecast,,520.0,,-9.069857793398628,-10.475307337721278,-7.731069251717828,0.010727669972139833,0.005312707594620435,0.020951718111966285,,,,,,
forecast,,521.0,,-9.067817880482751,-10.461767283134499,-7.6923642360955595,0.01073861731036165,0.005348796794631952,0.02136113524672,,,,,,
forecast,,522.0,,-9.059404979568345,-10.490357108561907,-7.634227574758665,0.010783883911166942,0.005272880115240827,0.021991180609616037,,,,,,
forecast,,523.0,,-9.053045525309289,-10.501684751838098,-7.638318389256454,0.010818228293345805,0.005243099877336627,0.021946245660187186,,,,,,
forecast,,524.0,,-9.049993056962652,-10.51374034366417,-7.575807997703703,0.010834752049414935,0.005211590602469139,0.022643011926974724,,,,,,
forecast,,525.0,,-9.04241903891747,-10.509131308668604,-7.553587888235744,0.010875861144309962,0.005223614653700594,0.02289597966950972,,,,,,
forecast,,526.0,,-9.038945158544854,-10.524261479088139,-7.53495841987372,0.010894768280120716,0.0051842466625999836,0.023110246001689514,,,,,,
forecast,,527.0,,-9.042892075415523,-10.558824350226446,-7.515088107326116,0.010873289108854111,0.00509542513024017,0.023340994269249033,,,,,,
forecast,,528.0,,-9.043389356440748,-10.547529315604649,-7.524472382771497,0.010870585904753252,0.005124283042949814,0.02323173164764927,,,,,,
forecast,,529.0,,-9.039895766859667,-10.58046133016276,-7.519419800334391,0.01088959118190881,0.00504059743576697,0.023290495963937074,,,,,,
parameters,,,,,,,,,,,mu,-0.5750163106662332,0.15472695865633151,-0.8462864174363618,-0.373353590868174
parameters,,,,,,,,,,,phi,0.9994516600186989,0.00036028488786616806,0.9986328282676367,0.9999265939072048
parameters,,,,,,,,,,,sigma,0.15028278972655845,0.008013146801135587,0.13457158209493425,0.16140786399353663
