section,t,y_obs,h_true,h_mean,h_q05,h_q95,vol_mean,vol_q05,vol_q95,ess,parameter,true_value,post_mean,post_std,ci_low,ci_high,value
filtered,0.0,0.77952365,-0.81198421,-1.1527976139456348,-1.25484000240619,-1.0501837163428065,0.5619183035675543,0.5339676613085089,0.5915010276684336,999.1767483288692,,,,,,,
filtered,1.0,-1.5400349,-0.67653998,-1.1243586385182884,-1.221991786738494,-1.0261232098411497,0.569965572409549,0.5428100189060636,0.5986599100734875,546.0318863799149,,,,,,,
filtered,2.0,0.49024358,-0.88157071,-1.1327682356087978,-1.2319439767973541,-1.0318358688753602,0.5675740135351025,0.5401156539368381,0.596952379896983,946.294684258505,,,,,,,
filtered,3.0,0.09006667,-0.93255997,-1.136026078427603,-1.2305142744426236,-1.029660583713561,0.5666502326605188,0.5405018942837039,0.597602003939473,994.4167227997829,,,,,,,
filtered,4.0,0.69843581,-1.06253976,-1.1434638046980705,-1.2388796670196203,-1.0336705904243266,0.564546851517139,0.5382458604578109,0.5964050103055138,902.2915906253197,,,,,,,
filtered,5.0,-0.20690688,-0.94399478,-1.145744835699617,-1.2398480851920322,-1.0446259225773429,0.5639033441169082,0.5379853000095236,0.593147034012061,989.7487790671236,,,,,,,
filtered,6.0,-0.1076633,-0.77658876,-1.1511598698003143,-1.2426142668483524,-1.0490161700116505,0.5623786312224701,0.5372417318051107,0.5918464309045594,994.8118686284972,,,,,,,
filtered,7.0,0.47467872,-0.91218496,-1.1604100027872255,-1.2646026195877837,-1.0602930465758515,0.5597835983841951,0.5313675515080792,0.5885187316610017,950.5828789390713,,,,,,,
filtered,8.0,0.73048106,-1.0586518,-1.1729666959986083,-1.2806519625881665,-1.0688469102177898,0.556280092549659,0.5271205645893041,0.5860070521400242,897.7602726461404,,,,,,,
filtered,9.0,-0.07936564,-1.06438114,-1.1730890122757258,-1.2844287119606999,-1.0662544877536952,0.5562460725349924,0.526126102712358,0.5867671335696885,996.057234066329,,,,,,,
filtered,10.0,0.78162356,-1.16458913,-1.1781679615735512,-1.2773621104985504,-1.074033379065079,0.5548352918143391,0.5279883524625176,0.5844893671868674,886.5099220550801,,,,,,,
filtered,11.0,-0.16256349,-1.18283088,-1.1802315130853915,-1.2756086853414457,-1.0764677401828584,0.5542631214382365,0.5284514494642716,0.5837783708854676,992.5064588628429,,,,,,,
filtered,12.0,0.34439213,-1.23016599,-1.1812508000095165,-1.2731503012207628,-1.072667157270536,0.5539807168310766,0.5291014171759674,0.5848887746471947,970.6001503345917,,,,,,,
filtered,13.0,0.09741043,-1.1684444,-1.1789663826103283,-1.275066032510643,-1.0661302754751194,0.5546138399357743,0.5285948517553034,0.58680357654267,993.0306359384953,,,,,,,
filtered,14.0,0.94638284,-1.09876792,-1.1843857968100135,-1.2787092409835448,-1.077075102234568,0.5531130331677144,0.5276328376045224,0.5836011153868533,829.7730734104045,,,,,,,
filtered,15.0,-0.13482164,-1.15676713,-1.1867008011049807,-1.2904423079725722,-1.079278157098574,0.5524731740346228,0.5245465237233878,0.5829586166788484,993.8354726232627,,,,,,,
filtered,16.0,0.49729166,-1.27413003,-1.1913508985835515,-1.2922686107877628,-1.0815861225216927,0.5511901391151969,0.5240677519557259,0.5822862805204092,944.8268353488796,,,,,,,
filtered,17.0,-0.383273,-1.09656028,-1.1858477870495503,-1.2846317763232242,-1.0849865879208729,0.5527088579828301,0.5260726866932991,0.5812970995029946,968.6479274168037,,,,,,,
filtered,18.0,-0.15973942,-1.21968695,-1.1825759399870541,-1.2831348054472989,-1.0803421787042538,0.5536137874053839,0.5264665918363408,0.5826485588815287,992.6275405113676,,,,,,,
filtered,19.0,0.18227086,-1.11550742,-1.1852297235712164,-1.286893753317985,-1.0813916684716862,0.5528796889572025,0.5254780408680432,0.5823428972354572,987.6526527973726,,,,,,,
filtered,20.0,-0.50649183,-1.03056906,-1.1767096827498262,-1.2865019041835335,-1.08034383502297,0.5552399916160512,0.5255810050120602,0.5826480763558719,942.8137838444841,,,,,,,
filtered,21.0,-0.00913842,-0.99482779,-1.1758579746706679,-1.278384753667785,-1.0788990366019084,0.5554764931634123,0.5277184496309293,0.5830691329334072,996.8434229344607,,,,,,,
filtered,22.0,0.39888772,-0.96217966,-1.1792079277137115,-1.2773109787975814,-1.0839499913327064,0.5545468618517603,0.5280018511063457,0.5815984628893406,961.768935909059,,,,,,,
filtered,23.0,0.2991256,-0.92977494,-1.1838245286889593,-1.2807380681737777,-1.0848246547544222,0.5532682773065204,0.5270978710653667,0.5813441670484035,973.7452436772859,,,,,,,
filtered,24.0,0.13661378,-0.92174483,-1.1880336904660778,-1.2866486248535365,-1.086730859652045,0.55210510388946,0.5255424496276973,0.5807903504630834,992.2608520011183,,,,,,,
filtered,25.0,-1.0420513,-0.82939925,-1.1711853901896108,-1.2668158823573656,-1.0710275179297513,0.556775765733417,0.5307798487438594,0.5853684745764937,773.8399465755147,,,,,,,
filtered,26.0,-0.1592147,-0.88246796,-1.1703910018896762,-1.2748284807357309,-1.0695577593154912,0.5569969577355866,0.5286576398067049,0.5857988078576513,992.1616352877805,,,,,,,
filtered,27.0,0.04967463,-0.9818256,-1.169696523396907,-1.268672642171017,-1.0702619959216775,0.5571904025232967,0.5302873120632925,0.5855925736870184,995.3971298989676,,,,,,,
filtered,28.0,-1.02490535,-0.75812963,-1.1535643661900186,-1.2539481632050544,-1.0510544098939572,0.5617029187966712,0.534205821050858,0.5912435756478084,768.9877985797775,,,,,,,
filtered,29.0,-1.42391933,-0.62014399,-1.126446259801423,-1.2217222034238155,-1.0264013017593165,0.5693709466720662,0.5428831900994547,0.5985766746190374,605.2209744099187,,,,,,,
filtered,30.0,0.21930898,-0.68177242,-1.1342358950626963,-1.2282091908355783,-1.0366763281982654,0.567157663635377,0.5411252044382558,0.5955093649588322,984.7421468581365,,,,,,,
filtered,31.0,0.23875315,-0.6033859,-1.1387934558471748,-1.2306101820644444,-1.0445996295461735,0.5658667073337743,0.5404759757795191,0.593154831880045,983.7863381562534,,,,,,,
filtered,32.0,-0.54514369,-0.49628224,-1.1342283153788615,-1.2296378608997283,-1.0423563577778079,0.5671598130773375,0.5407387977763256,0.5938205088781734,942.0780664756553,,,,,,,
filtered,33.0,0.72868991,-0.58074654,-1.1439191647838292,-1.2317189747910429,-1.0534086394208988,0.5644183300972145,0.5401764209078346,0.5905480235587355,892.6164694751958,,,,,,,
filtered,34.0,-0.73939228,-0.62201979,-1.13452166835279,-1.2330388960507703,-1.0413171392064644,0.5670766301690455,0.5398200433473693,0.594129143706426,879.2309734431666,,,,,,,
filtered,35.0,-0.15366475,-0.80335228,-1.136893044362128,-1.2341336896528012,-1.0384250130993182,0.5664046526674827,0.5395246284444799,0.5949889134009639,993.536746113077,,,,,,,
filtered,36.0,-0.08673536,-0.7346776,-1.1390054565432477,-1.2378230746558188,-1.038726001602117,0.5658067284448024,0.538530288815407,0.5948993777273218,996.3501766626284,,,,,,,
filtered,37.0,-0.51962424,-0.63906447,-1.1397910133280356,-1.239521820634838,-1.0464354415720898,0.5655845354267629,0.5380730699362253,0.5926106212985401,945.820563889263,,,,,,,
filtered,38.0,0.33818957,-0.62611158,-1.1470951590672744,-1.243983329165612,-1.0470438433142557,0.5635227466824377,0.5368740989424042,0.5924303760480991,972.3438862244769,,,,,,,
filtered,39.0,0.39092341,-0.68373022,-1.1504137171764044,-1.2515396721984489,-1.0545645955391119,0.5625884805105942,0.5348495235188061,0.5902067983781027,966.0318634705934,,,,,,,
filtered,40.0,0.01113484,-0.7925072,-1.1523629812732135,-1.2577603266678798,-1.0563867654478338,0.5620404308641831,0.5331885509025525,0.5896693147279517,996.4561863120357,,,,,,,
filtered,41.0,-0.55062529,-0.85599267,-1.1449288203927588,-1.2405561525788056,-1.0555716202973773,0.5641334679400504,0.5377948687982951,0.5899096967523212,940.8881396547263,,,,,,,
filtered,42.0,-0.43849121,-0.78726702,-1.1381355174938403,-1.2356582960387794,-1.043983020943955,0.5660528906611981,0.5391135038182371,0.5933377322589753,958.7044685357704,,,,,,,
filtered,43.0,0.27602557,-0.79177489,-1.1437736804857943,-1.2413025228514638,-1.0479781650733748,0.5644593885928142,0.5375942091907857,0.5921536803882728,979.7609377242912,,,,,,,
filtered,44.0,0.24490631,-0.73104197,-1.1500460166185174,-1.2481338105312676,-1.0563199517316328,0.5626919220682547,0.5357611112288486,0.5896890140561195,982.1936203033891,,,,,,,
filtered,45.0,-0.21768427,-0.75388353,-1.1475232534850326,-1.2440635808013134,-1.0473672811081713,0.5634021391196871,0.5368525568623009,0.5923345766076591,989.6481078460403,,,,,,,
filtered,46.0,-0.96564476,-0.77322476,-1.1353869021899907,-1.229611920338054,-1.029910808791565,0.5668313562833333,0.5407458113558763,0.5975272411124286,823.5341322471538,,,,,,,
filtered,47.0,-0.25628866,-0.99709488,-1.137258468909558,-1.2329661032987869,-1.0369672942628014,0.5663011730393381,0.539839691198188,0.5954227347524393,984.8393273850825,,,,,,,
filtered,48.0,0.47616309,-1.14676906,-1.1448989316530844,-1.2395496069934016,-1.0411516621457324,0.5641418986222283,0.5380655944425273,0.5941783031122844,953.4384658586285,,,,,,,
filtered,49.0,0.06609857,-1.27818785,-1.1471371731416542,-1.2411344970418559,-1.0491517947318953,0.56351090886348,0.537639375939174,0.5918062977620266,995.8531937539814,,,,,,,
filtered,50.0,-0.55976836,-1.07495797,-1.1426645634067234,-1.2422753248485314,-1.0438556425986532,0.564772501178584,0.5373327864139332,0.5933755226516522,931.788458648093,,,,,,,
filtered,51.0,-0.7277323,-0.96208189,-1.134985366477714,-1.235082900767243,-1.043629774584053,0.566945169224134,0.5392686278120294,0.5934425387113839,891.4363508238529,,,,,,,
filtered,52.0,-0.43802134,-0.99403507,-1.1327730471317332,-1.2349244764614165,-1.0414463235695117,0.5675726480890531,0.5393113461329198,0.5940907688482985,956.5327263938739,,,,,,,
filtered,53.0,0.53208017,-1.04506898,-1.1411980616964128,-1.2416337590826427,-1.0442863298736986,0.5651867729620498,0.5375051812234334,0.5932477567654665,937.8900900996024,,,,,,,
filtered,54.0,0.64636484,-1.30281497,-1.1495842008348112,-1.25566807236219,-1.0456455375091451,0.5628218670758287,0.5337466257809839,0.5928447202931878,910.199227759987,,,,,,,
filtered,55.0,-0.33767824,-1.25807018,-1.1479000500101584,-1.2503283294347194,-1.0452510490504092,0.5632960051335959,0.5351735646901316,0.5929616670263318,973.7322029140473,,,,,,,
filtered,56.0,0.37716985,-1.46723676,-1.153046123221568,-1.2531403028903312,-1.0503410736343024,0.561848486949787,0.5344216464784836,0.5914544909993632,967.5733063365032,,,,,,,
filtered,57.0,0.2166753,-1.53264356,-1.1577055316353502,-1.2514296926032356,-1.059701706335233,0.5605410697051684,0.534878935594529,0.5886927647921267,985.7269529595742,,,,,,,
filtered,58.0,0.64576019,-1.51338643,-1.160517731618824,-1.2619267336331201,-1.0554180825354902,0.5597534467797507,0.5320789668024251,0.589954985197948,915.4244785590515,,,,,,,
filtered,59.0,-0.35607722,-1.53388818,-1.1566635674670733,-1.250432160975882,-1.0616257840883787,0.560833177644803,0.5351457814633259,0.5881266918018107,973.9034940965007,,,,,,,
filtered,60.0,0.04787006,-1.49098019,-1.1593507991244827,-1.2559510811873065,-1.0639896425066748,0.5600801393204514,0.5336711036217332,0.5874319783180434,996.076308174966,,,,,,,
filtered,61.0,0.02309567,-1.27237265,-1.1619815868727794,-1.2572022115630945,-1.0660075431518365,0.5593438976661956,0.5333373619569897,0.5868395875307166,996.1061077543477,,,,,,,
filtered,62.0,0.59437843,-1.21067081,-1.1715594498199455,-1.2594434228562978,-1.0722415600920971,0.5566716418023056,0.5327400358436528,0.5850132513970585,923.1519328703434,,,,,,,
filtered,63.0,0.02020686,-1.38266515,-1.1717669010991516,-1.2557540269319678,-1.0735116431216922,0.5566139036747246,0.5337236872931097,0.5846418616321553,995.7749557244026,,,,,,,
filtered,64.0,0.05907657,-1.51017158,-1.1775837714642416,-1.2648841756512337,-1.081856924331441,0.5549973801306713,0.53129275189525,0.5822074437685352,995.8884011572047,,,,,,,
filtered,65.0,0.52894834,-1.70136936,-1.1809620961683915,-1.2754519452991218,-1.0877736965439617,0.5540606907835637,0.528492865838429,0.5804875945992227,935.65921270188,,,,,,,
filtered,66.0,-0.49354863,-1.71366168,-1.1709234132026398,-1.2671164467527751,-1.0761695018306383,0.5568487017289635,0.5307000879751548,0.5838654299260898,949.2637594252992,,,,,,,
filtered,67.0,0.30985436,-1.84458869,-1.175242302265111,-1.265247845176706,-1.0780622722701885,0.5556475152598462,0.5311961531865336,0.5833131296984783,976.5454162080081,,,,,,,
filtered,68.0,0.5617943,-1.69353205,-1.1809947841024822,-1.2715627788516344,-1.083969179193513,0.5540516353078938,0.5295215640697079,0.581592883100931,930.7818763482546,,,,,,,
filtered,69.0,-0.59197277,-1.23564672,-1.1743372610579472,-1.2671629873216397,-1.0808321957843021,0.5558990141087441,0.5306877385768469,0.5825058224953007,920.0464830711713,,,,,,,
filtered,70.0,-0.67896382,-1.37700803,-1.1669508761315472,-1.2608483069426752,-1.0719825583429738,0.5579558519691108,0.5323659482471962,0.5850890160304318,899.1907133653793,,,,,,,
filtered,71.0,-0.43186299,-1.32554107,-1.1584976713872632,-1.2535304026536929,-1.0644653017949917,0.5603191002338339,0.5343174177647998,0.5872922861917955,960.6007976292356,,,,,,,
filtered,72.0,-0.16186997,-1.37807843,-1.1586404205291854,-1.253614454267696,-1.0658840069815738,0.5602791091256445,0.5342949631159639,0.5868758366078242,993.2226993098628,,,,,,,
filtered,73.0,0.49639328,-1.38785471,-1.1633096928069393,-1.2580817032871356,-1.0678585705722616,0.558972586989955,0.5331028806188858,0.5862967107054851,940.8944706916485,,,,,,,
filtered,74.0,-0.10978376,-1.35266178,-1.1620904914567505,-1.2606506290763642,-1.0660659777975217,0.5593134409381864,0.5324185693300323,0.5868224418995068,994.9891676638589,,,,,,,
filtered,75.0,-0.44104398,-1.49742999,-1.1544133362649234,-1.254659575021099,-1.0565152252119951,0.5614645349109245,0.5340158346758516,0.589631441553708,957.4418137246474,,,,,,,
filtered,76.0,0.09031712,-1.55545328,-1.1576237849186777,-1.2557224149514952,-1.0572438323319284,0.5605639813694077,0.5337321233911702,0.5894166758428134,994.0244028900544,,,,,,,
filtered,77.0,-0.40792157,-1.27360019,-1.1556324693957205,-1.2541634747449313,-1.0602621880722212,0.5611223891936749,0.534148313807436,0.5885278121347627,963.8454843031283,,,,,,,
filtered,78.0,-0.52820006,-1.11798126,-1.1498895128754805,-1.2487299717880327,-1.0572016595301157,0.5627359554870711,0.5356014350195253,0.5894291046501801,944.3479637236677,,,,,,,
filtered,79.0,-0.12753405,-1.29218339,-1.1527127624128515,-1.249407953006924,-1.0596896638886726,0.5619421438879512,0.5354199019333923,0.5886963094533786,994.0339888853205,,,,,,,
filtered,80.0,1.09970792,-1.3922018,-1.1597245402850713,-1.2587121748039072,-1.0648540675296656,0.5599754865983673,0.5329348540134049,0.587178137727853,791.4273002498261,,,,,,,
filtered,81.0,0.53603069,-1.50364374,-1.1649514695775154,-1.2603987622473103,-1.065322321330186,0.5585139211680799,0.5324856228404757,0.5870406796225142,937.2104094528497,,,,,,,
filtered,82.0,0.55862259,-1.62397351,-1.1723240126527006,-1.2685288437365676,-1.0739143709368866,0.5564588772491786,0.5303254406766263,0.5845241477144171,933.3094775861842,,,,,,,
filtered,83.0,-0.15135795,-1.54751166,-1.172334052173225,-1.2711506416947387,-1.0766245494446491,0.5564560839660299,0.5296306930693159,0.5837326017520531,992.9382793907675,,,,,,,
filtered,84.0,-0.25347522,-1.53720069,-1.1696358971909826,-1.2643383474481409,-1.072506225375484,0.5572072929493372,0.5314377689669935,0.5849358401702045,984.8059070128213,,,,,,,
filtered,85.0,-0.2982359,-1.45417384,-1.1674233192106396,-1.2609850824883964,-1.0700146450500578,0.5578240663446742,0.5323295421705282,0.5856650015824596,981.5524355770901,,,,,,,
filtered,86.0,-0.21924415,-1.62438949,-1.1647695267080937,-1.2600619719976263,-1.0682764375871254,0.5585647322919398,0.5325752983736599,0.5861742264732973,987.9578983696032,,,,,,,
filtered,87.0,0.58155072,-1.57976961,-1.1706233612842927,-1.263876900505179,-1.0778723045331582,0.5569322497565847,0.531560398280112,0.5833685376674828,928.6514440189507,,,,,,,
filtered,88.0,-0.08467948,-1.53837778,-1.1701608284794487,-1.2697460187374277,-1.077792346678459,0.5570610643690506,0.530002789432986,0.5833918605820776,996.2187808069368,,,,,,,
filtered,89.0,0.47159731,-1.47935253,-1.1763197327306054,-1.272045051353187,-1.0860421181079067,0.5553482600932333,0.529393892618769,0.5809903921267568,948.8041191906187,,,,,,,
filtered,90.0,-0.22751558,-1.43206458,-1.1755414301970357,-1.2784052186001995,-1.0883959514989892,0.5555644166282222,0.5277130497973533,0.5803070170509623,987.7058188625491,,,,,,,
filtered,91.0,-0.09717317,-1.25315933,-1.1747080319720642,-1.272424451658244,-1.0824831112270803,0.555795968067849,0.5292934760414127,0.5820251869658136,995.3577669399107,,,,,,,
filtered,92.0,-0.3666961,-1.01520115,-1.1705461436754456,-1.2658551511205782,-1.0815928809074031,0.5569537526599908,0.5310348783829633,0.5822843128660949,971.5754338705113,,,,,,,
filtered,93.0,-0.31451295,-1.19841547,-1.1667667760460838,-1.2627337130700425,-1.0795007653070685,0.5580072141930381,0.5318643217163657,0.5828937346030933,977.9857612852318,,,,,,,
filtered,94.0,0.4160433,-0.94482382,-1.1711112136488249,-1.2606135657368727,-1.080699247427239,0.5567964159665032,0.5324284360265485,0.5825445453783626,959.674327842384,,,,,,,
filtered,95.0,-0.14880065,-0.97340699,-1.1716322867703495,-1.2641751123251117,-1.078819625804293,0.5566513690390767,0.5314811453919083,0.5830922843854786,993.1273422657828,,,,,,,
filtered,96.0,-1.15824977,-0.75498813,-1.152401609704728,-1.2398518286680251,-1.0565066727911754,0.5620295755988679,0.5379842930429384,0.5896339629472073,722.7317733338306,,,,,,,
filtered,97.0,0.64160463,-0.89654754,-1.1591877841095288,-1.2495346164059695,-1.062869638252884,0.5601257919170841,0.5353859939547808,0.5877610336025381,921.4264578446154,,,,,,,
filtered,98.0,0.11941196,-0.95884189,-1.1640728654679746,-1.260866696642238,-1.0705040217264201,0.5587593313819257,0.5323610532447778,0.5855217137176413,992.6493118607633,,,,,,,
filtered,99.0,0.22863922,-0.98459306,-1.1667226888823947,-1.2676929612289205,-1.0624935924295684,0.5580195148063083,0.5305471318799599,0.5878715565335311,983.0078332670091,,,,,,,
filtered,100.0,-0.42464452,-0.77393299,-1.1647822661003864,-1.2635251845950237,-1.0626933703443997,0.5585611744156483,0.5316538856247596,0.5878128375893905,958.6768676114071,,,,,,,
filtered,101.0,-1.48984191,-0.68412418,-1.1425755040773296,-1.2324758624688823,-1.0506204415094655,0.564797650868641,0.5399720331464962,0.5913718800770039,579.9228270336803,,,,,,,
filtered,102.0,-0.49721322,-0.70090822,-1.1382243207636291,-1.225077280041758,-1.0476693941081447,0.5660277575453959,0.541973246197036,0.5922451073773201,947.7731502991752,,,,,,,
filtered,103.0,-0.09669504,-0.89270293,-1.1399968413084531,-1.2286360221835624,-1.044765227360005,0.5655263318604538,0.5410097321602719,0.5931057213415111,995.5595357382808,,,,,,,
filtered,104.0,0.59835268,-0.94604036,-1.1481918212123985,-1.2406498994346504,-1.0451930422956168,0.5632138343511912,0.5377696611000656,0.5929788651667429,923.5379333943442,,,,,,,
filtered,105.0,0.3887679,-1.14661806,-1.1573638725174653,-1.2492778576360615,-1.0628685365870363,0.5606368348684025,0.5354547308915061,0.587761357360756,966.0674888589509,,,,,,,
filtered,106.0,-0.02270995,-1.21484493,-1.1562652417137662,-1.2567591509839746,-1.0599348500003871,0.5609448859174867,0.5334555254251276,0.5886241437974253,996.5294335119481,,,,,,,
filtered,107.0,-0.02083244,-1.05798591,-1.157772943095217,-1.2620905773792097,-1.0615750542929194,0.5605221765776613,0.5320353796822506,0.5881416097643958,996.7990014740146,,,,,,,
filtered,108.0,-0.5231769,-0.85563661,-1.1483181865160872,-1.2523398740862808,-1.0474963051918085,0.5631782501317459,0.5346355725234448,0.5922963651272459,939.4899402286823,,,,,,,
filtered,109.0,0.09514932,-0.96435891,-1.1507225765573283,-1.2531325469181211,-1.0502239260867896,0.5625016068538,0.5344237189622213,0.5914891357355327,993.7039230980076,,,,,,,
filtered,110.0,0.01990159,-0.92905362,-1.1515445494579892,-1.2509846540817162,-1.0505589925681913,0.562270473814621,0.5349979697030732,0.5913900499440973,996.3781246105541,,,,,,,
filtered,111.0,0.35913665,-1.09384022,-1.1549951930554792,-1.2595729385398209,-1.0537933348151463,0.5613012126934647,0.532705537865731,0.5904344439301032,968.94977726626,,,,,,,
filtered,112.0,1.21805926,-1.05679077,-1.1634790010429574,-1.2641198387378352,-1.0664641726060748,0.5589252696614437,0.5314958340296185,0.5867056187045367,751.5453716597168,,,,,,,
filtered,113.0,-1.13932572,-0.77356035,-1.1461901397812886,-1.2513893457936265,-1.0539136515962992,0.563777803862922,0.5348897260326577,0.5903989254125945,742.6037961247202,,,,,,,
filtered,114.0,-0.74444528,-0.82346105,-1.137688980324875,-1.2408839777449527,-1.036831314455298,0.5661792865984343,0.5377067246763493,0.5954632188631065,877.2823912558247,,,,,,,
filtered,115.0,0.35946912,-0.91736327,-1.1459960592409906,-1.2575000827245688,-1.045201032670016,0.5638325156678942,0.5332579349621575,0.5929764961099036,971.2906074961509,,,,,,,
filtered,116.0,-0.85303706,-0.73896433,-1.132610967600809,-1.2413538553605852,-1.0343199085941939,0.567618645907138,0.5375804113380327,0.5962114134288111,845.0669514948806,,,,,,,
filtered,117.0,-1.00447363,-0.84491736,-1.117725921337855,-1.2210209233307798,-1.0243858251995068,0.5718589204068948,0.5430735800637072,0.5991801872878445,785.7478349060145,,,,,,,
filtered,118.0,-0.54181345,-0.87396973,-1.1183988356945431,-1.217264102487046,-1.0247865728786028,0.5716665467326904,0.5440946538339133,0.5990601392807783,941.7407709709431,,,,,,,
filtered,119.0,-0.30652382,-0.95716655,-1.1214536348665702,-1.2193620115487331,-1.0281296770199486,0.5707940499810858,0.5435242225121303,0.5980596155112576,977.7393884641045,,,,,,,
filtered,120.0,-0.90704292,-0.97259094,-1.1164875458931451,-1.2157501628864849,-1.0247253836863128,0.5722131180754373,0.5445066729787105,0.5990784675641778,839.188577729711,,,,,,,
filtered,121.0,1.41919068,-1.19347,-1.1270434571210044,-1.2238751559457317,-1.0337393301419198,0.569200958650827,0.5422991036668323,0.5963845123017829,680.3069779020898,,,,,,,
filtered,122.0,-0.15348911,-1.38077928,-1.1290651380036776,-1.2275064543153862,-1.0312874253294055,0.568625878008928,0.5413153720673114,0.5971160996837205,993.5003432211014,,,,,,,
filtered,123.0,0.92447537,-1.09381888,-1.1386890450747686,-1.2415577685763532,-1.035972644368484,0.5658962493948907,0.5375256042568473,0.595718926978324,845.3889936701089,,,,,,,
filtered,124.0,0.14165483,-1.2667393,-1.1434015583502557,-1.2382620740982586,-1.0430409511981797,0.5645644222804052,0.5384120945394234,0.5936172808556696,991.520926308974,,,,,,,
filtered,125.0,0.72517303,-1.20750379,-1.1539345682295394,-1.2465300342321801,-1.057255813719767,0.5615989566356474,0.5361909040147698,0.589413144838494,895.7068132899623,,,,,,,
filtered,126.0,0.14312848,-1.34930724,-1.15810946140518,-1.253508085027459,-1.0581223464327834,0.5604278715239489,0.5343233801462762,0.5891578272670028,990.7015423200745,,,,,,,
filtered,127.0,-0.00659454,-1.22222739,-1.1601281586326033,-1.2517786409626195,-1.0647183311426793,0.5598624898103653,0.534785621171722,0.587217989799648,996.8901877589146,,,,,,,
filtered,128.0,0.03821491,-1.27198398,-1.162304610166712,-1.252605202821447,-1.061749066626508,0.5592535644071961,0.5345646501378694,0.5880904400434709,996.2328453916286,,,,,,,
filtered,129.0,0.23072328,-1.47005883,-1.1624652316633735,-1.2552937115697804,-1.0665253979046405,0.559208652138425,0.533846542036761,0.5866876583661073,983.6343775683816,,,,,,,
filtered,130.0,0.15821547,-1.49591519,-1.1655178398489896,-1.2630577125081381,-1.0711487249589693,0.5583557807200717,0.5317781668243986,0.5853330002645379,990.9166673408472,,,,,,,
filtered,131.0,0.31379816,-1.56433681,-1.170041667407705,-1.2628257697394345,-1.0724531470103493,0.5570942553545376,0.53183984145075,0.5849513640952522,974.8990410775466,,,,,,,
filtered,132.0,-0.18502255,-1.39549934,-1.1690365810774972,-1.2655613919891646,-1.071096720494882,0.5573742896236451,0.5311128822837247,0.5853482204269118,990.5567512279994,,,,,,,
filtered,133.0,-0.06674643,-1.3308709,-1.1715732135224473,-1.2780982459233845,-1.0713574333299716,0.556667810884053,0.5277940527573615,0.585271921503016,995.9188248954606,,,,,,,
filtered,134.0,-0.32284529,-1.32093211,-1.1683955198960962,-1.2703617600239334,-1.0659266786955883,0.5575529737692769,0.5298396422486804,0.5868633152424708,976.2518672598449,,,,,,,
filtered,135.0,-0.12890631,-1.26383001,-1.1676930427174401,-1.2724102015179626,-1.064843328259528,0.5577488422855363,0.5292972473079898,0.587181290668638,994.3227106950959,,,,,,,
filtered,136.0,0.19729748,-0.94193986,-1.1707073519895053,-1.267354130979838,-1.0699283407598394,0.556908861681477,0.5306370222025575,0.5856902748288868,987.0256997869369,,,,,,,
filtered,137.0,-0.5482527,-0.88580468,-1.1591688766848052,-1.2487974335761878,-1.0613250016168276,0.5601310872102374,0.535583369008946,0.5882151475531014,934.9260679181745,,,,,,,
filtered,138.0,0.93639464,-1.05609226,-1.1664676902414137,-1.2636569888690103,-1.0640583578341754,0.5580906664510633,0.5316188496520415,0.587411795874369,830.7093986485314,,,,,,,
filtered,139.0,0.17123382,-1.01499711,-1.1669310485950815,-1.262212336795868,-1.0625226603879345,0.5579613834415302,0.5320029905094464,0.5878630124826558,989.1515853085547,,,,,,,
filtered,140.0,0.88513165,-1.2762351,-1.1761040276719683,-1.2762773240098553,-1.068876161700992,0.5554081590378053,0.5282748074565916,0.5859984814149799,852.5280605410347,,,,,,,
filtered,141.0,-0.65253658,-1.19978499,-1.1680910324887512,-1.2680043115257775,-1.0575034828378465,0.557637864160847,0.5304645453049617,0.5893401596407489,903.3636472573182,,,,,,,
filtered,142.0,0.24664346,-1.26452016,-1.1725194259970952,-1.2700708865868207,-1.061519352619923,0.5564045101601249,0.5299167059914233,0.5881579902283108,983.5503254996718,,,,,,,
filtered,143.0,-0.14957378,-1.24871454,-1.1732870583047916,-1.2707705142705616,-1.0634483087302478,0.5561909940991293,0.5297313662117292,0.5875909982233926,992.620108730748,,,,,,,
filtered,144.0,-0.08880607,-1.25677634,-1.171873631879814,-1.2718522653157716,-1.0629041686036942,0.5565842005490578,0.5294449249537049,0.5877508858927979,995.3650918236693,,,,,,,
filtered,145.0,0.64896017,-1.22618868,-1.1773597876858015,-1.2781910090723807,-1.060033531051351,0.5550595388163537,0.5277695734058837,0.5885951014893462,909.3808147638481,,,,,,,
filtered,146.0,0.48340628,-1.60440178,-1.1853516059117002,-1.2804472392235262,-1.0763258892377114,0.5528459968485832,0.5271745242987372,0.5838197771106615,942.888520742998,,,,,,,
filtered,147.0,0.07705783,-1.55979286,-1.1865472721610488,-1.283305763809051,-1.077306355147037,0.5525155859739472,0.5264215918266214,0.5835336395590972,995.4036088409867,,,,,,,
filtered,148.0,-0.60040193,-1.59878627,-1.1749935230927322,-1.2715575107598265,-1.0553209723824164,0.5557166363232177,0.5295229588556517,0.5899836312028565,924.2014008773768,,,,,,,
filtered,149.0,0.61929002,-1.53162336,-1.181458941924976,-1.2788235137867368,-1.0662597067428763,0.5539230665272254,0.5276026914240481,0.5867656024060253,919.6704916037278,,,,,,,
filtered,150.0,0.63289977,-1.74575387,-1.1891521931460591,-1.2927103013470358,-1.0784226264661183,0.5517964246929665,0.5239520268456392,0.5832080394992722,914.7273894491453,,,,,,,
filtered,151.0,0.04581393,-1.77266003,-1.1855812113071318,-1.2780326009736325,-1.0711165381506196,0.5527825322797452,0.5278113765487011,0.5853424203408883,995.2014232564514,,,,,,,
filtered,152.0,0.09124203,-1.90741501,-1.1848984663931819,-1.2767386900226467,-1.0753779846326785,0.5529712692239267,0.528152957490703,0.5840965454205858,995.3490527058893,,,,,,,
filtered,153.0,-0.06262024,-1.68518587,-1.1835309705231951,-1.2770499684281105,-1.079965404747698,0.5533494914769761,0.5280707625820196,0.5827583326225813,996.0622648212685,,,,,,,
filtered,154.0,0.07605009,-1.40478355,-1.1878578153722728,-1.2833903250086791,-1.0897559580825733,0.5521536567927087,0.5263993348764858,0.5799125405069925,994.9993826110963,,,,,,,
filtered,155.0,0.66486822,-1.32677704,-1.192675427508476,-1.2944368260803876,-1.093142064200029,0.5508252263217261,0.5234999139530196,0.5789315484765999,908.9296685123724,,,,,,,
filtered,156.0,0.26617613,-1.25112476,-1.1901128298294148,-1.2915749119895021,-1.090194825044874,0.5515314503904173,0.5242495560680962,0.5797853022401447,978.8711670732006,,,,,,,
filtered,157.0,0.10814028,-1.28807666,-1.1901142116656749,-1.2933586841399811,-1.0878344827286146,0.5515310693274705,0.5237821936370914,0.5804699520542729,992.4353321906556,,,,,,,
filtered,158.0,0.60353589,-1.38404793,-1.1958738022146467,-1.2997353573568693,-1.0925325898062566,0.5499450575509941,0.5221148591185483,0.5791079973377719,922.7425138914242,,,,,,,
filtered,159.0,0.58377997,-1.54927204,-1.1981800189508403,-1.3020515286812668,-1.100595239083686,0.5493112767823185,0.5215105553714738,0.5767781243920748,927.2113937227101,,,,,,,
filtered,160.0,0.50831885,-1.56139154,-1.2010573957352482,-1.3075241136167883,-1.1027854706702973,0.5485215572410886,0.5200855005395052,0.5761468312914335,935.5371477599914,,,,,,,
filtered,161.0,0.58709852,-1.43191944,-1.2075504093613705,-1.309178937993187,-1.102366856859092,0.5467436657982879,0.5196553534364712,0.5762674354230624,922.8533672044367,,,,,,,
filtered,162.0,-0.89727342,-1.30934565,-1.1907234631605332,-1.29796458914541,-1.0881714325369538,0.5513630843508198,0.5225773360208149,0.5803721656722342,827.8855660919072,,,,,,,
filtered,163.0,-0.50981072,-1.31010826,-1.1823690030436382,-1.2857893592766172,-1.0863168777510335,0.5536710719414037,0.525768288406183,0.5809105812526838,947.220066638799,,,,,,,
filtered,164.0,0.78699374,-1.37854699,-1.1861966720788935,-1.2821742750645677,-1.0858261981659656,0.5526124504687914,0.5267194961405226,0.5810531192185716,878.5232740160423,,,,,,,
filtered,165.0,-0.48930941,-1.27156051,-1.17443960429208,-1.2691885635866829,-1.0781953417196875,0.5558705685850746,0.5301505364150478,0.583274320411048,949.5501837429485,,,,,,,
filtered,166.0,0.26374851,-1.4154713,-1.1792184572480984,-1.268897246604332,-1.0734744479372875,0.5545439422993201,0.5302277629664928,0.5846527346641881,979.6023980101291,,,,,,,
filtered,167.0,0.01224535,-1.58549118,-1.181582005017685,-1.2711734454025576,-1.0869490682279956,0.5538889838329717,0.529624654331954,0.5807269872020978,997.0015585943189,,,,,,,
filtered,168.0,0.39473381,-1.52112503,-1.1809986864790738,-1.2740239493704442,-1.0833156285399381,0.5540505542498825,0.5288703434118786,0.5817829643606051,961.337445893519,,,,,,,
filtered,169.0,-1.12850477,-1.41417705,-1.1613947308685457,-1.2517851094971963,-1.0588877367011813,0.5595080489106921,0.5347838915348783,0.588932402570451,716.8749065791501,,,,,,,
filtered,170.0,-0.04558331,-1.35609673,-1.1624284626446248,-1.2573367447322241,-1.0622927032734937,0.5592189330096365,0.5333014873808237,0.5879306080096179,996.0682431597475,,,,,,,
filtered,171.0,0.62787297,-1.28333029,-1.1704778989804643,-1.2654252443897227,-1.072243673576909,0.5569727575537192,0.5311490383863301,0.5850126331890744,918.9051258259367,,,,,,,
filtered,172.0,0.23535856,-1.58431612,-1.1724778519525243,-1.2698465165035226,-1.0780949424880892,0.5564160762732895,0.5299761580539091,0.5833036012927765,982.4343707619114,,,,,,,
filtered,173.0,-0.79520314,-1.47815069,-1.1595763132255712,-1.256797492443344,-1.062293939316791,0.5600169898962115,0.5334452987914772,0.5879302446558865,860.6732979075524,,,,,,,
filtered,174.0,-0.22510984,-1.24241381,-1.1620423889406921,-1.2588060364285805,-1.070160729228229,0.5593268932918459,0.5329098435346692,0.5856222249495061,987.3059847775115,,,,,,,
filtered,175.0,-0.52733777,-1.1081538,-1.156580184124996,-1.2560072332236016,-1.0624669719880058,0.5608565602045785,0.5336561204724777,0.5878793812858141,939.0944316097704,,,,,,,
filtered,176.0,0.31715963,-0.98284463,-1.1622266599053157,-1.2577754412301956,-1.0687158581855791,0.5592753618127378,0.5331845214619889,0.5860454521056452,974.668574088404,,,,,,,
filtered,177.0,0.05387154,-0.94842759,-1.1636342820434962,-1.263802655950772,-1.0684280135665976,0.5588818761084644,0.5315801313788339,0.5861298031904347,995.8194085315653,,,,,,,
filtered,178.0,-0.56028428,-0.90942328,-1.1541001470968593,-1.252839167366283,-1.0538105530540436,0.5615524641006554,0.5345021192079183,0.5904293608313294,930.5068846147373,,,,,,,
filtered,179.0,-0.03655725,-0.93426988,-1.1595811478568216,-1.2602499846555897,-1.0536242012958603,0.5600156361600277,0.5325252352781142,0.5904843771691244,996.4465637847007,,,,,,,
filtered,180.0,0.43446928,-0.8787327,-1.1670615685763588,-1.2739789784265023,-1.0604206169448454,0.5579249720749857,0.52888223544486,0.5884811940823063,957.5033913006367,,,,,,,
filtered,181.0,0.25015332,-1.04115113,-1.1684939303219566,-1.2716607455997329,-1.0684480446886282,0.5575255399314323,0.5294956269521168,0.5861239328010256,982.4538543251552,,,,,,,
filtered,182.0,-0.92001077,-0.81769827,-1.15322696571965,-1.2539402467187937,-1.0488425014049625,0.5617976862045931,0.5342079355715642,0.5918978257084573,804.6572541230312,,,,,,,
filtered,183.0,0.36526597,-0.94650482,-1.1625920085495753,-1.261363763828055,-1.0612257749350251,0.5591732058960502,0.5322287600798191,0.5882443315956932,968.0652842420542,,,,,,,
filtered,184.0,-0.27342267,-0.8214519,-1.1572396974681567,-1.2560345042604117,-1.055247289419702,0.5606716445023204,0.5336488438442354,0.5900053674742023,983.7912153282639,,,,,,,
filtered,185.0,0.0566487,-0.62746425,-1.1563812098002249,-1.2550149249647902,-1.061390654376065,0.5609123610079444,0.5339209618559727,0.5881958388962888,994.8972978159777,,,,,,,
filtered,186.0,0.04564194,-0.51236732,-1.1612170616551598,-1.2627493687658944,-1.061091517343805,0.5595577547959273,0.531860158379633,0.5882838210546227,996.1691150913841,,,,,,,
filtered,187.0,-1.22736004,-0.17784833,-1.1394953839485833,-1.2375588111036702,-1.0384786854488297,0.5656681433084653,0.538601450480193,0.5949729463887539,694.6378667666881,,,,,,,
filtered,188.0,1.85935028,-0.50304123,-1.1419220079163992,-1.2389752988681488,-1.0324985107168583,0.5649822275703129,0.5382201243498145,0.5967546298460057,489.55449372999163,,,,,,,
filtered,189.0,0.24035301,-0.5866049,-1.1498319965817925,-1.2474072414217239,-1.0412796200267982,0.5627521389630157,0.5359557803236022,0.5941402894300141,986.3252277014994,,,,,,,
filtered,190.0,-1.67000262,-0.40257415,-1.1228413592404318,-1.210525752645643,-1.0180730313968283,0.5703981349443998,0.5459308954687473,0.6010744256857824,490.63494463027473,,,,,,,
filtered,191.0,-0.56138737,-0.60824401,-1.1184730635003242,-1.2133150712700511,-1.021434637057286,0.571645330349703,0.5451700385529803,0.600064986661543,936.6518942323038,,,,,,,
filtered,192.0,0.53749356,-0.73911713,-1.1289307432740991,-1.2264985117864746,-1.0259843806618159,0.568664089453321,0.5415882482149346,0.5987014672478157,938.6676767455766,,,,,,,
filtered,193.0,-0.01634741,-0.66831544,-1.1332338430871451,-1.2334563221433041,-1.0423262627092544,0.5674418955618695,0.5397073876184555,0.5938294444798642,997.112285196909,,,,,,,
filtered,194.0,-0.82929601,-0.89018086,-1.1237662567246038,-1.2262586558922937,-1.0280379810458578,0.5701344160273472,0.5416532036766211,0.5980870359693436,860.3583830899445,,,,,,,
filtered,195.0,-0.27989099,-0.8853224,-1.121120624741902,-1.2227763405791576,-1.0217600570013239,0.5708890979927258,0.542597128822185,0.5999673580471437,984.1767341523991,,,,,,,
filtered,196.0,0.25102188,-0.81985486,-1.12918300160591,-1.229291637164243,-1.0345445155697666,0.5685923688491631,0.5408324141823913,0.5961444605672154,981.2103627849838,,,,,,,
filtered,197.0,0.3940429,-0.804523,-1.137750478723985,-1.2432702043273611,-1.044821783624624,0.5661618773062291,0.537065562202162,0.5930889496565865,964.1976080470281,,,,,,,
filtered,198.0,0.23367428,-0.7760056,-1.1443455185169273,-1.2515824449940742,-1.0462295554705954,0.5642980219900898,0.5348380851364395,0.5926716295839374,983.4794325863969,,,,,,,
filtered,199.0,0.12620616,-0.88842643,-1.1527296479553761,-1.2598030734219747,-1.0557352871546055,0.5619373995589952,0.5326442443291541,0.5898614243944365,993.3632453933336,,,,,,,
parameters,,,,,,,,,,,mu,-1.0,-1.1585428030102984,0.10063849325286478,-1.355471788682286,-0.9479208376978205,
parameters,,,,,,,,,,,phi,0.97,0.9250768591690995,0.05280467698179114,0.7907004875946926,0.9962028003246106,
parameters,,,,,,,,,,,sigma,0.15,0.023936491455780317,0.02513292031913068,0.003852918029679438,0.10686355457750943,
parameters,,,,,,,,,,,rho,-0.5,-0.2677836840346554,0.4847893368684192,-0.9205446492829208,0.7698321063253779,
diagnostics,,,,,,,,,,,ll_basic,,,,,,-168.0791396903574
diagnostics,,,,,,,,,,,ll_leverage,,,,,,-167.1600527017494
diagnostics,,,,,,,,,,,ll_posterior,,,,,,-166.5863747621048
diagnostics,,,,,,,,,,,rmse_h,,,,,,0.3138995726415325
diagnostics,,,,,,,,,,,p_rho_neg,,,,,,0.7066666666666667
