t,output_gap_obs,inflation_obs,interest_rate_obs,output_gap_true,inflation_true,interest_rate_true
0,-0.230017,-0.013731,-0.219254,0.0,0.0,0.0
1,0.172867,-0.17448,-0.058619,0.030472,-0.094857,-0.003812
2,-0.114815,0.126035,-0.023718,0.121481,-0.206088,-0.146906
3,0.008858,-0.165826,-0.08765,0.122117,-0.098033,-0.142958
4,-0.10032,-0.053578,-0.022513,0.024601,0.046304,-0.047405
5,0.293773,0.209601,0.164317,0.028744,0.144499,0.06345
6,0.005998,0.128885,0.084803,-0.06006,0.091107,0.036357
7,-0.008556,-0.160021,0.173722,0.033791,0.050698,0.05195
8,0.062063,0.304701,0.186389,-0.037681,0.136299,0.094447
9,-0.498184,-0.004217,0.24395,-0.076746,0.009912,0.09178
10,-0.041153,-0.130168,0.142575,-0.032527,0.036472,0.106695
11,0.584394,0.211379,0.203779,0.184891,0.033062,0.113253
12,0.111494,0.197487,0.185161,0.085024,0.103636,0.215874
13,0.07871,-0.202341,0.078025,0.065127,-0.012659,0.138171
14,0.2333,0.371675,0.385655,0.123674,0.105098,0.214978
15,0.223877,0.188011,0.252984,0.044755,0.089192,0.231364
16,-0.337345,0.148854,0.36438,0.062149,0.150383,0.283892
17,-0.21264,0.35763,0.338257,0.123825,0.119097,0.325883
18,0.21663,-0.009901,0.204088,0.174572,-0.033796,0.26274
19,-0.032898,-0.051975,0.195667,0.110077,-0.047762,0.194569
20,0.510969,-0.13494,0.379433,0.248564,-0.035895,0.235834
21,-0.007615,0.052468,0.246008,0.05542,-0.03481,0.190484
22,-0.278406,0.157758,0.085741,0.1085,0.086268,0.256888
23,-0.190825,0.017934,0.247307,0.062778,0.015732,0.268831
24,-0.512566,-0.22699,0.289858,0.03737,-0.108492,0.111629
25,-0.105138,-0.002534,0.05237,-0.058313,-0.022024,0.07375
26,-0.02111,-0.059237,-0.134191,0.016567,-0.048767,0.045857
27,-0.007423,-0.232098,0.248285,0.07747,-0.032077,0.05898
28,0.219306,-0.272057,0.0714,0.00353,-0.051285,0.00316
29,0.123297,0.072906,-0.057158,-0.116407,-0.011867,-0.050157
30,-0.137595,-0.379197,-0.070101,-0.103517,0.011086,-0.032959
31,-0.453565,0.018518,0.049231,-0.026627,-0.012294,-0.059005
32,0.091521,-0.256173,-0.272375,-0.031936,-0.184461,-0.218177
33,-0.04994,-0.044022,-0.192059,-0.161012,-0.240259,-0.306885
34,-0.173581,-0.302604,-0.28771,-0.235459,-0.228583,-0.34193
35,-0.051243,-0.015879,-0.402665,-0.247539,-0.114802,-0.427134
36,-0.476295,-0.284939,-0.505474,-0.243329,-0.225402,-0.520025
37,0.266786,-0.30886,-0.60175,-0.134965,-0.325923,-0.584253
38,-0.289581,-0.141159,-0.580523,-0.097695,-0.251685,-0.685087
39,0.069132,-0.272389,-0.740616,-0.080713,-0.203006,-0.654081
40,-0.407926,0.187021,-0.692748,-0.070456,0.037538,-0.530555
41,-0.351813,-0.162086,-0.391668,-0.16576,-0.013031,-0.453112
42,0.290008,0.117205,-0.247668,-0.013266,0.073016,-0.310791
43,0.082211,0.096345,-0.226744,0.134391,-0.042051,-0.274768
44,0.196279,0.047487,-0.267976,0.028294,-0.051518,-0.308749
45,0.136371,0.266179,-0.345441,0.08898,-0.021287,-0.313387
46,-0.042467,-0.100251,-0.127218,-0.021476,0.014265,-0.205966
47,0.453115,0.14575,0.063772,0.180345,0.352622,0.068328
48,0.016025,-0.167037,0.023064,0.063357,-0.017887,0.071776
49,-0.380421,0.041305,-0.038108,-0.024273,-0.057761,-0.006919
50,-0.196573,0.141628,0.230666,-0.035925,0.06694,0.028602
51,0.062042,-0.069216,-0.286266,-0.048196,-0.084554,-0.112769
52,-0.012905,-0.243701,-0.00787,-0.092007,-0.075257,-0.057849
53,-0.383191,0.154742,-0.233255,-0.069779,0.039712,-0.065344
54,-0.326164,-0.31475,-0.201141,-0.181295,-0.131045,-0.190318
55,-0.066663,0.041086,-0.210135,0.049681,-0.132757,-0.166772
56,-0.118674,0.441721,-0.325236,-0.04558,0.013105,-0.116733
57,-0.331868,0.040438,-0.105824,-0.056686,-0.014529,-0.144728
58,-0.132084,0.03278,-0.243691,-0.00641,-0.054686,-0.205688
59,-0.279285,-0.124082,-0.347305,-0.133563,-0.050153,-0.137384
60,0.050099,-0.339734,-0.066602,-0.104207,-0.068202,-0.150559
61,0.198638,-0.091527,0.00931,0.036814,-0.001119,-0.13419
62,0.114599,-0.07849,0.189923,0.143761,0.085445,0.04091
63,0.069301,-0.252463,0.012052,0.147709,-0.035412,-0.023844
64,0.326015,0.502424,0.158195,0.29803,0.24407,0.15359
65,0.066594,0.378081,0.414893,0.229909,0.337152,0.282077
66,-0.111921,0.325095,0.53173,0.117445,0.268142,0.363492
67,-0.082856,0.10293,0.516708,0.105188,0.149283,0.403351
68,0.108455,0.128395,0.384971,0.235418,0.154325,0.479124
69,-0.225836,0.219031,0.399818,0.006859,0.074349,0.379684
70,-0.083296,-0.090204,0.265174,-0.115708,-0.085353,0.221223
71,0.133396,-0.099476,-0.094502,-0.012547,-0.17908,0.08646
72,-0.377129,-0.169621,0.08419,-0.05971,-0.14022,0.037254
73,0.005099,0.012329,0.281217,7.3e-05,0.063652,0.053918
74,-0.113516,-0.222456,0.099638,-0.069529,-0.011419,0.035644
75,0.023383,-0.424286,0.107586,-0.044918,-0.127624,-0.039756
76,-0.020191,0.14342,0.168136,-0.017604,0.182654,0.149844
77,-0.391888,0.040713,0.035267,-0.101168,0.032239,0.042589
78,-0.402599,-0.190276,0.103788,-0.150122,0.002643,0.065661
79,-0.202133,-0.13167,-0.241271,-0.208018,-0.126498,-0.159688
80,0.002274,-0.222473,-0.406564,-0.203483,-0.230535,-0.310187
81,-0.713658,-0.529341,-0.366539,-0.27082,-0.20594,-0.49317
82,-0.321298,-0.144447,-0.403351,-0.390443,-0.007178,-0.540585
83,-0.223153,0.102869,-0.457651,-0.461077,0.041779,-0.35854
84,-0.562731,-0.117514,-0.367166,-0.532126,-0.175573,-0.463966
85,-0.196003,-0.451337,-0.592484,-0.306044,-0.278285,-0.583788
86,-0.338319,-0.131211,-0.568888,-0.197706,-0.154978,-0.602869
87,-0.215191,-0.119013,-0.622632,-0.191317,-0.272374,-0.668654
88,-0.523007,-0.056056,-0.589328,-0.198824,-0.172617,-0.688763
89,-0.600657,-0.038866,-0.573611,-0.131788,-0.024573,-0.581883
90,0.10512,-0.102198,-0.357173,-0.083434,-0.032001,-0.49819
91,-0.344245,-0.122927,-0.416187,-0.147246,-0.028525,-0.447128
92,-0.01431,0.236285,-0.177577,0.076795,0.166112,-0.239995
93,-0.284478,-0.001077,-0.232374,-0.00719,-0.030342,-0.149048
94,-0.26219,0.133195,0.032751,0.019804,0.038784,-0.183115
95,0.0758,0.117786,-0.083915,0.110567,0.098004,-0.130898
96,-0.093557,0.213896,0.025217,0.052358,0.091081,-0.046082
97,0.093499,0.054752,-0.186421,0.017905,0.040563,-0.025602
98,0.121879,0.294546,-0.136389,0.031371,0.176842,-0.054119
99,0.068719,0.23806,0.149921,0.004549,0.107437,0.026133
100,0.014623,-0.252562,-0.006566,-0.033097,-0.131883,-0.035255
101,0.458501,-0.447665,-0.236023,0.142947,-0.176443,-0.044645
102,-0.117719,0.16591,0.001821,0.0958,-0.065614,-0.102008
103,0.041787,0.151529,-0.039782,0.052774,0.11303,0.014596
104,0.447266,-0.016698,0.339146,0.220728,0.240474,0.198014
105,0.625957,0.168978,0.403663,0.373049,0.276051,0.412446
106,0.021734,0.352287,0.495027,0.306087,0.236506,0.474556
107,0.311965,0.070802,0.667922,0.374437,0.112754,0.550027
108,0.589552,0.192071,0.585841,0.317928,0.26888,0.67559
109,0.569815,0.55811,0.630214,0.4682,0.347977,0.729499
110,0.453737,0.0241,0.711569,0.414684,0.181193,0.731218
111,0.480802,0.191929,0.893439,0.524339,0.311652,0.810722
112,0.293773,0.301972,0.6639,0.370533,0.270264,0.796988
113,0.32401,0.304811,0.704947,0.266366,0.246243,0.871751
114,0.250131,0.058625,0.847199,0.300605,-0.015826,0.764827
115,0.269232,0.253486,0.746324,0.277748,0.1168,0.806622
116,0.059369,0.042172,0.650542,0.04365,0.012385,0.689765
117,-0.254489,0.191532,0.419836,-0.118875,0.118125,0.605517
118,0.084097,-0.043612,0.450373,-0.022329,-0.004731,0.518271
119,0.6696,0.056353,0.466404,0.086751,0.046948,0.467161
120,-0.250287,-0.015197,0.464748,0.10511,-0.031328,0.371711
121,0.14415,0.078744,0.309346,0.079347,0.04648,0.386469
122,-0.186479,0.116288,0.542301,-0.034441,0.000407,0.376563
123,0.010125,-0.030357,0.165025,-0.105356,-0.113629,0.23348
124,-0.00107,-0.052154,0.153454,-0.010382,-0.058786,0.221763
125,0.228707,-0.043679,0.412964,0.076336,0.07769,0.259228
126,0.536569,0.11892,0.24303,0.301467,0.108769,0.221884
127,0.47023,0.133936,0.283117,0.431746,0.138138,0.33832
128,0.745937,0.093678,0.328816,0.519527,0.064701,0.344329
129,-0.161413,0.37615,0.516827,0.307446,0.045171,0.38152
130,0.647211,0.070383,0.521496,0.32912,0.148949,0.374876
131,0.14021,0.162813,0.257407,0.065198,0.099469,0.339086
132,0.320185,0.311584,0.370519,0.104617,0.151315,0.374762
133,-0.073807,0.164329,0.444177,0.170168,0.149629,0.435161
134,-0.08347,0.432335,0.31671,0.082684,0.081659,0.415334
135,0.185656,-0.00831,0.408249,0.156469,0.048396,0.413817
136,0.11083,0.095328,0.419267,0.114238,0.046715,0.418735
137,-0.039878,-0.255058,0.287982,-0.096492,-0.135237,0.173961
138,-0.103301,-0.284235,0.117589,-0.320204,-0.231506,-0.003153
139,-0.669716,-0.153636,-0.139805,-0.316672,-0.190976,-0.106884
140,0.042527,-0.021127,-0.143707,-0.152236,-0.148073,-0.122312
141,-0.126144,-0.148252,-0.184758,-0.1278,-0.196116,-0.251187
142,-0.30383,-0.076926,-0.462881,-0.263074,-0.265794,-0.404362
143,-0.450631,-0.021987,-0.368888,-0.156408,-0.007742,-0.427752
144,-0.000875,-0.188196,-0.416739,-0.101484,-0.138371,-0.407949
145,-0.587266,0.121988,-0.539578,-0.104445,-0.283609,-0.442638
146,-0.024821,-0.182409,-0.654954,-0.1545,-0.241545,-0.55927
147,-0.5029,-0.247249,-0.422732,-0.204479,-0.139327,-0.567438
148,-0.140473,-0.18296,-0.473202,-0.151164,-0.078821,-0.45756
149,-0.19416,-0.379596,-0.301814,-0.170327,-0.238194,-0.465849
150,0.047465,0.076915,-0.473948,-0.186443,-0.063571,-0.422585
151,-0.216643,-0.105838,-0.27317,-0.180912,-0.051181,-0.30229
152,-0.093951,0.013915,0.011826,0.044877,-0.005189,-0.227442
153,0.046693,-0.052283,-0.262814,0.148013,-0.042757,-0.157076
154,0.385202,0.158924,-0.306385,0.130626,0.0492,-0.116604
155,0.065866,-0.322128,-0.12633,-0.041394,-0.195116,-0.254989
156,-0.160248,-0.31315,-0.282342,-0.083122,-0.151814,-0.199661
157,-0.0115,-0.127735,-0.217946,0.03579,-0.161379,-0.215875
158,-0.321932,-0.021531,-0.279563,-0.008497,-0.111675,-0.220971
159,0.131965,-0.023603,-0.122655,0.05427,-0.073482,-0.149471
160,-0.417314,-0.177131,-0.125673,-0.065351,-0.055713,-0.03062
161,0.113851,0.206135,0.007041,-0.036508,0.104513,0.025035
162,0.050945,-0.057435,0.088605,0.025221,0.054144,0.043624
163,0.422141,-0.024703,-0.092795,-0.05525,0.053527,0.008036
164,-0.203193,-0.001251,0.028285,0.016834,0.140342,0.098293
165,-0.034007,0.306699,0.08153,-0.013475,0.111525,0.116269
166,0.441085,-0.007936,-0.101836,0.081428,-0.10295,0.041045
167,0.112482,-0.147971,-0.085746,-0.125796,-0.23872,-0.04349
168,-0.162941,-0.011336,-0.201986,-0.023698,-0.198417,-0.213865
169,-0.272988,0.173005,-0.278029,-0.317781,-0.248893,-0.238074
170,-0.242115,-0.509542,-0.369425,-0.242515,-0.253158,-0.342287
171,-0.317968,-0.379376,-0.480027,-0.374359,-0.268619,-0.478037
172,-0.485269,-0.251315,-0.579323,-0.345533,-0.158889,-0.513749
173,-0.262011,-0.349149,-0.456594,-0.244147,-0.221526,-0.5257
174,-0.376449,-0.386467,-0.44513,-0.056839,-0.22483,-0.588728
175,0.109448,-0.15177,-0.484155,0.082423,-0.106822,-0.437717
176,0.119932,-0.081419,-0.238558,0.029928,0.101072,-0.287078
177,0.007274,0.273091,-0.149744,0.052758,0.222835,-0.125782
178,-0.36964,0.060327,-0.0245,-0.04663,0.052572,-0.061049
179,-0.000837,0.102624,0.056327,-0.198543,0.03047,-0.100251
180,0.008997,-0.167204,-0.203127,-0.063908,-0.243363,-0.253993
181,-0.371367,-0.181703,-0.549462,-0.226164,-0.272154,-0.37212
182,-0.27759,-0.283867,-0.418478,-0.22147,-0.227856,-0.463877
183,-0.479118,0.049695,-0.382508,-0.178984,-0.268477,-0.505794
184,-0.299901,-0.089016,-0.480022,-0.094819,-0.12418,-0.457863
185,-0.163258,-0.154664,-0.219866,-0.055695,0.124709,-0.31943
186,0.16485,-0.187605,-0.41096,-0.080834,-0.037249,-0.341948
187,-0.325099,-0.427739,-0.548418,-0.197198,-0.166663,-0.399864
188,-0.016006,-0.118832,-0.433577,-0.144049,-0.121432,-0.447694
189,-0.147289,-0.016933,-0.549041,-0.039625,0.001338,-0.373394
190,-0.051365,-0.045039,-0.320872,-0.100954,0.025225,-0.296894
191,-0.263951,0.236752,-0.175307,-0.235672,-0.064887,-0.303992
192,-0.127463,-0.021734,-0.619366,-0.302074,-0.104081,-0.42839
193,-0.24521,0.140195,-0.495297,-0.138248,0.03128,-0.367347
194,-0.402583,-0.391437,-0.598402,-0.088078,-0.251776,-0.495199
195,-0.385038,-0.415567,-0.521348,-0.108648,-0.265695,-0.515016
196,-0.004429,-0.214404,-0.580031,0.101947,-0.219925,-0.54346
197,-0.134515,0.111689,-0.290044,0.115297,0.085738,-0.429958
198,0.210713,-0.014847,-0.173585,0.128671,0.2636,-0.26902
199,-0.105457,0.058702,-0.151305,-0.012303,0.085748,-0.200832
200,0.545108,0.090207,-0.176765,0.070187,0.088096,-0.191328
201,-0.232833,-0.011565,-0.016722,0.114709,0.020707,-0.056045
202,0.081206,-0.163173,-0.116463,0.04048,-0.041164,-0.030265
203,-0.112866,-0.022885,0.028797,0.112724,0.058045,-0.056925
204,0.056575,-0.05436,-0.127845,0.155255,-0.027832,-0.016641
205,0.02564,0.043543,0.044328,-0.002644,0.029923,-0.039209
206,-0.595717,0.13787,0.096776,-0.130643,0.047151,-0.021838
207,-0.131611,0.277129,0.003288,-0.178976,0.115001,-0.017798
208,0.222714,-0.007121,-0.075901,-0.157868,0.037031,-0.05828
209,-0.185655,-0.131743,-0.077828,-0.094967,-0.06332,-0.117859
210,0.102755,-0.054832,-0.55116,0.050794,-0.12048,-0.265008
211,0.411792,0.348362,-0.032315,0.206808,0.256735,-0.062541
212,-0.040347,0.029922,-0.029664,-0.007557,0.095052,-0.018329
213,-0.141985,0.047008,-0.031682,-0.025793,-0.071551,-0.026619
214,-0.425911,-0.029507,0.001943,0.029237,-0.176445,-0.06871
215,0.35978,0.192201,-0.033771,0.231582,-0.001552,-0.026294
216,0.171589,0.385765,-0.123237,0.194223,0.119017,-0.009216
217,-0.011297,-0.052129,0.148043,0.19124,0.077834,0.162183
218,0.180018,0.2542,0.238313,0.154699,0.252115,0.231557
219,0.081219,0.219076,0.30157,0.197955,0.217384,0.290076
220,0.090214,0.274003,0.4156,0.195899,0.288714,0.399408
221,0.128371,0.047345,0.452132,0.007113,0.144734,0.348195
222,-0.295509,-0.166976,0.107033,-0.027833,0.055859,0.215636
223,0.022848,0.034053,0.136696,-0.186615,0.020151,0.119126
224,-0.703965,-0.154022,0.133642,-0.424428,-0.038768,0.004649
225,-0.585913,-0.27418,-0.362166,-0.453373,-0.287079,-0.188704
226,0.011489,-0.136316,-0.195214,-0.3731,-0.017209,-0.213179
227,-0.071549,-0.279352,-0.304848,-0.29702,-0.114404,-0.24631
228,-0.185289,0.041673,-0.297883,-0.20481,0.006528,-0.260812
229,-0.415975,-0.090369,-0.361668,-0.227869,-0.113007,-0.271187
230,-0.161099,-0.032069,-0.325673,-0.055245,-0.118961,-0.308718
231,-0.003658,0.238329,-0.063684,-0.018313,-0.089551,-0.24781
232,-0.234155,-0.15835,-0.512115,-0.241659,-0.199944,-0.385672
233,-0.467703,-0.258432,-0.726759,-0.449529,-0.331194,-0.609798
234,-0.430853,-0.343341,-0.806076,-0.424686,-0.181707,-0.675882
235,-0.528174,-0.435175,-0.533634,-0.485299,-0.242138,-0.706376
236,-0.822761,-0.135012,-0.876499,-0.534365,-0.372436,-0.830265
237,-0.606384,-0.410916,-0.904272,-0.503082,-0.272394,-0.901708
238,-0.199683,-0.511079,-1.016014,-0.382608,-0.354487,-0.975736
239,-0.639083,-0.414322,-1.230517,-0.365416,-0.408458,-1.136074
240,-0.298211,-0.330943,-1.194255,-0.260299,-0.317414,-1.17074
241,-0.407838,-0.254447,-0.913118,-0.243887,-0.119071,-1.158942
242,-0.346892,-0.308319,-0.920007,-0.369162,-0.262573,-1.059214
243,-0.381714,0.038655,-1.123346,-0.303988,-0.145751,-1.038052
244,-0.090064,-0.264656,-0.911757,-0.385542,-0.143757,-0.976515
245,-0.190798,-0.387331,-0.99802,-0.292114,-0.17828,-0.914867
246,-0.509452,0.055899,-0.961344,-0.247091,-0.08549,-0.783707
247,-0.250123,-0.308938,-0.743192,-0.384369,-0.382783,-0.845144
248,-0.38209,-0.454679,-0.87933,-0.22716,-0.361602,-0.995339
249,-0.309939,-0.383404,-0.713734,-0.19454,-0.146079,-0.818339
250,-0.060693,-0.258942,-0.84463,-0.123456,-0.147248,-0.797643
251,-0.208315,-0.144746,-0.795809,-0.109966,-0.13654,-0.779131
252,0.284478,0.316869,-0.399335,0.105906,0.142019,-0.474312
253,-0.151671,0.001993,-0.228932,0.003231,0.157481,-0.268082
254,-0.076627,0.205177,-0.1037,0.047162,0.217855,-0.064337
255,-0.014827,0.308824,-0.069271,0.116447,0.207553,0.092636
256,-0.186686,-0.267119,0.088011,-0.073558,0.090071,0.076623
257,0.025652,0.310029,0.294292,-0.194187,0.154961,0.186391
258,0.086913,-0.086019,0.13479,-0.038846,0.091348,0.254549
259,0.308233,0.105626,0.234004,-0.033756,0.055827,0.170128
260,0.462848,0.07375,0.124362,0.009319,0.036748,0.091207
261,-0.202876,0.174069,0.244203,0.003267,0.011381,0.169188
262,0.106446,0.117182,0.270731,0.092362,0.034544,0.183534
263,-0.147693,-0.333349,0.052391,0.087547,0.023244,0.121837
264,-0.091834,-0.161598,-0.135945,0.063687,-0.043882,0.025751
265,-0.017576,0.070449,-0.07554,0.10844,0.049718,-0.022188
266,-0.126103,0.12078,0.216203,0.085328,0.150027,0.12729
267,-0.030999,0.20436,0.107615,0.179379,0.132719,0.161815
268,0.024214,0.235146,0.147997,0.053071,0.116741,0.217401
269,-0.066847,0.312585,0.131132,0.176497,0.221318,0.313267
270,0.202852,0.056935,0.488164,0.034427,0.089076,0.312899
271,-0.172775,-0.286969,0.342681,0.010776,-0.010019,0.260109
272,0.521216,-0.148347,0.252498,-0.040698,-0.080025,0.175508
273,-0.167104,0.023805,0.216149,-0.076827,-0.03865,0.119376
274,-0.168684,-0.285943,0.127255,-0.183087,-0.122375,0.069585
275,-0.540055,-0.262458,-0.296629,-0.280986,-0.357149,-0.272197
276,0.091241,-0.114217,-0.415247,-0.249977,-0.250476,-0.398871
277,0.12034,-0.404559,-0.574563,-0.10356,-0.423589,-0.531807
278,0.122323,-0.765258,-0.321219,0.06294,-0.305691,-0.584693
279,-0.288004,-0.439586,-0.556142,-0.018644,-0.247873,-0.611733
280,0.168103,0.380521,-0.478573,0.125969,0.097593,-0.432193
281,0.079592,0.061537,-0.078986,0.303878,0.143518,-0.125535
282,0.556632,-0.133509,-0.048353,0.264161,0.164113,0.052734
283,0.717469,0.519161,0.435338,0.55563,0.333874,0.284887
284,0.616055,0.311847,0.41163,0.596967,0.309844,0.477737
285,0.140855,0.512211,0.745088,0.62813,0.34647,0.694979
286,0.370033,0.418452,0.985627,0.566716,0.376908,0.879029
287,0.4539,0.418799,0.930876,0.316348,0.350015,0.892399
288,0.38306,0.265763,0.861318,0.140483,0.211311,0.851871
289,0.278918,0.310507,0.729827,0.057084,0.205884,0.728747
290,-0.307721,0.389274,0.60099,0.010681,0.047659,0.606634
291,0.09781,0.079941,0.438496,0.037499,-0.06571,0.496166
292,0.243153,-0.447086,0.157048,0.04005,-0.210035,0.201996
293,-0.296854,-0.049671,0.253012,0.034813,-0.11667,0.105053
294,0.026952,0.144003,0.112668,0.028533,-0.027219,0.123522
295,-0.030662,0.023969,-0.129732,-0.08543,-0.156436,-0.051153
296,-0.108149,-0.032113,-0.107779,-0.047996,0.031878,-0.056149
297,-0.663799,-0.067728,-0.156442,-0.293366,-0.24247,-0.266479
298,-0.384942,-0.118853,-0.336662,-0.319802,-0.258015,-0.404222
299,-0.384458,0.266105,-0.424831,-0.318997,-0.119772,-0.480864
300,-0.402943,-0.236498,-0.62389,-0.373329,-0.123997,-0.598138
301,-0.409721,-0.216962,-0.558377,-0.297027,-0.140851,-0.615714
302,-0.197099,-0.211113,-0.558209,-0.108497,-0.165195,-0.493853
303,-0.128131,-0.31989,-0.564764,-0.12019,-0.246356,-0.538803
304,-0.127305,-0.396596,-0.488915,-0.215796,-0.263092,-0.585896
305,-0.199543,-0.649762,-0.47733,-0.138658,-0.23536,-0.564758
306,-0.090971,-0.041967,-0.513716,-0.009041,0.023238,-0.415525
307,0.146677,-0.082596,-0.477227,0.128206,-0.137999,-0.391674
308,-0.355499,-0.122455,-0.34954,0.028685,-0.048472,-0.360411
309,0.104607,0.457049,-0.03899,0.0092,0.166742,-0.211604
310,0.049547,0.077048,-0.309601,0.04966,0.075042,-0.118044
311,0.053234,0.289596,0.048693,0.045295,0.095942,0.02086
312,0.397652,0.179798,0.019954,0.205505,0.140585,0.157559
313,-0.320695,0.206426,0.164834,0.069868,0.082465,0.228267
314,-0.245289,0.149123,0.274005,0.149478,0.107237,0.310448
315,0.238368,0.434049,0.371862,0.183607,0.228731,0.413913
316,0.128253,0.195244,0.250583,0.129677,0.186853,0.303963
317,0.189033,-0.150498,0.076259,0.154997,-0.224916,0.075539
318,0.092249,0.045647,-0.018933,0.184675,-0.009303,0.034593
319,0.227868,0.117659,-0.043322,0.094997,0.160902,0.102923
320,0.496317,0.233943,0.329283,0.309789,0.173196,0.251296
321,0.537294,0.567008,0.430231,0.440498,0.23185,0.354944
322,0.33331,0.187447,0.491134,0.385475,0.228006,0.406817
323,-0.100193,0.199107,0.34996,0.321345,0.136187,0.504034
324,0.446518,0.316282,0.550152,0.292671,0.127615,0.52026
325,0.530062,0.382242,0.596565,0.285716,0.211204,0.528968
326,0.281898,0.263723,0.461017,0.152986,0.261966,0.564137
327,-0.179925,-0.183343,0.561679,-0.003997,0.174165,0.560761
328,-0.02191,0.140536,0.473943,-0.156669,0.06303,0.48557
329,0.068543,-0.269277,0.513567,-0.103563,0.063644,0.329352
330,0.25166,0.20402,0.411536,-0.060103,-0.016471,0.219086
331,-0.142259,0.175002,0.179935,0.032963,0.149581,0.34637
332,0.115857,0.262112,0.632435,0.161147,0.112161,0.383042
333,0.371169,-0.000604,0.333149,0.221715,0.134713,0.424672
334,0.293401,-0.086872,0.530726,0.281919,0.146004,0.432659
335,-0.011186,0.23919,0.585821,0.21228,0.200077,0.488771
336,0.307996,0.229528,0.435004,0.225073,0.234568,0.534573
337,0.393923,0.164894,0.590196,0.27819,0.238625,0.540869
338,0.412194,0.200318,0.511917,0.394602,0.187619,0.52267
339,0.294554,0.482011,0.559753,0.250637,0.066896,0.50432
340,0.146447,0.1844,0.526757,0.198188,0.059221,0.503689
341,0.508013,0.282347,0.64801,0.212357,0.124923,0.528376
342,0.072596,0.054077,0.426309,0.252735,-0.072514,0.418769
343,-0.108024,0.192101,0.304975,0.00944,-0.029819,0.321762
344,0.115247,0.109258,0.468649,0.11305,0.137769,0.359043
345,0.227499,-0.175301,0.395676,0.051708,0.132913,0.337637
346,-0.253076,0.150702,0.414177,0.046398,0.17899,0.340995
347,-0.139733,0.315693,0.28003,0.122326,0.193933,0.346488
348,-0.200063,0.083598,0.333791,0.207483,0.229068,0.438318
349,0.117042,0.035309,0.319981,0.110503,0.061764,0.376754
350,-0.069949,-0.122332,0.282655,0.153712,-0.018567,0.344737
351,-0.062745,0.199864,0.350005,0.014165,-0.025441,0.271385
352,0.389537,0.039145,0.403123,0.257261,-0.073274,0.305524
353,0.118211,0.176167,0.323346,0.24652,0.078436,0.338859
354,0.312597,0.196992,0.592025,0.26634,0.103752,0.448933
355,0.134192,0.21773,0.614246,0.194059,0.223317,0.477399
356,0.303051,0.084684,0.490261,0.168628,0.055051,0.465921
357,0.391303,-0.069105,0.394296,0.296278,0.108673,0.476485
358,0.016802,-0.250003,0.529105,0.155188,0.077964,0.371568
359,0.014651,0.098687,0.404867,0.048382,0.076175,0.410969
360,0.533213,0.125367,0.516434,0.324465,0.076768,0.503817
361,0.395069,0.299567,0.51309,0.316393,0.118177,0.547051
362,0.011553,0.393112,0.46514,0.290946,0.157412,0.554119
363,0.253164,0.196455,0.333979,0.12204,-0.039044,0.480843
364,-0.134756,-0.204185,0.437579,0.082166,-0.054481,0.374293
365,0.435945,-0.016011,0.237394,0.153443,0.036829,0.315734
366,0.465548,0.326601,0.762689,0.260728,0.254551,0.456736
367,0.389998,0.730864,0.55523,0.332021,0.351078,0.663837
368,0.391676,0.565457,0.675082,0.360229,0.343442,0.80082
369,0.172666,0.474045,0.819841,0.214472,0.306135,0.768827
370,0.24927,0.259326,0.991464,0.113565,0.317494,0.838533
371,0.176793,0.074384,0.773294,0.250949,0.206864,0.766836
372,0.248924,0.292514,0.802093,0.20181,0.174178,0.744869
373,0.469384,-0.025638,0.557872,0.294997,0.139461,0.742227
374,0.054273,0.128987,0.641889,0.166635,0.164753,0.70964
375,-0.048249,0.064074,0.506785,0.07499,0.08129,0.614146
376,-0.198398,0.468859,0.419946,0.040475,0.229922,0.609451
377,-0.200856,-0.144377,0.41137,0.012038,-0.091173,0.399672
378,-0.381152,-0.484701,0.102039,-0.015473,-0.118814,0.326321
379,0.115546,0.135979,0.155995,-0.030419,0.060312,0.288214
380,0.338128,-0.090673,0.179401,-0.023655,0.01418,0.23312
381,0.435656,-0.173299,-0.056439,0.15059,-0.179694,0.02669
382,-0.244003,-0.077036,0.079726,0.081214,-0.06403,0.040085
383,0.265372,-0.075375,0.120499,0.120401,-0.034319,0.089941
384,0.495802,0.183212,0.284072,0.211381,0.06466,0.194692
385,0.126145,-0.188496,0.330101,0.217507,0.041434,0.254863
386,0.227107,0.005344,0.474431,0.206818,0.082896,0.36035
387,-0.46053,-0.0154,0.157941,-0.058951,-0.118006,0.158133
388,-0.036035,-0.203391,0.007972,-0.089382,-0.111278,-0.022375
389,-0.391672,-0.436732,0.022625,-0.17896,-0.195411,-0.028526
390,0.059037,-0.032864,-0.089586,0.01911,-0.133147,-0.103752
391,-0.409962,-0.118239,-0.291461,-0.097721,-0.286703,-0.251741
392,-0.079162,-0.214906,-0.456273,-0.187734,-0.208157,-0.423028
393,-0.040256,-0.45689,-0.532281,-0.245158,-0.162763,-0.450525
394,-0.335531,-0.161204,-0.444853,-0.178895,-0.267099,-0.487015
395,-0.468411,-0.391555,-0.519036,-0.241027,-0.142572,-0.509635
396,-0.785767,-0.162955,-0.631307,-0.354563,-0.209274,-0.564989
397,-0.311093,-0.329199,-0.591229,-0.25781,-0.196079,-0.525004
398,-0.247597,-0.337064,-0.611337,-0.131278,-0.163088,-0.490297
399,-0.234975,0.070787,-0.272171,0.075229,0.137073,-0.370055
400,0.065657,0.18205,-0.241314,-0.024947,0.209544,-0.249175
401,-0.244701,-0.08689,-0.29068,-0.154706,0.009741,-0.2044
402,-0.364623,-0.016723,-0.198785,-0.149475,-0.105029,-0.27964
403,-0.316676,-0.269104,-0.307924,-0.205762,-0.202194,-0.25188
404,0.058827,0.087977,-0.42722,-0.155434,-0.059051,-0.28657
405,-0.037899,-0.106251,-0.36563,-0.158487,-0.148427,-0.467752
406,-0.306444,-0.444041,-0.766192,-0.280439,-0.339407,-0.712482
407,-0.24811,-0.278678,-0.761877,-0.371931,-0.148787,-0.720987
408,-0.437864,-0.342124,-0.62218,-0.205681,-0.095,-0.626298
409,-0.268729,-0.034056,-0.444217,-0.275203,-0.077666,-0.558476
410,-0.275883,-0.127671,-0.514779,-0.305347,-0.074483,-0.516783
411,-0.423735,-0.604278,-0.782722,-0.329768,-0.248449,-0.66281
412,-0.201049,-0.258323,-0.662098,-0.288141,-0.177966,-0.716486
413,-0.412755,-0.244085,-0.696576,-0.256668,-0.108929,-0.648077
414,0.026151,0.286841,-0.369652,-0.075813,0.050489,-0.558444
415,0.210499,-0.253232,-0.373506,0.100127,0.002185,-0.373394
416,-0.486519,-0.227251,-0.598745,0.096913,-0.011049,-0.375242
417,0.308126,0.026052,-0.2723,0.070065,-0.140443,-0.308037
418,-0.394789,0.118023,-0.036669,0.214738,-0.085491,-0.231129
419,-0.002485,-0.181124,0.00087,0.120725,-0.069377,-0.156722
420,0.309868,0.075903,0.139924,0.104799,0.170716,-0.043171
421,0.130795,0.24581,0.018814,0.194252,0.153375,0.12079
422,-0.163126,-0.2383,0.263477,0.130111,0.110765,0.172262
423,-0.185253,-0.14754,0.170641,0.033494,0.131639,0.24284
424,0.294882,0.204256,0.430252,0.089501,0.246366,0.407823
425,-0.341245,0.405889,0.263097,0.043056,0.173405,0.390392
426,0.266884,-0.026306,0.356615,0.041086,0.039053,0.421061
427,0.062327,0.034868,0.353438,0.073347,0.019728,0.421063
428,-0.389528,-0.066793,0.317858,-0.151049,-0.236861,0.228002
429,-0.24652,0.183678,0.103997,-0.129897,-0.132355,0.023925
430,-0.322676,0.011877,0.113388,-0.119231,0.098404,0.085706
431,0.082908,-0.02433,-0.115176,-0.090337,-0.021805,0.019866
432,-0.147738,0.199903,-0.068544,-0.294223,-0.073405,-0.03738
433,-0.766195,-0.457883,-0.361638,-0.422363,-0.229553,-0.287027
434,-0.55738,-0.09829,-0.46842,-0.476662,-0.252427,-0.555387
435,-0.540206,-0.313846,-0.493109,-0.367569,-0.161099,-0.610928
436,-0.320181,-0.338485,-0.614163,-0.578883,-0.353856,-0.719802
437,-1.068814,-0.487711,-1.095781,-0.798794,-0.451318,-1.020259
438,-0.317611,-0.62841,-1.440008,-0.638457,-0.484708,-1.166055
439,-0.524724,-0.361616,-1.330376,-0.518066,-0.214151,-1.15368
440,-0.661041,-0.342715,-0.99908,-0.428655,-0.384177,-1.141243
441,-0.597295,-0.237385,-1.239958,-0.46184,-0.386716,-1.199833
442,-0.732268,-0.361525,-1.271986,-0.571944,-0.342064,-1.196914
443,-0.74038,-0.465042,-1.134326,-0.485457,-0.475559,-1.298592
444,-0.343743,-0.448715,-1.305833,-0.362708,-0.534391,-1.432349
445,-0.484366,-0.457564,-1.326503,-0.238783,-0.311821,-1.328948
446,-0.465028,-0.006788,-1.124266,-0.028955,-0.117742,-1.094926
447,0.16908,0.116155,-0.883415,0.245015,-0.006747,-0.870205
448,-0.097278,0.510058,-0.587368,0.263293,0.119514,-0.610084
449,-0.016708,0.274443,-0.119546,0.133724,0.330858,-0.279551
450,-0.134697,0.202447,-0.041847,0.047123,0.271159,-0.084094
451,-0.157121,0.312289,0.04263,0.017123,0.196944,-0.029973
452,0.450866,0.427835,0.278877,0.050673,0.304969,0.16195
453,0.019267,0.023906,0.045757,0.007985,0.104169,0.162725
454,0.030864,-0.051633,0.25226,-0.01821,0.008841,0.176774
455,-0.54499,0.114877,0.07189,-0.18971,0.033708,0.101346
456,-0.263837,-0.259896,-0.198589,-0.133044,-0.135758,0.053021
457,0.047884,-0.032053,-0.23041,0.004824,0.029527,-0.017593
458,-0.117652,0.094864,-0.137986,0.087253,0.081425,-0.036175
459,0.257711,0.249386,0.117204,0.076098,0.099995,0.064081
460,-0.154325,0.014295,0.206061,0.086215,0.104985,0.194681
461,0.142923,-0.450512,0.111272,0.200197,-0.174154,0.092835
462,0.046501,-0.500663,0.200228,0.163712,-0.213173,0.005133
463,0.305081,-0.32249,-0.118328,0.272216,-0.133578,0.008581
464,0.025314,-0.284932,0.064695,0.153412,-0.087957,0.067438
465,0.029637,0.004196,0.02129,0.083815,0.027388,-0.009153
466,0.21444,-0.025873,0.038487,0.261666,0.152459,0.112115
467,0.146176,-0.08225,0.221844,0.293054,0.023164,0.219011
468,0.328369,-0.055533,0.067191,0.23135,0.06058,0.227186
469,0.197827,0.078726,0.437965,0.15015,0.144802,0.296975
470,0.182587,0.32999,0.300947,0.20031,0.131614,0.369109
471,0.052302,0.429591,0.612859,0.138394,0.330298,0.409719
472,0.409957,0.379554,0.520616,0.250648,0.377134,0.523864
473,0.401344,0.353515,0.87149,0.448511,0.422669,0.768685
474,0.345122,0.246566,0.836215,0.406462,0.311551,0.841545
475,0.425807,0.466517,0.968878,0.404869,0.417355,0.971953
476,0.612555,0.460717,1.00641,0.273237,0.373091,1.064813
477,0.043308,0.218367,1.089747,0.31138,0.354509,1.077835
478,0.341314,0.15211,0.923082,0.187343,0.146638,0.891282
479,-0.186331,-0.182078,0.712394,0.192303,0.122665,0.79082
480,-0.079034,-0.068389,0.601623,-0.122489,-0.100146,0.614127
481,0.138314,0.047298,0.291905,-0.176703,-0.067025,0.352915
482,0.082572,-0.094474,0.497536,-0.015162,-0.052464,0.26757
483,0.253057,0.463571,0.329087,0.218932,0.191092,0.33806
484,0.025627,-0.027879,0.530163,0.137717,0.104307,0.37564
485,0.119632,0.079272,0.400321,0.113423,0.046656,0.419883
486,0.040247,0.275111,0.524747,0.09066,0.280485,0.498818
487,0.10293,0.238967,0.494097,0.260126,0.254012,0.626234
488,0.103677,0.072977,0.556658,0.161652,0.090126,0.601365
489,0.284018,0.138457,0.54789,0.244342,0.122391,0.526837
490,-0.069561,0.07084,0.480288,0.083882,-0.056353,0.321688
491,-0.074814,0.316921,0.351296,0.086442,0.11026,0.329098
492,-0.420292,-0.008756,0.359652,-0.148243,-0.008419,0.22128
493,0.154326,-0.004772,0.173265,0.076181,-0.127069,0.109192
494,0.348213,-0.052057,0.352693,0.239148,0.053208,0.189953
495,0.273024,0.242499,0.29408,0.226692,0.127606,0.299984
496,0.316108,0.074232,0.529239,0.123074,0.188531,0.290217
497,0.161177,0.31882,0.25915,0.143603,0.155221,0.30769
498,0.205377,0.385045,0.16804,0.126974,0.053449,0.244686
499,0.139683,-0.078313,0.076667,0.078916,-0.06,0.197672
